ברקוד,מותג,יצרן,שם מוצר,מועד עדכון ברקודים,סטאטוס סימון
125820,משק יעקבס,משק יעקבס,"1258200 גבינת שמנת 2ק""ג",ברקודים חדשים,מסמן על אריזות
130248,מצות אביב,500 גרם,קמח מצה חמץ,ברקודים חדשים,מסמן בפועל
130606,מצות אביב,200 גרם,קמח מצה חמץ,ברקודים חדשים,מסמן בפועל
212173,מנעמים,מנעמים,ופל בטעם שוקולד 500 גר,ברקודים חדשים,
212401,מנעמים,מנעמים,ופל מצופית שוקו 400 גר,ברקודים חדשים,מסמן על אריזות
212579,מנעמים,מנעמים,ופל מצופה 20 גר*40 יח,ברקודים חדשים,
214115,פרי גליל,ויטה-2,מרק עוף צנצ . 400ויטה,ברקודים חדשים,מסמן על רב המוצרים
214115,פרי גליל,ויטה-2,מרק עוף צנצ . 400כשלפ,ברקודים חדשים,מסמן על רב המוצרים
218502,פרי גליל,ויטה-2,חמין א -2ויטה בדצ,ברקודים חדשים,מסמן על רב המוצרים
223216,פרי גליל,טל-14,חומץ 1ל טל,ברקודים חדשים,מסמן על רב המוצרים
223216,פרי גליל,טל-14,חומץ 1ל טל כשלפ,ברקודים חדשים,מסמן על רב המוצרים
223315,פרי גליל,טל-14,ר.לימון משומר 1ליטר טל,ברקודים חדשים,מסמן על רב המוצרים
288048,סנו,סנו,סנו ז'אוול מרסס 1 ליטר,ברקודים חדשים,
288079,סנו,סנו,סנו ז'אוול 2 ליטר,ברקודים חדשים,
288492,סנו,סנו,"סנובון נוזלי 750 מ""ל",ברקודים חדשים,
292687,סנו,סנו,סנובון כחול שלישייה,ברקודים חדשים,
295367,סנו,סנו,"סנו מקסימה אבקת כביסה 2.5 ק""ג",ברקודים חדשים,
303581,פרי גליל,פרי הגליל-1,פול מצרי א -2פג,ברקודים חדשים,מסמן על רב המוצרים
303598,פרי גליל,פרי הגליל-1,שע .ברוטב א -2אגודה,ברקודים חדשים,מסמן על רב המוצרים
303598,פרי גליל,פרי הגליל-1,שע .ברוטב א -2רבנות,ברקודים חדשים,מסמן על רב המוצרים
303604,פרי גליל,פרי הגליל-1,חומוס א -2אגודה פג,ברקודים חדשים,מסמן על רב המוצרים
303604,פרי גליל,פרי הגליל-1,חומוס א -2רבנות פג,ברקודים חדשים,מסמן על רב המוצרים
307015,פרי גליל,פרי הגליל-1,אפונה א -2פג,ברקודים חדשים,מסמן על רב המוצרים
307046,פרי גליל,פרי הגליל-1,אפונה וגזר א -2פג,ברקודים חדשים,מסמן על רב המוצרים
307046,פרי גליל,פרי הגליל-1,אפונה וגזר א- 2פג רבנות,ברקודים חדשים,מסמן על רב המוצרים
307220,פרי גליל,פרי הגליל-1,תירס 12אונק פג,ברקודים חדשים,מסמן על רב המוצרים
307220,פרי גליל,פרי הגליל-1,תירס 12אונק פג רבנות,ברקודים חדשים,מסמן על רב המוצרים
307237,פרי גליל,פרי הגליל-1,תירס א -2פג,ברקודים חדשים,מסמן על רב המוצרים
307237,פרי גליל,פרי הגליל-1,תירס א- 2פג רבנות,ברקודים חדשים,מסמן על רב המוצרים
307244,פרי גליל,פרי הגליל-1,רסק ת עץ טבעי א -2פג,ברקודים חדשים,מסמן על רב המוצרים
307251,פרי גליל,פרי הגליל-1,רסק ת עץ ממותק א -2פג,ברקודים חדשים,מסמן על רב המוצרים
307275,פרי גליל,פרי הגליל-1,שזיף בסירופ א -2פג,ברקודים חדשים,מסמן על רב המוצרים
307336,פרי גליל,פרי הגליל-1,שע צהובה א -2פג,ברקודים חדשים,מסמן על רב המוצרים
307343,פרי גליל,פרי הגליל-1,שע ירוקה א -2פג,ברקודים חדשים,מסמן על רב המוצרים
307800,פרי גליל,פרי הגליל-1,פול 800פג,ברקודים חדשים,מסמן על רב המוצרים
307800,פרי גליל,פרי הגליל-1,פול 800פג מחפוד,ברקודים חדשים,מסמן על רב המוצרים
307985,פרי גליל,פרי הגליל-1,תירס 12אונק ל מלח פג,ברקודים חדשים,מסמן על רב המוצרים
307985,פרי גליל,פרי הגליל-1,תירס 12אונק ל מלח פג רבנות,ברקודים חדשים,מסמן על רב המוצרים
355009,פרי גליל,טל-14,רס.עגב. 100ג BX22טל (פח),ברקודים חדשים,מסמן על רב המוצרים
355382,פרי גליל,טל-14,עגב.מרוסקות בזיל. א- 2.5טל,ברקודים חדשים,מסמן על רב המוצרים
355399,פרי גליל,טל-14,ר.טומטו מקס א-2.5,ברקודים חדשים,מסמן על רב המוצרים
355405,פרי גליל,טל-14,עגב.מרוסקות בצל א- 2.5טל,ברקודים חדשים,מסמן על רב המוצרים
355412,פרי גליל,טל-14,עגב.מרוסקות שום א- 2.5טל,ברקודים חדשים,מסמן על רב המוצרים
355481,פרי גליל,טומטו-16,רוטב עגב. א- BX22 2טומטו (רבנות),ברקודים חדשים,מסמן על רב המוצרים
355481,פרי גליל,טומטו-16,רוטב עגב. א- BX22 2טומטו רובין,ברקודים חדשים,מסמן על רב המוצרים
355498,פרי גליל,טומטו-16,רוטב עגב. א- BX28 2טומטו (רבנות),ברקודים חדשים,מסמן על רב המוצרים
355498,פרי גליל,טומטו-16,רוטב עגב. א- BX28 2טומטו רובין,ברקודים חדשים,מסמן על רב המוצרים
355504,פרי גליל,טל-14,רס.עגב. א- BX22 2טל,ברקודים חדשים,מסמן על רב המוצרים
355511,פרי גליל,טל-14,רכ.עגב.א- BX28 2טל (12יח),ברקודים חדשים,מסמן על רב המוצרים
355511,פרי גליל,טל-14,רכ.עגב.א- BX28 2טל ( 24יחידות),ברקודים חדשים,מסמן על רב המוצרים
355719,פרי גליל,טל-14,עגב.קוביות א- 2.5טל (רובין),ברקודים חדשים,מסמן על רב המוצרים
355733,פרי גליל,טל-14,עגב.מקולפות א- 2.5טל,ברקודים חדשים,מסמן על רב המוצרים
355733,פרי גליל,טל-14,עגב.מקולפות א- 2.5טל רובין,ברקודים חדשים,מסמן על רב המוצרים
355757,פרי גליל,טל-14,עגב.מרוסקות א- 2.5טל (רובין),ברקודים חדשים,מסמן על רב המוצרים
355863,פרי גליל,טל-14,מיץ.עגבניות 1ליטר,ברקודים חדשים,מסמן על רב המוצרים
356631,פרי גליל,טל-14,עגב.מרוסקת 300X2טל,ברקודים חדשים,מסמן על רב המוצרים
356648,פרי גליל,טל-14,עגב.מרוסקות שום 300X2טל,ברקודים חדשים,מסמן על רב המוצרים
356662,פרי גליל,טל-14,עגב.מרוסקת בזיל. 300X2טל,ברקודים חדשים,מסמן על רב המוצרים
356679,פרי גליל,טל-14,ר.עגבניות לבישול 300X2,ברקודים חדשים,מסמן על רב המוצרים
356730,פרי גליל,טל-14,רס.עגב. 330X2טל,ברקודים חדשים,מסמן על רב המוצרים
356952,פרי גליל,טל-14,עגב.מגורדות 300X2טל,ברקודים חדשים,מסמן על רב המוצרים
1006337,PL אוסטיב עוף טוב,שופרסל,חזה הודו בדבש שופרסל קג,ברקודים חדשים,
1006344,PL אוסטיב עוף טוב,שופרסל,חזה הודו ברביקיו שופרסל,ברקודים חדשים,
1006351,PL אוסטיב עוף טוב,שופרסל,חזה הודו פפריקה שופרסל ק,ברקודים חדשים,
1006368,PL אוסטיב עוף טוב,שופרסל,פסטרמה איטלקית שופרסל קג,ברקודים חדשים,
1006375,PL אוסטיב עוף טוב,שופרסל,פסטרמה מקסיקני שופרסל קג,ברקודים חדשים,
1136287,סנו,סנו,"נקה 7 שמפו 750 מ""ל",ברקודים חדשים,
1258019,משק יעקבס,משק יעקבס,1258019   קממברט עיזים בייבי -מעדניה,ברקודים חדשים,מסמן על אריזות
1258026,משק יעקבס,משק יעקבס,1258026   גבינת משק יחידות,ברקודים חדשים,מסמן על אריזות
1258088,משק יעקבס,משק יעקבס,1258088   קצ'וטה,ברקודים חדשים,מסמן על אריזות
1258101,משק יעקבס,משק יעקבס,1258101 גאודה טבעי,ברקודים חדשים,מסמן על אריזות
1258118,משק יעקבס,משק יעקבס,1258118 קממברט,ברקודים חדשים,מסמן על אריזות
1258149,משק יעקבס,משק יעקבס,1258149   פקורינו רומנו,ברקודים חדשים,מסמן על אריזות
1258150,משק יעקבס,משק יעקבס,1258149   סרדו,ברקודים חדשים,מסמן על אריזות
1258170,משק יעקבס,משק יעקבס,1258170   רוקפור,ברקודים חדשים,מסמן על אריזות
1258217,משק יעקבס,משק יעקבס,"1258217  לבנה עיזים 2 ק""ג",ברקודים חדשים,מסמן על אריזות
1258224,משק יעקבס,משק יעקבס,"1258224   לבנה בקר 2 ק""ג",ברקודים חדשים,מסמן על אריזות
1258248,משק יעקבס,משק יעקבס,1258248  אופיר,ברקודים חדשים,מסמן על אריזות
1258385,משק יעקבס,משק יעקבס,"1258385  מוצרלה במים (ק""ג2)",ברקודים חדשים,מסמן על אריזות
1258408,משק יעקבס,משק יעקבס,"1258408   גבינת משק 2 ק""ג",ברקודים חדשים,מסמן על אריזות
1258415,משק יעקבס,משק יעקבס,1258415   רוקפור ואקום 0.180,ברקודים חדשים,מסמן על אריזות
1258422,משק יעקבס,משק יעקבס,1258422   קשקבל,ברקודים חדשים,מסמן על אריזות
1258446,משק יעקבס,משק יעקבס,"1258446   יוגורט כבשים .850 מ""ל",ברקודים חדשים,מסמן על אריזות
1258453,משק יעקבס,משק יעקבס,1258453   קממברט אגוזים,ברקודים חדשים,מסמן על אריזות
1258514,משק יעקבס,משק יעקבס,"1258514  ריקוטה 2 ק""ג",ברקודים חדשים,מסמן על אריזות
1258545,משק יעקבס,משק יעקבס,1258545   קרם פרש 500 גרם,ברקודים חדשים,מסמן על אריזות
1258576,משק יעקבס,משק יעקבס,1258576  גאודה  ואקום 0.200 גרם,ברקודים חדשים,מסמן על אריזות
1258590,משק יעקבס,משק יעקבס,1258590   מנצגו,ברקודים חדשים,מסמן על אריזות
1258620,משק יעקבס,משק יעקבס,1258620   מנצגו ואקום  0.180,ברקודים חדשים,מסמן על אריזות
1258668,משק יעקבס,משק יעקבס,1258668   עז מה 250.0 גרם,ברקודים חדשים,מסמן על אריזות
1258682,משק יעקבס,משק יעקבס,"1258682    יוגורט עזים 500.0 מ""ל",ברקודים חדשים,מסמן על אריזות
1258729,משק יעקבס,משק יעקבס,1258729   לבנה עזים 250.0 גרם,ברקודים חדשים,מסמן על אריזות
1258798,משק יעקבס,משק יעקבס,"1258798  פטה כבשים 0.250ג""ר",ברקודים חדשים,מסמן על אריזות
1258804,משק יעקבס,משק יעקבס,1258804  קשקבל ואקום 0.18גרם,ברקודים חדשים,מסמן על אריזות
1258811,משק יעקבס,משק יעקבס,1258811  כדורי מוצרלה בייבי (2),ברקודים חדשים,מסמן על אריזות
1258842,משק יעקבס,משק יעקבס,1258842  קפרינו,ברקודים חדשים,מסמן על אריזות
1258859,משק יעקבס,משק יעקבס,1258859   עמית מורבייה,ברקודים חדשים,מסמן על אריזות
1258866,משק יעקבס,משק יעקבס,1258866   פקורינו ואקום 0.180,ברקודים חדשים,מסמן על אריזות
1258958,משק יעקבס,משק יעקבס,1258958  מוצרלה מגורדת 0.200 גרם,ברקודים חדשים,מסמן על אריזות
1258989,משק יעקבס,משק יעקבס,1258989קממברט בקר בייבי-מעדניה,ברקודים חדשים,מסמן על אריזות
2239185,פרי גליל,פרי הגליל-1,אפונה 800פג,ברקודים חדשים,מסמן על רב המוצרים
2239185,פרי גליל,פרי הגליל-1,אפונה 800פג רבנות,ברקודים חדשים,מסמן על רב המוצרים
2239185,פרי גליל,פרי הגליל-1,אפונה 800פג מחפוד,ברקודים חדשים,מסמן על רב המוצרים
2239215,פרי גליל,פרי הגליל-1,אפונה וגזר 800פג רבנות,ברקודים חדשים,מסמן על רב המוצרים
2239215,פרי גליל,פרי הגליל-1,אפונה וגזר 800פג מחפוד,ברקודים חדשים,מסמן על רב המוצרים
2239215,פרי גליל,פרי הגליל-1,אפונה וגזר 800פג,ברקודים חדשים,מסמן על רב המוצרים
2239277,פרי גליל,פרי הגליל-1,ג .גמדי 800פג,ברקודים חדשים,מסמן על רב המוצרים
2239277,פרי גליל,פרי הגליל-1,ג. גמדי 800פג שארית ישראל,ברקודים חדשים,מסמן על רב המוצרים
2239277,פרי גליל,פרי הגליל-1,ג.גמדי 800פג רבנות,ברקודים חדשים,מסמן על רב המוצרים
2239277,פרי גליל,פרי הגליל-1,ג.גמדי 800פג מחפוד,ברקודים חדשים,מסמן על רב המוצרים
2239307,פרי גליל,פרי הגליל-1,שע צהובה 800פג,ברקודים חדשים,מסמן על רב המוצרים
2239307,פרי גליל,פרי הגליל-1,שע.צהובה 800פג רבנות,ברקודים חדשים,מסמן על רב המוצרים
2239307,פרי גליל,פרי הגליל-1,שע צהובה 800פג מחפוד,ברקודים חדשים,מסמן על רב המוצרים
2239338,פרי גליל,פרי הגליל-1,שע ירוקה 800פג,ברקודים חדשים,מסמן על רב המוצרים
2239338,פרי גליל,פרי הגליל-1,שע ירוקה 800פג מחפוד,ברקודים חדשים,מסמן על רב המוצרים
2239369,פרי גליל,פרי הגליל-1,שע שלמה 800פג,ברקודים חדשים,מסמן על רב המוצרים
2239369,פרי גליל,פרי הגליל-1,שע.ירוקה שלמה 800פג רבנות,ברקודים חדשים,מסמן על רב המוצרים
2239369,פרי גליל,פרי הגליל-1,שע שלמה 800פג מחפוד,ברקודים חדשים,מסמן על רב המוצרים
2239420,פרי גליל,פרי הגליל-1,תירס 800פג,ברקודים חדשים,מסמן על רב המוצרים
2239420,פרי גליל,פרי הגליל-1,תירס 800פג רבנות,ברקודים חדשים,מסמן על רב המוצרים
2239482,פרי גליל,פרי הגליל-1,כרובית 800פג רבנות,ברקודים חדשים,מסמן על רב המוצרים
2435112,פרי גליל,ט. טעם-15,רוטב עגב. א- BX22 2ויטה,ברקודים חדשים,מסמן על רב המוצרים
2435129,פרי גליל,ט. טעם-15,רוטב עגב. א- BX28 2ויטה,ברקודים חדשים,מסמן על רב המוצרים
2814221,קומפלקס כימיקליים,קומפלקס כימיקליים,רצפות אורנים 2 ליטר,ברקודים חדשים,
2967255,סלטי שמיר,סלטי שמיר,"סלמון פילה אפוי שלם 1ק""ג",ברקודים חדשים,
3385454,פרי גליל,פרי הגליל-1,לקט כרמל 800פג,ברקודים חדשים,מסמן על רב המוצרים
3385881,פרי גליל,פרי הגליל-1,במיה ברוטב א -2פג,ברקודים חדשים,מסמן על רב המוצרים
3385898,פרי גליל,פרי הגליל-1,רסק פלפל חריף א -2פג,ברקודים חדשים,מסמן על רב המוצרים
3385973,פרי גליל,פרי הגליל-1,תפוחון פרוס 800,ברקודים חדשים,מסמן על רב המוצרים
3648184,סלטי שמיר,סלטי שמיר,סלמון מעושן 100גרם,ברקודים חדשים,
3648207,סלטי שמיר,סלטי שמיר,"מטיאס הולנדי 2.5ק""ג שקיל",ברקודים חדשים,
3648214,סלטי שמיר,סלטי שמיר,"הרינג כבוש עם בצל שקיל 2.5ק""ג",ברקודים חדשים,
3648221,סלטי שמיר,סלטי שמיר,"מקרל פרוס בשמן 2.5ק""ג שקיל",ברקודים חדשים,
3648269,סלטי שמיר,סלטי שמיר,"מעדן מטיאס הולנדי שקיל 2.5ק""ג",ברקודים חדשים,
3648290,סלטי שמיר,סלטי שמיר,"סלמונז 3ק""ג",ברקודים חדשים,
3648306,סלטי שמיר,סלטי שמיר,"מקרל מעושן ( 7) 1ק""ג",ברקודים חדשים,
3648368,סלטי שמיר,סלטי שמיר,"מקרוסקה מפולפלת 1ק""ג",ברקודים חדשים,
3648429,סלטי שמיר,סלטי שמיר,"מרינת חמוץ מתוק 2.5ק""ג שקיל",ברקודים חדשים,
3648498,סלטי שמיר,סלטי שמיר,"בוניטו 1ק""ג",ברקודים חדשים,
3648535,סלטי שמיר,סלטי שמיר,"שפורטים 1ק""ג",ברקודים חדשים,
3648580,סלטי שמיר,סלטי שמיר,"נילוס פרוס מעדנייה ( 1ק""ג)",ברקודים חדשים,
3648658,סלטי שמיר,סלטי שמיר,"סלמון אפוי בואקום 1ק""ג",ברקודים חדשים,
3648931,סלטי שמיר,סלטי שמיר,"סלט מטיונז 2.5 \1.5ק""ג שקיל",ברקודים חדשים,
5068058,פרי גליל,פרי הגליל-1,תירס קל א -2פג,ברקודים חדשים,מסמן על רב המוצרים
5068058,פרי גליל,פרי הגליל-1,תירס קל א- 2פג רבנות,ברקודים חדשים,מסמן על רב המוצרים
5068447,פרי גליל,פרי הגליל-1,תירס קל 12אונק פג,ברקודים חדשים,מסמן על רב המוצרים
5068447,פרי גליל,פרי הגליל-1,תירס קל 12אונק פג- רבנות,ברקודים חדשים,מסמן על רב המוצרים
5068492,פרי גליל,פרי הגליל-1,לקט ירק מעורב 700( 20יח'),ברקודים חדשים,מסמן על רב המוצרים
5068553,פרי גליל,פרי הגליל-1,לקט בורגונדי 700,ברקודים חדשים,מסמן על רב המוצרים
5068621,פרי גליל,פרי הגליל-1,ברוקולי 800פג רבנות,ברקודים חדשים,מסמן על רב המוצרים
5423543,סנו,סנו,משחת שיניים אורביטול להלבנה 145 גר',ברקודים חדשים,
5423871,סנו,סנו,משחת שיניים אורביטול 145 גר' - מארז 3 יח',ברקודים חדשים,
5423888,סנו,סנו,"כיף אלסבון 500 מ""ל - שלישייה במארז.",ברקודים חדשים,
5425646,סנו,סנו,סנוקליר 1 ליטר,ברקודים חדשים,
5425998,סנו,סנו,בייבי כיף אל סבון/ תחליב לתינוקות 1 ליטר,ברקודים חדשים,
5426940,סנו,סנו,סנו k 300 + 8,ברקודים חדשים,
5427558,סנו,סנו,"כיף תחליב רחצה 750 מ""ל",ברקודים חדשים,
5427565,סנו,סנו,"כיף שמפו / קונדישנר 750 מ""ל",ברקודים חדשים,
6453594,פרי גליל,טל-14,שקשוקה 300X2ג טל,ברקודים חדשים,מסמן על רב המוצרים
8493819,מאיר בייגל,מאיר בייגל,מארז בייגלה שטוחלה במגוון טעמים מאיר בייגל (60x24 גרם),ברקודים חדשים,מסמן בפועל
8792264,שניב,שניב,מפיות טאצ' 100 לבן,ברקודים חדשים,
8792714,שניב,שניב,טואלט מותג 48,ברקודים חדשים,
8792776,שניב,שניב,מפיות מותג 50,ברקודים חדשים,
8792783,שניב,שניב,מפיות מותג 100,ברקודים חדשים,
9955217,PL אוסטיב עוף טוב,שופרסל,"סלמי קוניאק שופרסל ק""ג",ברקודים חדשים,
9955231,PL אוסטיב עוף טוב,שופרסל,"סלמי איטלקי שופרסל ק""ג",ברקודים חדשים,
9955255,PL אוסטיב עוף טוב,שופרסל,חזה הודו דבש נתח שלם שופ,ברקודים חדשים,
9955262,PL אוסטיב עוף טוב,שופרסל,חזה הודו ברביקיו נתח שלם,ברקודים חדשים,
9955293,PL אוסטיב עוף טוב,שופרסל,פסטרמה בדבש שופרסל קג,ברקודים חדשים,
9955705,PL אוסטיב עוף טוב,שופרסל,כתף בקר שופרסל לקג,ברקודים חדשים,
11115401,סנו,סנו,נקה 7 סבון מוצק 100 גר' - רביעייה,ברקודים חדשים,
14890077,משק יעקבס,משק יעקבס,7290014890077  ריקוטה 0.400גרם,ברקודים חדשים,מסמן על אריזות
14890145,משק יעקבס,משק יעקבס,7290014890145  שמנת טבעית 225 גרם -חדש,ברקודים חדשים,
14890152,משק יעקבס,משק יעקבס,7290014890152 שמנת זיתים 225 גרם -חדש,ברקודים חדשים,מסמן על אריזות
14890169,משק יעקבס,משק יעקבס,7290014890169 שמנת שום שמיר 225 גרם -חדש,ברקודים חדשים,מסמן על אריזות
14890237,משק יעקבס,משק יעקבס,7290014890237 קממברט בייבי  125 גרם -מדף(,ברקודים חדשים,מסמן על אריזות
72909768,שטראוס,ממתקים - נצרת,"פ""ז PLAY 4/18יח/40ג",ברקודים חדשים,
72917329,שטראוס,ממתקים - נצרת,אגוזי 28 חטיף 45 גרם,ברקודים חדשים,
72917367,שטראוס,ממתקים - נצרת,טעמי 28 חטיף 40 גר',ברקודים חדשים,
72917589,שטראוס,ממתקים - נצרת,מקופלת/24חטיף/25גר',ברקודים חדשים,
72917688,שטראוס,ממתקים - נצרת,אגוזי מגדים 28 חטיף 45 גרם,ברקודים חדשים,
72917893,שטראוס,ממתקים - נצרת,"פ""ז חלב/24חטיף/45ג",ברקודים חדשים,
72918104,שטראוס,ממתקים - נצרת,טעמי מגדים 28 חטיף 40 גר',ברקודים חדשים,
72918388,שטראוס,ממתקים - נצרת,טוויסט/32חטיף/28גר',ברקודים חדשים,
72940754,שטראוס,מחלבה,מילקי בטעם וניל,ברקודים חדשים,
72940761,שטראוס,מחלבה,מילקי בטעם שוקולד,ברקודים חדשים,
72940952,שטראוס,מחלבה,מילקי אקסטרה קצפת,ברקודים חדשים,
72940976,שטראוס,אחלה,כרוב אדום 250 גרם,ברקודים חדשים,כן
72940983,שטראוס,אחלה,חומוס אחלה 250,ברקודים חדשים,כן
72941041,שטראוס,מחלבה,מיני מילקי בטעם שוקולד,ברקודים חדשים,
72961209,תנובה,תנובה,שמנית 15% 200מל בדצ,ברקודים חדשים,
72961216,תנובה,תנובה,אשל 4.5% 200מל  בדצ,ברקודים חדשים,
72961223,תנובה,תנובה,גיל 3% 200מל בדצ,ברקודים חדשים,
72961247,תנובה,תנובה,גיל גביע 125 מל %3,ברקודים חדשים,
72963104,תנובה,תנובה,חמאה מפוסטרת חבילה 100 גרם,ברקודים חדשים,
72963128,תנובה,תנובה,חמאה מפוסטרת חבילה 100 בדצ,ברקודים חדשים,
72963746,תנובה,תנובה,שמנת 15% 200מל,ברקודים חדשים,
72963753,תנובה,תנובה,שמנת אורגינל של פעם 27% 200מל,ברקודים חדשים,
72982457,שטראוס,מחלבה,מילקי קל בטעם שוקולד,ברקודים חדשים,
72983225,שטראוס,מחלבה,מילקי הפוך,ברקודים חדשים,
72991008,שטראוס,ממתקים - נצרת,"פ""ז קלסיק מגדים/24חט./45גר",ברקודים חדשים,
72992357,שטראוס,ממתקים - נצרת,"פ""ז ביג בייט 52 גרם/18יח/52גר'",ברקודים חדשים,
72993637,שטראוס,מחלבה,דני שוקולד,ברקודים חדשים,
72993637,שטראוס,מחלבה,מעדן שוקולד יעודי,ברקודים חדשים,
72993767,שטראוס,ממתקים - נצרת,"פ""ז רול חלב אגוזים",ברקודים חדשים,
72993781,שטראוס,ממתקים - נצרת,פסק זמן רול לבן,ברקודים חדשים,
72994221,שטראוס,ממתקים - נצרת,פסק זמן גלילית אגוזים מגדים 40ג,ברקודים חדשים,
013495113506,יוניליוור,קליק,קליק ביסקויט 75ג,ברקודים חדשים,מסמן בפועל
13495113513,יוניליוור,קליק,קליק כדורים חלב 75 גר,ברקודים חדשים,מסמן בפועל
13495113520,יוניליוור,קליק,קליק קורנפלקס 75 גר,ברקודים חדשים,מסמן בפועל
13495113537,יוניליוור,קליק,קליק חום לבן 75 גר,ברקודים חדשים,מסמן בפועל
013495113551,יוניליוור,קליק,קליק עוגי חדש 75 גר,ברקודים חדשים,מסמן בפועל
013495113582,יוניליוור,קליק,קליק כריות 75 גר,ברקודים חדשים,מסמן בפועל
29424001509,מנעמים,מנעמים,ופל מצופית אגוז 400 גר,ברקודים חדשים,מסמן על אריזות
85678500017,חצר כנרת,חצר כנרת,"מלית תמרים בגביע 450 גרם - כשל""פ",ברקודים חדשים,מסמן בפועל
96086000546,מצות אביב,200 גרם,עוגיות גרנולה אורגניות מקמח כוסמין,ברקודים חדשים,מסמן בפועל
96086000553,מצות אביב,400 גרם,פתי בר אורגני,ברקודים חדשים,מסמן בפועל
96086000560,מצות אביב,200,קרקר חמישה דגנים אורגני,ברקודים חדשים,מסמן בפועל
96086000577,מצות אביב,גרם,קרקר כוסמין אורגני,ברקודים חדשים,מסמן בפועל
96086000584,מצות אביב,200,קרקר שיפון אורגני,ברקודים חדשים,מסמן בפועל
96086000607,מצות אביב,200 גרם,פתי בר אורגני,ברקודים חדשים,מסמן בפועל
96086000621,מצות אביב,180 גרם,ביס ביס – ביסקוויט לתינוקות,ברקודים חדשים,מסמן בפועל
96086000676,מצות אביב,200 גרם,עוגיות קלות ללא סוכר מקמח כוסמן וצ'יה,ברקודים חדשים,מסמן בפועל
96086000966,מצות אביב,200 גרם,קרקר כוסמין מלא ושומשום,ברקודים חדשים,מסמן בפועל
96086001512,מצות אביב,200 גרם,עוגיות קלות אביבה ללא סוכר בטעם לימון,ברקודים חדשים,מסמן בפועל
96086001529,מצות אביב,200 גרם,עוגיות קלות אביבה ללא סוכר בטעם קפוצ'ינו,ברקודים חדשים,מסמן בפועל
96086001536,מצות אביב,200,עוגיות קלות אביבה ללא סוכר בטעם וניל,ברקודים חדשים,מסמן בפועל
195480030088,אופמהיימר,"משווק ע""י סידס",אופנהיימר צמקאו מריר 300 גרם,ברקודים חדשים,
611745282172,או - שמונה בייבי,או - שמונה בייבי,"שמפו אל דמע 400 מ""ל",ברקודים חדשים,
611745282189,או - שמונה בייבי,או - שמונה בייבי,"סבון רחצה 400 מ""ל",ברקודים חדשים,
611745282196,או - שמונה בייבי,או - שמונה בייבי,שמן אמבט 400 מל,ברקודים חדשים,
611745282202,או - שמונה בייבי,או - שמונה בייבי,ערכת מתנה: סבון שמפו שמן מוס,ברקודים חדשים,
611745282257,או - שמונה בייבי,או - שמונה בייבי,ערכת מתנה: סבון שמפו מוס תחליב,ברקודים חדשים,
611745284770,או - שמונה בייבי,או - שמונה בייבי,ערכת מתנה: סבון שמפו תחליב תפרחת,ברקודים חדשים,
729000047034,תנובה,תנובה,רוקפור (גליל) חריץ 26%,ברקודים חדשים,
729000051956,תנובה,תנובה,טל העמק חריץ במשקל 9%,ברקודים חדשים,
729000052311,מלח הארץ,מלח הארץ,"מלח הארץ ים יבש 1 ק""ג (קרטון)",ברקודים חדשים,
729000052312,מלח הארץ,מלח הארץ,מלח הארץ מלח הים האדום 250 גרם,ברקודים חדשים,
729000052322,מלח הארץ,מלח הארץ,מלח הארץ - מלח הים האדום 500 גרם,ברקודים חדשים,
729000052351,מלח הארץ,מלח הארץ,מלח הארץ מופחת נתרן 250 גרם,ברקודים חדשים,
729000052352,מלח הארץ,מלח הארץ,מלח הארץ - מלח הים האדום מועשר ביוד 250 גרם,ברקודים חדשים,
729000052380,מלח הארץ,מלח הארץ,"מלח הארץ - צנצנת 1 ק""ג מלח עדין",ברקודים חדשים,
729000052381,מלח הארץ,מלח הארץ,"מלח הארץ - צנצנת 1 ק""ג מלח גס",ברקודים חדשים,
729000270368,כוורת עין חרוד,כוורת עין חרוד,דבש פרחי בר,ברקודים חדשים,
729000406301,מלח הארץ,מלח הארץ,"מלח שולחן מעולה ""סלית"" 1 ק""ג",ברקודים חדשים,
729000406309,מלח הארץ,מלח הארץ,"מלח קריסטל למדיח כלים 2 ק""ג",ברקודים חדשים,
729000406311,מלח הארץ,מלח הארץ,"מלח מטבח 1 ק""ג",ברקודים חדשים,
729000406321,מלח הארץ,מלח הארץ,"מלח מטבח ""גביש"" 1 ק""ג",ברקודים חדשים,
729000406406,מלח הארץ,מלח הארץ,מטחנה מלח ים ותבלינים לגריל,ברקודים חדשים,
729000406407,מלח הארץ,מלח הארץ,מטחנה מלח ים ותבלינים בניחוח איטלקי,ברקודים חדשים,
729000406408,מלח הארץ,מלח הארץ,מטחנה מלח ים טבעי- מלח גולמי ללא עיבוד.,ברקודים חדשים,
729000406410,מלח הארץ,מלח הארץ,מטחנה מלח ים ועשבי תיבול,ברקודים חדשים,
729000460317,מלח הארץ,מלח הארץ,מלח הארץ - מלח הים האדום 500 גרם גס,ברקודים חדשים,
729000698642,המברשת רוחמה,המברשת רוחמה,"מברשת שטיפת מכוניות 30 ס""מ",ברקודים חדשים,
729001596945,ביסקול,מפיץ שטראוס,סוכרזית סוכרלוז  25 שקיות (גרפיקה מנוקדת)- ,ברקודים חדשים,מסמן בפועל
729607321637,יקבי ירושלים,שופרסל,"תירוש 750 מ""ל ",ברקודים חדשים,
787068101237,המברשת רוחמה,המברשת רוחמה,דלי צבעוני 19 ליטר עם מכסה,ברקודים חדשים,
960860015432,מצות אביב,200 גרם,עוגיות קלות אביבה ללא סוכר מקמח מלא,ברקודים חדשים,מסמן בפועל
2900004120573,תנובה,תנובה,פיראוס בולגרית גביע 250 ג %16,ברקודים חדשים,
4043400502916,המברשת רוחמה,המברשת רוחמה,מטאטא קרצוף שרובר מאי,ברקודים חדשים,
4043400502916,המברשת רוחמה,המברשת רוחמה,מטאטא קרצוף שרובר מאי,ברקודים חדשים,
4043400531909,המברשת רוחמה,המברשת רוחמה,מטאטא מאי גוף פלסטיק,ברקודים חדשים,
4043400531909,המברשת רוחמה,המברשת רוחמה,מטאטא מאי גוף פלסטיק,ברקודים חדשים,
7290000005059,א.ל יצור תבלינים - תבליני מימון,"תבלינים 1 ק""ג",צ'ילי גרוס 800 גרם צנצנת,ברקודים חדשים,
7290000023748,טמפו,פרמייר,"דומיין אדום 750 מ""ל",ברקודים חדשים,
7290000023755,טמפו,פרמייר,"דומיין לבן 750 מ""ל 2010",ברקודים חדשים,
7290000023779,טמפו,קלאסיק,קלאסיק ארגמן,ברקודים חדשים,
7290000023786,טמפו,רזרב,"רזרב אמרלד ריזלינג 500 מ""ל",ברקודים חדשים,
7290000023809,טמפו,קלאסיק,קלאסיק קברנה סוביניון,ברקודים חדשים,
7290000023816,טמפו,קלאסיק,קלאסיק אמרלד ריזלינג,ברקודים חדשים,
7290000023823,טמפו,קלאסיק,קלאסיק סוביניון בלאן,ברקודים חדשים,
7290000023830,טמפו,קלאסיק,קלאסיק שיראז רוזה,ברקודים חדשים,
7290000023847,טמפו,קלאסיק,קלאסיק שרדונה,ברקודים חדשים,
7290000023915,טמפו,קלאסיק,"קלאסיק קברנה סובניון 187 מ""ל",ברקודים חדשים,
7290000023953,טמפו,קלאסיק,"קלאסיק פטיט סירה 750 מ""ל",ברקודים חדשים,
7290000023960,טמפו,קלאסיק,"קלאסיק שיראז  750 מ""ל",ברקודים חדשים,
7290000023977,טמפו,קלאסיק,קלאסיק מרלו,ברקודים חדשים,
7290000023984,טמפו,קלאסיק,קלאסיק פינוטאז,ברקודים חדשים,
7290000024172,טמפו,רזרב,"רזרב קברנה סוביניון 500 מ""ל",ברקודים חדשים,
7290000024202,טמפו,ספיישל רזרב,"רזרב קברנה סוביניון 750 מ""ל",ברקודים חדשים,
7290000024219,טמפו,רזרב,"רזרב אמרלד ריזילינג 750 מ""ל 2010",ברקודים חדשים,
7290000024226,טמפו,ספיישל רזרב,"רזרב סובניון בלאן 750 מ""ל 12 יח",ברקודים חדשים,
7290000024233,טמפו,רזרב,"רזרב שיראז 750 מ""ל 12 יח",ברקודים חדשים,
7290000024240,טמפו,רזרב,"רזרב שרדונה 750 מ""ל 12 יח",ברקודים חדשים,
7290000024264,טמפו,ספיישל רזרב,"רזרב מרלו 750 מ""ל 2010",ברקודים חדשים,
7290000024288,טמפו,ספיישל רזרב,"רזרב פינוטאז' 750 מ""ל",ברקודים חדשים,
7290000024318,טמפו,סופרייר,"סופרייר מרלו 750 מ""ל 2007",ברקודים חדשים,
7290000024325,טמפו,סופרייר,"סופרייר קברנה סוביניון 750 מ""ל 2007",ברקודים חדשים,
7290000024394,טמפו,סופרייר,"סופרייר פינוטאז' 750 מ""ל 2008",ברקודים חדשים,
7290000024431,טמפו,תירוש של סגל,"פרי הגפן מיץ ענבים 750 מ""ל",ברקודים חדשים,
7290000024448,טמפו,יין מתוק של סגל,"גליה מתוק 375 מ""ל",ברקודים חדשים,
7290000024455,טמפו,יין מתוק של סגל,"גליה מתוק 187 מ""ל",ברקודים חדשים,
7290000024516,טמפו,אסמבלאז',"אסמבלאז' ריחן לבן 750 מ""ל",ברקודים חדשים,
7290000024523,טמפו,תירוש של סגל,תירוש של סגל 1 ליטר,ברקודים חדשים,
7290000024530,טמפו,יין מתוק של סגל,"גליה מתוק 750 מ""ל",ברקודים חדשים,
7290000024554,טמפו,אסמבלאז',"אסמבלאז' ריחן 750 מ""ל 2008",ברקודים חדשים,
7290000024561,טמפו,אסמבלאז',"אסמבלאז' איתן 750 מ""ל 2008",ברקודים חדשים,
7290000024578,טמפו,אסמבלאז',"אסמבלאז' צפית 750 מ""ל 2010",ברקודים חדשים,
7290000024837,טמפו,סופרייר,"סופרייר פטי  ורדו 750 מ""ל",ברקודים חדשים,
7290000024844,טמפו,אלטיטיוד,אלטיטיוד 585+ קברנה סוביניון 2011,ברקודים חדשים,
7290000024851,טמפו,ספיישל רזרב,ספיישל רזרב מרסלאן 750 2013,ברקודים חדשים,
7290000025056,טמפו,פרמייר,"דומיין תבור קברנה סוביניון 750 מ""ל 2010",ברקודים חדשים,
7290000025063,טמפו,פרמייר,"דומיין לטרון מרלו 750 מ""ל 2010",ברקודים חדשים,
7290000025131,טמפו,אלטיטיוד,"אלטיטיוד קברנה 412 750 מ""ל 2008",ברקודים חדשים,
7290000025148,טמפו,אלטיטיוד,"אלטיטיוד קברנה 720 - 750 מ""ל 2008",ברקודים חדשים,
7290000025155,טמפו,אלטיטיוד,"אלטיטיוד קברנה 624- 750 מ""ל 2008",ברקודים חדשים,
7290000025193,טמפו,אלטיטיוד,"אלטיטיוד מרלו 711 - 750 מ""ל",ברקודים חדשים,
7290000040301,תנובה,תנובה,קממבר עין גדי חפיסה 24%,ברקודים חדשים,
7290000040318,תנובה,תנובה,ברי עדי חפיסה 24%  125 גרם,ברקודים חדשים,
7290000040974,תנובה,תנובה,חלב טרי דל לקטוז 1 ליטר 2%,ברקודים חדשים,
7290000041445,תנובה,תנובה,קוטג תנובה גביע 250 גר5% בדצ,ברקודים חדשים,
7290000041452,תנובה,תנובה,קוטג תנובה גביע 250 גר 9% בדצ,ברקודים חדשים,
7290000041858,יטבתה,יטבתה,שמנת חמוצה 15% מועשרת מהדרין,ברקודים חדשים,
7290000041865,יטבתה,יטבתה,לבן 4.5% שומן- מהדרין,ברקודים חדשים,
7290000041872,יטבתה,יטבתה,לבן 3% שומן- מהדרין,ברקודים חדשים,
7290000042008,תנובה,תנובה,חלב תנובה טרי שקית 1 ליטר%3,ברקודים חדשים,
7290000042015,תנובה,תנובה,חלב תנובה טרי שקית 1 ליטר 3% בדצ,ברקודים חדשים,
7290000042022,תנובה,תנובה,משקה חלב בטעם וניל 1% קרטון 1 ליטר,ברקודים חדשים,
7290000042176,תנובה,תנובה,חלב תנובה טרי כד 2 ל %1,ברקודים חדשים,
7290000042244,תנובה,תנובה,חלב תנובה טרי כד 2 ל %3,ברקודים חדשים,
7290000042404,יטבתה,יטבתה,חלב שקית מהדרין 3% מועשר,ברקודים חדשים,כן
7290000042411,יטבתה,יטבתה,חלב 1 ל. 3% קרטון,ברקודים חדשים,כן
7290000042435,תנובה,תנובה,חלב תנובה טרי קרט+ פקק 1ל %1,ברקודים חדשים,
7290000042442,תנובה,תנובה,חלב תנובה טרי קרט+פקק 1ל %3,ברקודים חדשים,
7290000042466,תנובה,תנובה,משקה חלב מעושר %1 קרטון 1 ליטר,ברקודים חדשים,
7290000042503,תנובה,תנובה,חלב עמיד קרטון 1ל %3,ברקודים חדשים,
7290000042541,תנובה,תנובה,חלב עמיד קרטון דל שומן 1 ל' %1,ברקודים חדשים,
7290000042640,תנובה,תנובה,חלב עמיד קרטון 250 מל  %3,ברקודים חדשים,
7290000042671,תנובה,תנובה,חלב עמיד %3 קרטון 1 ל בהכשר בדצ,ברקודים חדשים,
7290000042961,יטבתה,יטבתה,"מוקה יטבתה קרטון 500 מ""ל מהדרין",ברקודים חדשים,
7290000043111,תנובה,תנובה,חמאה מפוסטרת חבילה 200 גר,ברקודים חדשים,
7290000043814,תנובה,תנובה,שמנת להקצפה 38% 250 מל עמיד השף הלבן,ברקודים חדשים,
7290000043890,תנובה,תנובה,רוויון קרטון 1 ליטר %1.5,ברקודים חדשים,
7290000043944,תנובה,תנובה,יוגורט תנובה כד 1.5 ליטר  4%,ברקודים חדשים,
7290000045399,תנובה,תנובה,ניר משולשים 200 %26 טנא,ברקודים חדשים,
7290000045580,תנובה,תנובה,נעמה חורש משולשים 240 גרם 25%,ברקודים חדשים,
7290000045771,תנובה,תנובה,יוגורט תנובה כד 3 ליטר 4%,ברקודים חדשים,
7290000045917,תנובה,תנובה,פרומעז גבינת עזים גליל  23%,ברקודים חדשים,
7290000046020,תנובה,תנובה,גלבוע חריץ במשקל %22,ברקודים חדשים,
7290000046327,תנובה,תנובה,גלבוע פרוס 200 גרם %22,ברקודים חדשים,
7290000046549,תנובה,תנובה,מוצרלה חריץ מהדרין 20%,ברקודים חדשים,
7290000046563,תנובה,תנובה,פרמזן גבע חריץ 23%,ברקודים חדשים,
7290000047027,תנובה,תנובה,קצקבל (גלעד) חריץ 28%,ברקודים חדשים,
7290000047546,תנובה,תנובה,כנען גבינה לבנה  5% 500 גרם ללא מלח,ברקודים חדשים,
7290000047621,תנובה,תנובה,גבינה לבנה 5% 250 גרם בדצ,ברקודים חדשים,
7290000047942,תנובה,תנובה,גבינה לבנה 9% 250 גרם בדצ,ברקודים חדשים,
7290000048185,תנובה,תנובה,גבינה לבנה 5% 250 גרם מהדרין,ברקודים חדשים,
7290000048192,תנובה,תנובה,גבינה לבנה 9% 250 גרם מהדרין,ברקודים חדשים,
7290000048277,תנובה,תנובה,קוטג תנובה שקית 2 קג %5,ברקודים חדשים,
7290000048307,תנובה,תנובה,קוטג תנובה 5% עם זתים 250 גרם,ברקודים חדשים,
7290000048413,תנובה,תנובה,פיראוס חמד שקית 250 גר %16,ברקודים חדשים,
7290000048437,תנובה,תנובה,פיראוס צפתית גביע 200 גר %5,ברקודים חדשים,
7290000048444,תנובה,תנובה,חמד שקית 1 קג %16,ברקודים חדשים,
7290000048451,תנובה,תנובה,חרמון שקית 250 גר %16,ברקודים חדשים,
7290000049458,תנובה,תנובה,פיראוס פטה עזים 16% גביע 250 גרם,ברקודים חדשים,
7290000049854,תנובה,תנובה,עמק פרוס 3 קג %28,ברקודים חדשים,
7290000049861,תנובה,תנובה,גלבוע פרוס 3 קג %22,ברקודים חדשים,
7290000050270,תנובה,תנובה,פיראוס צפתית עיזים 5% שומן גביע 200גרם,ברקודים חדשים,
7290000050300,תנובה,תנובה,גבינה לבנה 5% גביע 125 גרם,ברקודים חדשים,
7290000050966,תנובה,תנובה,גבינה לבנה 5% 850 גרם בדצ,ברקודים חדשים,
7290000051352,תנובה,תנובה,חלב מלא בטעם של פעם 1ליטר לפחות 3.4%שומן,ברקודים חדשים,
7290000052298,תנובה,תנובה,משקה מוקה תנובה 1 ליטר בקבוק,ברקודים חדשים,
7290000052311,תנובה,תנובה,עמק לייט פרוס 200 גרם 15%,ברקודים חדשים,
7290000052663,תנובה,תנובה,מאגדת גבינה לבנה 2*250 גרם5%מהדרין,ברקודים חדשים,
7290000052717,תנובה,תנובה,קוטג עם שום שמיר 5% 250 גרם,ברקודים חדשים,
7290000053127,תנובה,תנובה,עמק חריץ 15% במשקל,ברקודים חדשים,
7290000053219,תנובה,תנובה,*חריץ טל העמק 32% שומן,ברקודים חדשים,
7290000053998,תנובה,תנובה,מאגדת יופלה טבעי לבן  8*150גרם בדצ,ברקודים חדשים,
7290000054995,תנובה,תנובה,פיראוס יוגורט עיזים טבעי שתיה קרטון 500מ,ברקודים חדשים,
7290000055015,תנובה,תנובה,פיראוס פטה כבשים 5% 250 גרם,ברקודים חדשים,
7290000055206,תנובה,תנובה,גבינה לבנה 5% בטעם בצל מטוגן 250 גרם,ברקודים חדשים,
7290000055350,תנובה,תנובה,*חריץ עמק 28%,ברקודים חדשים,
7290000055565,אסם,אסם,נסט.שוקו.בננ.בדצ מאח7 5*55ג+5*65ג. קדמ,ברקודים חדשים,
7290000055756,תנובה,תנובה,מאגדת גבינה תנובה 5% 2*850 גרם בדצ,ברקודים חדשים,
7290000055893,תנובה,תנובה,חמאה משמנת מפוסטרת 200גרם כ.מהדרין,ברקודים חדשים,
7290000056272,תנובה,תנובה,גבינה לבנה 5% עם זיתים ירוקים 250 גרם,ברקודים חדשים,
7290000056753,תנובה,תנובה,עמק 28% 200גר פרוס בדצ בקופסא,ברקודים חדשים,
7290000056760,תנובה,תנובה,עמק 28% 400גר פרוס בדצ בקופסא,ברקודים חדשים,
7290000056777,תנובה,תנובה,עמק לייט בדצ פרוס 200 גרם 9%,ברקודים חדשים,
7290000056784,תנובה,תנובה,פיראוס פטה כבשים 5% למעדניה,ברקודים חדשים,
7290000056845,תנובה,תנובה,חלב טרי 1.5 ליטר 3% הומוגני קרטון,ברקודים חדשים,
7290000056906,תנובה,תנובה,מאג 8*150ג יופלה לבן טבעי 1.5% ש,ברקודים חדשים,
7290000056968,תנובה,תנובה,שמנת 38% להקצפה 500 מל עמיד השף הלבן,ברקודים חדשים,
7290000057088,תנובה,תנובה,עמק פרוס דק דק 200 גרם 28%,ברקודים חדשים,
7290000057118,תנובה,תנובה,עמק פרוס סמי מעדנייה 400גרם 28%,ברקודים חדשים,
7290000057453,תנובה,תנובה,גבינת עמק חריץ 28% בדצ,ברקודים חדשים,
7290000057477,תנובה,תנובה,חלב טרי 1.5 ליטר 3% הומוגני  בדצ,ברקודים חדשים,
7290000057934,תנובה,תנובה,שוקו תנובה 1 ליטר בדצ,ברקודים חדשים,
7290000058047,תנובה,תנובה,שמנת להקצפה 38% 500מל מהדריןעמידהשף הלבן,ברקודים חדשים,
7290000058283,תנובה,תנובה,גבינת עיזים למריחה 5% 240 גרם פיראוס,ברקודים חדשים,
7290000058580,אסם,אסם,נסטלה קוקילידה 28*80גרם,ברקודים חדשים,
7290000058863,תנובה,תנובה,צפתית 9% דליקטס 200 גר פיראוס,ברקודים חדשים,
7290000058979,תנובה,תנובה,גיל בטעם תות 3% 125 גרם,ברקודים חדשים,
7290000060071,אסם,אסם,אסם חטיפי פריכונים טבעי 12*80גרם,ברקודים חדשים,
7290000060088,אסם,אסם,אסם בייגלה מקלות מלוחים 12*400גרם,ברקודים חדשים,
7290000060156,אסם,אסם,אסם אטריות ביצים דקות 12*200גרם,ברקודים חדשים,
7290000060163,אסם,אסם,אסם אטריות דקות 12*400גרם,ברקודים חדשים,
7290000060200,אסם,אסם,אסם פתיתים אפויים קוסקוס 12*500גרם,ברקודים חדשים,
7290000060385,אסם,אסם,אסם אינסטנט פודינג וניל 9*320גרם,ברקודים חדשים,
7290000060408,אסם,אסם,אסם פתיתים אפויים טבעות 12*500גרם,ברקודים חדשים,
7290000060446,אסם,אסם,אסם ג'לי תות מאח.9*360גרם,ברקודים חדשים,
7290000060576,אסם,אסם,אסם פתיתים אפויים כוכבים 12*500גרם,ברקודים חדשים,
7290000060811,אסם,אסם,אקסטרים ענק מטבע שוקולד 18*120גרם,ברקודים חדשים,
7290000060903,אסם,אסם,אסם פתיתים אפויים אורז 12*500גרם,ברקודים חדשים,
7290000060958,אסם,אסם,אסם אטריות בינוניות 12*400גרם,ברקודים חדשים,
7290000060965,אסם,אסם,אסם אטריות רחבות 12*400גרם,ברקודים חדשים,
7290000061061,אסם,אסם,אסם קרקר בצל 12*250גרם,ברקודים חדשים,
7290000061085,אסם,אסם,אסם רוטב צ'ילי מתוק 9*290מל,ברקודים חדשים,
7290000061108,אסם,אסם,אסם רוטב טריאקי 9*290מל,ברקודים חדשים,
7290000061214,אסם,אסם,אסם פתיתים קוסקוס עם בצל 12*500גרם,ברקודים חדשים,
7290000061245,אסם,אסם,אסם עוגיות שוקוצ'יפס ממולאות 12*220גרם,ברקודים חדשים,
7290000061283,אסם,אסם,אסם שקדי מרק רכיבים טבע.12*500גרם קדמ25%,ברקודים חדשים,
7290000061450,אסם,אסם,אסם פתיתים קוסקוס 3 צבעים 12*500גרם,ברקודים חדשים,
7290000062129,אסם,אסם,אסם פודינג אינסטנט וניל 6*1קג,ברקודים חדשים,
7290000062242,אסם,אסם,דובונים שמנת בצל 30*40גרם,ברקודים חדשים,
7290000062709,אסם,אסם,לחמית שיפון 4*920גרם,ברקודים חדשים,
7290000063027,אסם,אסם,לחמית ללא גלוטן 4*1קג.חדש07,ברקודים חדשים,
7290000063096,אסם,אסם,אסם קטשופ מארז אחיד 6 2*750גרם,ברקודים חדשים,
7290000063102,אסם,אסם,אסם קמח עוגה תופח מאליו 20*350גרם,ברקודים חדשים,
7290000063133,אסם,אסם,אסם שקדי מרק רכיבים טבעיים 24*100גרם,ברקודים חדשים,
7290000063140,אסם,אסם,אסם שקדי מרק רכיבים טבעיים 12*400גרם,ברקודים חדשים,
7290000063157,אסם,אסם,אסם קמח עוגה תופח מאליו 10*1קג,ברקודים חדשים,
7290000063294,אסם,אסם,ויטמינצ'יק ענבים 6*2ליטר,ברקודים חדשים,
7290000063300,אסם,אסם,ויטמנצ'יק פטל 6*2ליטר,ברקודים חדשים,
7290000064321,אסם,אסם,אסם מג'דרה אורז ועדשים 7*145גרם,ברקודים חדשים,
7290000064499,אסם,אסם,אסם קוסקוס עם ירקות 7*140גרם,ברקודים חדשים,
7290000064505,אסם,אסם,אסם פתיתים אפויים עם ירקות 7*130גרם,ברקודים חדשים,
7290000064758,אסם,אסם,אסם קוסקוס אמיתי 12*350גרם,ברקודים חדשים,
7290000064871,אסם,אסם,מנה חמה פירה תפוא.ובצל 12*56גרם,ברקודים חדשים,
7290000065090,אסם,אסם,אסם מיני קרוטונים למרק וסלט 12*400גרם,ברקודים חדשים,
7290000065335,אסם,אסם,מנה חמה פירה וירקות 12*55גרם,ברקודים חדשים,
7290000065540,אסם,אסם,מנה חמה פסטה מוקרמת בדץ 12*55גרם,ברקודים חדשים,
7290000065557,אסם,אסם,מנה חמה קוסקוס וירקות בדצ 12*84גרם,ברקודים חדשים,
7290000065663,אסם,אסם,אסם רוטב לסלט קיסר 9*290מל,ברקודים חדשים,
7290000065717,אסם,אסם,ויטמינצ'יק פטל 12*1ליטר,ברקודים חדשים,
7290000065724,אסם,אסם,ויטמינצ'יק לימון 12*1ליטר,ברקודים חדשים,
7290000065748,אסם,אסם,ויטמינצ'יק אננס 12*1ליטר,ברקודים חדשים,
7290000065977,אסם,אסם,אסם חטיפי פריכונים תירס שומשום 12*80גרם,ברקודים חדשים,
7290000066134,אסם,אסם,ביסלי פלאפל 24*70גרם-חדש,ברקודים חדשים,
7290000066141,אסם,אסם,ביסלי גריל 48*70גרם,ברקודים חדשים,
7290000066158,אסם,אסם,ביסלי בצל 24*67גרם,ברקודים חדשים,
7290000066165,אסם,אסם,ביסלי ברביקיו 48*67גרם,ברקודים חדשים,
7290000066172,אסם,אסם,ביסלי פיצה 24*70גרם,ברקודים חדשים,
7290000066189,אסם,אסם,ביסלי פלאפל 25*200גרם,ברקודים חדשים,
7290000066196,אסם,אסם,ביסלי גריל 25*200גרם,ברקודים חדשים,
7290000066196,אסם,אסם,ביסלי גריל 21*240גרם קדמ.20%,ברקודים חדשים,
7290000066202,אסם,אסם,ביסלי בצל 25*190גרם,ברקודים חדשים,
7290000066202,אסם,אסם,ביסלי בצל 21*230גרם קדמ.20%,ברקודים חדשים,
7290000066219,אסם,אסם,ביסלי ברביקיו 25*190גרם,ברקודים חדשים,
7290000066219,אסם,אסם,ביסלי ברביקיו 21*230גרם קדמ.20%,ברקודים חדשים,
7290000066226,אסם,אסם,ביסלי פיצה 25*200גרם,ברקודים חדשים,
7290000066264,אסם,אסם,דובונים 30*40גרם,ברקודים חדשים,
7290000066264,אסם,אסם,דובונים 30*40גרם קדמ.ש.פ,ברקודים חדשים,
7290000066295,אסם,אסם,במבה מתוקה מחומרים טבעיים 40*30גרם,ברקודים חדשים,
7290000066318,אסם,אסם,במבה קלאסי 40*80גרם,ברקודים חדשים,
7290000066332,אסם,אסם,אפרופו 36*50גרם,ברקודים חדשים,
7290000066332,אסם,אסם,אפרופו קדמ.36*50גרם,ברקודים חדשים,
7290000066349,אסם,אסם,אפרופו 20*100גרם,ברקודים חדשים,
7290000066431,אסם,אסם,פופקו חמאה ודבש 40*80גרם,ברקודים חדשים,
7290000066516,אסם,אסם,אסם שקדי מרק 3 צבעים 12*400גרם-חדש,ברקודים חדשים,
7290000066943,אסם,אסם,ויטמינצ'יק ענבים 12*1ליטר,ברקודים חדשים,
7290000066950,אסם,אסם,ויטמינצ'יק תפוח עץ 12*1ליטר,ברקודים חדשים,
7290000067070,אסם,אסם,אסם עוגיות מיני ממולאות שוקולד 6*300גרם,ברקודים חדשים,
7290000067407,אסם,אסם,אסם פירורית מתובל 12*200גרם,ברקודים חדשים,
7290000067544,אסם,אסם,אסם פירורית פירורי לחם זהב 12*200גרם,ברקודים חדשים,
7290000067599,אסם,אסם,מנה חמה ספגטי בולונז 12*65גרם,ברקודים חדשים,
7290000068084,אסם,אסם,אסם פתי בר 4*1.75קג חדש,ברקודים חדשים,
7290000068138,אסם,אסם,אסם פודינג אינסטנט וניל 12*80גרם,ברקודים חדשים,
7290000068169,אסם,אסם,אסם פודינג אינסטנט שוקולד 12*95גרם,ברקודים חדשים,
7290000068190,אסם,אסם,אסם ג'לי תות שדה צבעים טבעיים 12*90גרם,ברקודים חדשים,
7290000068206,אסם,אסם,אסם ג'לי משמש צבעים טבעיים 12*85גרם,ברקודים חדשים,
7290000068237,אסם,אסם,אסם ג'לי פטל צבעים טבעיים 12*85גרם,ברקודים חדשים,
7290000068251,אסם,אסם,אסם ג'לי אננס צבעים טבעיים 12*85גרם,ברקודים חדשים,
7290000068701,אסם,אסם,אסם שקדי מרק רכיבים טבע.מיכל 10*400גרם,ברקודים חדשים,
7290000068770,אסם,אסם,במבה יום הולדת 40*80גרם,ברקודים חדשים,
7290000068787,אסם,אסם,במבה יום הולדת 108*25גרם,ברקודים חדשים,
7290000068893,אסם,אסם,במבה נוגט מאח.8 4*60גרם,ברקודים חדשים,
7290000069609,אסם,אסם,אסם חטיפי קרקר זעתר 12*300גרם,ברקודים חדשים,
7290000069661,אסם,אסם,אסם פסטה ברוטב פטריות מוקרם 6*143גרם-חדש,ברקודים חדשים,
7290000069715,אסם,אסם,אסם חטיפי קרקר מלוח 12*300גרם,ברקודים חדשים,
7290000069739,אסם,אסם,אסם חטיפי קרקר שומשום 12*300גרם,ברקודים חדשים,
7290000069920,אסם,אסם,אסם בייגלה טבעות מלח 9*300גרם,ברקודים חדשים,
7290000070193,אסם,אסם,אסם מרק עוף+אטריות מ.ערב.6 12*55גרם,ברקודים חדשים,
7290000070308,אסם,אסם,אסם מרק עוף אמיתי 6*400גרם,ברקודים חדשים,
7290000070322,אסם,אסם,אסם אב.מרק פטריות רכיבים טבעיים 6*400ג,ברקודים חדשים,
7290000070353,אסם,אסם,אסם אבקת מרק בצל רכיבים טבעיים 6*400ג,ברקודים חדשים,
7290000070520,אסם,אסם,אסם מרק ירקות מגזר ערבי6 12*50גרם,ברקודים חדשים,
7290000070919,אסם,אסם,אסם בייגלה רשתות מלח 9*400גרם,ברקודים חדשים,
7290000071008,אסם,אסם,אסם בייגלה שטוחים מלח 24*60גרם,ברקודים חדשים,
7290000072067,אסם,אסם,במבה במילוי קרם חלבה 36*60גרם,ברקודים חדשים,
7290000072203,אסם,אסם,אסם רוטב אלף האיים לסלט 9*290מל,ברקודים חדשים,
7290000072227,אסם,אסם,אסם רוטב סויה בסגנון סיני 9*290מל-חדש,ברקודים חדשים,
7290000072241,אסם,אסם,אסם רוטב פיצה 9*290מל,ברקודים חדשים,
7290000072593,אסם,אסם,לחמית חיטה מלאה דבש 10*200גרם,ברקודים חדשים,
7290000072623,אסם,אסם,אסם קטשופ בקבוק לחיץ 9*750גרם-חדש,ברקודים חדשים,
7290000072630,אסם,אסם,אסם קטשופ חריף 9*750גרם 2015,ברקודים חדשים,
7290000072654,אסם,אסם,ג'לי תות מארז לרמאדן 12 4*90גרם,ברקודים חדשים,
7290000072692,אסם,אסם,אסם רוטב ספגטי 6*500גרם,ברקודים חדשים,
7290000072890,אסם,אסם,אסם רוטב אלף האיים לייט 9*290מל,ברקודים חדשים,
7290000072913,אסם,אסם,אסם רוטב שום לייט 9*290מל,ברקודים חדשים,
7290000073125,אסם,אסם,מנה חמה פסטה עם עגבניות ר.טבע. בדץ12*62ג,ברקודים חדשים,
7290000073415,אסם,אסם,מנה חמה פסטה ברוטב פיצה 12*61גרם,ברקודים חדשים,
7290000073699,אסם,אסם,סלטי צבר חומוס חלק 6*150גרם,ברקודים חדשים,
7290000073835,אסם,אסם,ציפסי מאח.12 4*50גרם,ברקודים חדשים,
7290000073972,אסם,אסם,סלטי צבר טחינה 6*150ג,ברקודים חדשים,
7290000074153,אסם,אסם,אסם פתי בר שוקו 12*500גרם,ברקודים חדשים,
7290000074177,אסם,אסם,אסם פתי בר 12*250גרם,ברקודים חדשים,
7290000074184,אסם,אסם,אסם פתי בר 12*500גרם,ברקודים חדשים,
7290000074245,אסם,אסם,אסם קרם קרקר 12*250גרם,ברקודים חדשים,
7290000074245,אסם,אסם,אסם קרם קרקר קדמ.מדבקה 12*250גרם,ברקודים חדשים,
7290000074252,אסם,אסם,אסם קרקר שומשום 12*250גרם,ברקודים חדשים,
7290000074276,אסם,אסם,אסם קרקר פיקנטי 12*250גרם,ברקודים חדשים,
7290000074290,אסם,אסם,לחמית סובין חיטה 10*230גרם,ברקודים חדשים,
7290000074337,אסם,אסם,לחמית חיטה מלאה דל נתרן 10*250גרם,ברקודים חדשים,
7290000074375,אסם,אסם,אסם קרקר זהב 12*150גרם,ברקודים חדשים,
7290000074375,אסם,אסם,אסם קרקר זהב קדמ מדבקה 12*150גרם,ברקודים חדשים,
7290000074481,אסם,אסם,לחמית אגוזים 12*160גרם,ברקודים חדשים,
7290000074641,אסם,אסם,סלטי צבר כרוב אדום 6*140גרם,ברקודים חדשים,
7290000074658,אסם,אסם,אסם פתי בר 4*1קג,ברקודים חדשים,
7290000074696,אסם,אסם,אסם קרם קרקר 4*1קג חדש,ברקודים חדשים,
7290000074702,אסם,אסם,אסם קרקר שומשום 4*1קג,ברקודים חדשים,
7290000074733,אסם,אסם,לחמית סובין חיטה 4*920גרם,ברקודים חדשים,
7290000074740,אסם,אסם,לחמית חיטה מלאה 4*1קג חדש,ברקודים חדשים,
7290000074764,אסם,אסם,אסם קרקר זהב 4*900גרם,ברקודים חדשים,
7290000075143,אסם,אסם,אסם עוגיות שוקוצ'יפס קלאסי 12*200גרם,ברקודים חדשים,
7290000075204,אסם,אסם,לחמית חיטה מלאה 10*250גרם חדש,ברקודים חדשים,
7290000075204,אסם,אסם,לחמית חיטה מלאה קדמ מדבקה 10*250גרם,ברקודים חדשים,
7290000075693,אסם,אסם,הבית עוגת שמרים בריוש שוקולד 8*360גרם,ברקודים חדשים,
7290000076126,אסם,אסם,אסם בייגלה שמיניות קטנות 24*80גרם,ברקודים חדשים,
7290000076133,אסם,אסם,אסם בייגלה שמיניות קטנות 12*400גרם,ברקודים חדשים,
7290000077017,אסם,אסם,אסם קרמוגית במילוי שוקולד 12*200גרם,ברקודים חדשים,
7290000077253,אסם,אסם,לחמית כפרית 12*190גרם,ברקודים חדשים,
7290000077253,אסם,אסם,לחמית כפרית קדמ.מדבקה 12*190ג.2017,ברקודים חדשים,
7290000077642,אסם,אסם,אסם ג'לי תות צבעים טבעיים 6*1קג,ברקודים חדשים,
7290000079233,אסם,אסם,אסם קרם קרקר דל נתרן 12*250גרם,ברקודים חדשים,
7290000080000,אסם,אסם,אסם אורז ספרדי 6*140גרם-חדש,ברקודים חדשים,
7290000080512,אסם,אסם,צבר סלט תפוח אדמה 6*400גרם-חדש,ברקודים חדשים,
7290000080536,אסם,אסם,צבר חציל בטעם כבד רפי 6*400גרם-חדש,ברקודים חדשים,
7290000081168,אסם,אסם,צ'יפסי בטעם קלאסי בדצ 30*50גרם,ברקודים חדשים,
7290000081663,אסם,אסם,אסם בייגלה טבעות שומשום 12*300גרם,ברקודים חדשים,
7290000110035,יוניליוור,בלו-בנד,בלו-בנד מרגרינה רגילה עם מלח 200 גרם,ברקודים חדשים,מסמן בפועל
7290000110059,יוניליוור,בלו-בנד,בלו-בנד מרגרינה רגילה בלי מלח 200 גרם,ברקודים חדשים,מסמן בפועל
7290000110073,יוניליוור,בלו-בנד,בלו-בנד מרגרינה רגילה בטעם חמאה 200 גרם,ברקודים חדשים,מסמן בפועל
7290000110844,יוניליוור,תלמה,כיפלי גריל בדצ 70גר,ברקודים חדשים,מסמן בפועל
7290000110851,יוניליוור,תלמה,כיפלי בצל 70גר,ברקודים חדשים,מסמן בפועל
7290000111063,יוניליוור,תלמה,תלמה מיונז רגיל אמיתי 250 גרם,ברקודים חדשים,מסמן בפועל
7290000111117,יוניליוור,בדין,בדין לבן 4 ליטר,ברקודים חדשים,
7290000111117,יוניליוור,בדין,בדין לבן 4 ליטר,ברקודים חדשים,
7290000111162,יוניליוור,תלמה,תלמה כמויונז מופחת שומן 500 גרם,ברקודים חדשים,מסמן בפועל
7290000111186,יוניליוור,תלמה,תלמה רגיל מיונז אמיתי 500 גרם,ברקודים חדשים,מסמן בפועל
7290000111353,יוניליוור,תלמה,מיונז 1קג,ברקודים חדשים,מסמן בפועל
7290000111360,יוניליוור,תלמה,תלמה חרדל 250 גרם,ברקודים חדשים,מסמן בפועל
7290000111384,יוניליוור,תלמה,תלמה חרדל 550 גרם,ברקודים חדשים,מסמן בפועל
7290000112497,יוניליוור,קנור,מרקים רגיל אחר קנור עוף עם אטריות 68 גרם,ברקודים חדשים,מסמן בפועל
7290000112503,יוניליוור,קנור,מרקים רגיל אחר קנור עשיר ירקות כפרי 61גר,ברקודים חדשים,מסמן בפועל
7290000112510,יוניליוור,קנור,מרקים רגילים אחרים קנור פטריות 83 גרם,ברקודים חדשים,מסמן בפועל
7290000112619,יוניליוור,קנור,קנור מרקי תיבול טעם עוף 400 גרם,ברקודים חדשים,מסמן בפועל
7290000112770,יוניליוור,קנור,מרק עשיר קנור-אפונה 117 גר,ברקודים חדשים,מסמן בפועל
7290000113180,יוניליוור,תלמה,כיפלי צ'יפסים בדץ 50גר,ברקודים חדשים,מסמן בפועל
7290000113203,יוניליוור,תלמה,כיפלי צ'יפסים בדץ 50גר,ברקודים חדשים,מסמן בפועל
7290000113654,יוניליוור,קנור,מרקי אינסטנט אחרים קנור ירקות 34 גרם,ברקודים חדשים,מסמן בפועל
7290000114187,יוניליוור,סיף,סיף ניקוי כללי אורנים 4ל,ברקודים חדשים,
7290000116136,יוניליוור,דאב,דאב קרם ידיים יבש 100ML,ברקודים חדשים,
7290000116204,יוניליוור,קנור,קנור בויון דגש 1 קג,ברקודים חדשים,מסמן בפועל
7290000116884,יוניליוור,קנור,רוטב ברביקיו 350 גר,ברקודים חדשים,מסמן בפועל
7290000116921,יוניליוור,קנור,רוטב צ'ילי מתוק 380 גר,ברקודים חדשים,מסמן בפועל
7290000116945,יוניליוור,קנור,קנור רוטב סויה 340 גרם,ברקודים חדשים,מסמן בפועל
7290000117171,יוניליוור,קנור,מרקי אינסטנט אחרים קנור בטעם עוף 48 גרם,ברקודים חדשים,מסמן בפועל
7290000117720,יוניליוור,קנור,מרקי אינסטנט אחרים קנור פטריות 43 גרם,ברקודים חדשים,מסמן בפועל
7290000118277,יוניליוור,קנור,קניידלך 130 גר,ברקודים חדשים,מסמן בפועל
7290000118307,יוניליוור,קנור,קנור סחלב 112 גרם,ברקודים חדשים,מסמן בפועל
7290000120560,יוניליוור,קליק,קליק חטיפי שוקולד טבלאות 85 גרם,ברקודים חדשים,מסמן בפועל
7290000120577,יוניליוור,קליק,קליק חטיפי שוקולד טבלאות 85 גרם,ברקודים חדשים,מסמן בפועל
7290000121239,יוניליוור,תלמה,תלמה מיונז מופחת שומן מיוקל 500 גרם,ברקודים חדשים,מסמן בפועל
7290000121369,יוניליוור,778,778 ריבות קונפיטורות לייט 300 גרם,ברקודים חדשים,מסמן בפועל
7290000121376,יוניליוור,778,778 ריבות קונפיטורות לייט 300 גרם,ברקודים חדשים,מסמן בפועל
7290000121383,יוניליוור,778,778 ריבות קונפיטורות לייט 300 גרם,ברקודים חדשים,מסמן בפועל
7290000122175,יוניליוור,אפיכול,תמצית וניל 50גר,ברקודים חדשים,מסמן בפועל
7290000122243,יוניליוור,אפיכול,תמצית רום 50גר,ברקודים חדשים,מסמן בפועל
7290000122649,יוניליוור,פתית,"פתית בצל בד""צ חדש 250 גר",ברקודים חדשים,מסמן בפועל
7290000122687,יוניליוור,אפיכול,אפיכול סירופ לעוגה גלידה קמעונאי 600 גרם,ברקודים חדשים,מסמן בפועל
7290000122700,יוניליוור,אפיכול,אפיכול סירופ לעוגה גלידה קמעונאי 600 גרם,ברקודים חדשים,מסמן בפועל
7290000122830,יוניליוור,קנור,רוטב סצ'ואן 370 גר,ברקודים חדשים,מסמן בפועל
7290000123110,יוניליוור,מזולה,מרגרינה דלת שומן מזולה לייט 250 גרם,ברקודים חדשים,מסמן בפועל
7290000123158,יוניליוור,מזולה,מזולה טעם חמאה 250 גר,ברקודים חדשים,מסמן בפועל
7290000123172,יוניליוור,מזולה,מרגרינה רגילה מזולה 250 גרם,ברקודים חדשים,מסמן בפועל
7290000123257,יוניליוור,מזולה,מזולה עם שמן זית 250 גר,ברקודים חדשים,מסמן בפועל
7290000123363,יוניליוור,אפיכול,אפיכול מרכיבי אפיה צמקאו קמעונאי 500 גרם,ברקודים חדשים,מסמן בפועל
7290000124841,יוניליוור,ורד הגליל,ורד הגליל טבלאות שוקולד 300 גרם,ברקודים חדשים,מסמן בפועל
7290000125251,יוניליוור,בדין,בדין שמפו לכביסה עדינה רגיל 2 ליטר,ברקודים חדשים,
7290000127170,יוניליוור,778,778 ריבות קונפיטורות רגילות 400 גרם,ברקודים חדשים,מסמן בפועל
7290000127194,יוניליוור,778,778 ריבות קונפיטורות רגילות 400 גרם,ברקודים חדשים,מסמן בפועל
7290000127224,יוניליוור,778,778 ריבות קונפיטורות רגילות 400 גרם,ברקודים חדשים,מסמן בפועל
7290000127651,יוניליוור,778,קונפיטורה פובידל 778 340 גר,ברקודים חדשים,מסמן בפועל
7290000127705,יוניליוור,ורד הגליל,שוקולד מריר פרוה 600 גר,ברקודים חדשים,מסמן בפועל
7290000129099,יוניליוור,קנור,קנור תיבוליות עשבי תיבול 72 גרם,ברקודים חדשים,מסמן בפועל
7290000129457,יוניליוור,קנור,קנור קוק-IN-רטבים אבקת פטריות 28 גרם,ברקודים חדשים,מסמן בפועל
7290000136004,טמפו,ג'אמפ,ג'אמפ לימונדה 1.5 תריסר,ברקודים חדשים,
7290000136714,טמפו,ג'אמפ,ג'אמפ דיאט תפוזים 1.5 תריסר,ברקודים חדשים,
7290000136721,טמפו,ג'אמפ,ג'אמפ תפוזים  1.5 תריסר,ברקודים חדשים,
7290000136738,טמפו,ג'אמפ,ג'אמפ אשכוליות 1.5 תריסר,ברקודים חדשים,
7290000136745,טמפו,ג'אמפ,ג'אמפ תות בננה 1.5 תריסר,ברקודים חדשים,
7290000137513,יוניליוור,קרמיסימו,"קרמיסימו גלידונית 955 מ""ל",ברקודים חדשים,
7290000137513,יוניליוור,קרמיסימו,"קרמיסימו גלידונית 955 מ""ל",ברקודים חדשים,
7290000137643,יוניליוור,שטראוס,"שטראוס טעמקור 880 מ""ל",ברקודים חדשים,
7290000143132,הנקל סוד,טום וג'רי,טום וג'רי שמפו,ברקודים חדשים,
7290000143149,הנקל סוד,טום וג'רי,טום וג'רי מרכך,ברקודים חדשים,
7290000143187,הנקל סוד,הוואי שמפו,הוואי שמפו לגבר,ברקודים חדשים,
7290000143194,הנקל סוד,הוואי שמפו,הוואי שמפו ומרכך 2 ב 1,ברקודים חדשים,
7290000143200,הנקל סוד,הוואי מרכך,הוואי מרכך לשיער יבש,ברקודים חדשים,
7290000143217,הנקל סוד,הוואי שמפו,הוואי שמפו לשיער יבש,ברקודים חדשים,
7290000143255,הנקל סוד,הוואי שמפו,הוואי שמפו לשיער רגיל,ברקודים חדשים,
7290000143262,הנקל סוד,הוואי לילדים,הוואי שמפו ילדים,ברקודים חדשים,
7290000143279,הנקל סוד,הוואי שמפו,הוואי שמ.קשקשים ח.סופר,ברקודים חדשים,
7290000143279,הנקל סוד,הוואי שמפו,הוואי שמפו קשקשים,ברקודים חדשים,
7290000143286,הנקל סוד,הוואי מרכך,הוואי מרכך רגיל ח סופר,ברקודים חדשים,
7290000143286,הנקל סוד,הוואי מרכך,הוואי מרכך לשיער רגיל,ברקודים חדשים,
7290000143293,הנקל סוד,הוואי לילדים,הוואי מרכך ילדים,ברקודים חדשים,
7290000144467,שמן תעשיות,מותגים שונים,"שמן חמניות בריאות מהטבע ""עץ הזית""",ברקודים חדשים,מסמן על אריזות
7290000144474,שמן תעשיות,מותגים שונים,"שמן קנולה בריאות מהטבע ""עץ הזית""",ברקודים חדשים,מסמן על אריזות
7290000144825,שמן תעשיות,מותגים שונים,שמן קנולה בריאות מהטבע + אומגה 9,ברקודים חדשים,מסמן על אריזות
7290000146645,הנקל סוד,הוואי מוצק,הוואי ס.מ שחור מסתורי,ברקודים חדשים,
7290000146652,הנקל סוד,הוואי מוצק,הוואי ס.מ  ורוד רומנטי,ברקודים חדשים,
7290000146669,הנקל סוד,הוואי מוצק,הוואי ס.מ שמיים כחולים,ברקודים חדשים,
7290000146676,הנקל סוד,הוואי מוצק,הוואי ס.מ לגבר,ברקודים חדשים,
7290000146683,הנקל סוד,הוואי מוצק,הוואי ס.מ  אפקט דאו',ברקודים חדשים,
7290000146867,הנקל סוד,טום וג'רי,טום וג'רי ס.נוזלי,ברקודים חדשים,
7290000146928,הנקל סוד,טום וג'רי,טום וג'רי מ.שינים ענב,ברקודים חדשים,
7290000146973,עיסא ערטול,עיסא ערטול,מ.שיניין זברה 100 גרם 1/24,ברקודים חדשים,
7290000146980,עיסא ערטול,עיסא ערטול,משחת שיניים פםלאוריד 1/24,ברקודים חדשים,
7290000146997,הנקל סוד,טום וג'רי,טום וג'רי מ.שיניים מסט,ברקודים חדשים,
7290000150277,עוף טוב,עוף טוב,חזה הודו ברביקיו,ברקודים חדשים,
7290000150352,עוף טוב,עוף טוב,פסטרמה איטלקית,ברקודים חדשים,
7290000150369,עוף טוב,עוף טוב,פסטרמה מקסיקנית,ברקודים חדשים,
7290000150451,עוף טוב,עוף טוב,נקניק סלמי איטלקי,ברקודים חדשים,
7290000150468,עוף טוב,עוף טוב,פסטרמה רומנית,ברקודים חדשים,
7290000150598,עוף טוב,עוף טוב,נקניק סלמי כפרי פרוס ‏100‏ גר',ברקודים חדשים,
7290000150642,עוף טוב,עוף טוב,כתף בקר מעושן,ברקודים חדשים,
7290000150765,עוף טוב,עוף טוב,סלמי תה פרוס 500  + ללא מדבקת מחיר,ברקודים חדשים,
7290000150925,עוף טוב,עוף טוב,נקניק סלמי ירדן,ברקודים חדשים,
7290000150956,עוף טוב,עוף טוב,מקלוני קבנוס 160 גרם,ברקודים חדשים,
7290000150963,עוף טוב,עוף טוב,פסטרמה ג'מבו,ברקודים חדשים,
7290000151021,עוף טוב,עוף טוב,פסטרמה כפרית - 100גרם (שם חדש),ברקודים חדשים,
7290000151052,עוף טוב,עוף טוב,פסטרמה בדבש טהור,ברקודים חדשים,
7290000151106,עוף טוב,עוף טוב,פסטרמה אמריקאית,ברקודים חדשים,
7290000151281,עוף טוב,עוף טוב,חזה הודו ברביקיו דל שומן,ברקודים חדשים,
7290000151304,עוף טוב,עוף טוב,פסטרמה מקסיקנית - רובין,ברקודים חדשים,
7290000151328,עוף טוב,עוף טוב,חזה הודו דל שומן,ברקודים חדשים,
7290000151397,עוף טוב,עוף טוב,פסטרמה בדבש - רובין,ברקודים חדשים,
7290000151540,עוף טוב,עוף טוב,פסטרמה הונגרית תיבול כפול,ברקודים חדשים,
7290000151601,עוף טוב,עוף טוב,פסטרמה בדבש טהור,ברקודים חדשים,
7290000151885,עוף טוב,עוף טוב,נקניק הודו למקרר,ברקודים חדשים,
7290000152028,עוף טוב,עוף טוב,חזה הודו מעושן,ברקודים חדשים,
7290000152288,עוף טוב,עוף טוב,נקניקיות עוף 400 גר',ברקודים חדשים,
7290000152462,עוף טוב,עוף טוב,נקניק סלמי 700 גר' יחידות רובין,ברקודים חדשים,
7290000152608,עוף טוב,עוף טוב,נקניק תה ענק,ברקודים חדשים,
7290000152615,עוף טוב,עוף טוב,סלמי הונגרי מפולפל,ברקודים חדשים,
7290000152943,עוף טוב,עוף טוב,מארז מעורב 700 גרם,ברקודים חדשים,
7290000153445,עוף טוב,עוף טוב,קציצות בקר מתובלות 500 גרם מ-100% רכיבים טבעיים,ברקודים חדשים,
7290000153469,עוף טוב,עוף טוב,קציצות עוף קלאסיות 600 גרם מ-100% רכיבים טבעיים,ברקודים חדשים,
7290000153698,עוף טוב,עוף טוב,כתף בקר מפולפל,ברקודים חדשים,
7290000155524,עוף טוב,עוף טוב,פסטרמה פולנית,ברקודים חדשים,
7290000155654,עוף טוב,עוף טוב,זוג נקניקיות  2X400 - ש. פרטי,ברקודים חדשים,
7290000155661,עוף טוב,עוף טוב,רביעיית נקניקיות  4X400,ברקודים חדשים,
7290000155807,עוף טוב,עוף טוב,מארז נקניקיות וינר 2X500,ברקודים חדשים,
7290000155814,עוף טוב,עוף טוב,פסטרמה ברביקיו - רובין,ברקודים חדשים,
7290000155821,עוף טוב,עוף טוב,פסטרמה מעושנת - רובין,ברקודים חדשים,
7290000155838,עוף טוב,עוף טוב,נקניק סלמי - רובין,ברקודים חדשים,
7290000156217,עוף טוב,עוף טוב,מקלוני קבנוס,ברקודים חדשים,
7290000156545,עוף טוב,עוף טוב,פסטרמה מקסיקנית,ברקודים חדשים,
7290000156729,עוף טוב,עוף טוב,זוגות סלמי+פסטרמה ‏600‏ג' -רובין (משקפיים),ברקודים חדשים,
7290000156781,עוף טוב,עוף טוב,"שלישיית נקניקיות 1.2 ק""ג ‏‏ רובין",ברקודים חדשים,
7290000156934,עוף טוב,עוף טוב,פסטרמה כפרית - 400 גרם + ללא מדבקת מחיר,ברקודים חדשים,
7290000158082,עוף טוב,עוף טוב,שניצל ביתי בציפוי שומשום ללא אנטיביוטיקה ומ-100% רכיבים טבעיים,ברקודים חדשים,
7290000158105,עוף טוב,עוף טוב,שניצל עוף מיני דינוזאור ללא אנטיביוטיקה ומ-100% רכיבים טבעיים,ברקודים חדשים,
7290000158211,עוף טוב,עוף טוב,שניצל עוף דק ענק ללא אנטיביוטיקה ומ-100% רכיבים טבעיים,ברקודים חדשים,
7290000158235,עוף טוב,עוף טוב,שניצל עוף דק צ'יפס ללא אנטיביוטיקה ומ-100% רכיבים טבעיים,ברקודים חדשים,
7290000158273,עוף טוב,עוף טוב,שניצל עוף ביתי מעודן ללא אנטיביוטיקה ומ-100% רכיבים טבעיים,ברקודים חדשים,
7290000159010,עוף טוב,עוף טוב,שניצל עוף מיני דובונים ללא אנטיביוטיקה ומ-100% רכיבים טבעיים,ברקודים חדשים,
7290000159034,עוף טוב,עוף טוב,שניצל עוף ביתי בציפוי קריספי ללא אנטיביוטיקה ומ-100% רכיבים טבעיים,ברקודים חדשים,
7290000159072,עוף טוב,עוף טוב,שניצלוני עוף ביתי בציפוי שומשום מ-100% רכיבים טבעיים,ברקודים חדשים,
7290000159096,עוף טוב,עוף טוב,חזה עוף צלוי בתיבול ברביקיו ללא אנטיביוטיקה ומ-100% רכיבים טבעיים,ברקודים חדשים,
7290000159423,עוף טוב,עוף טוב,קציצות עוף קלאסיות 400 גרם מ-100% רכיבים טבעיים,ברקודים חדשים,
7290000159447,עוף טוב,עוף טוב,מיני דינוזאור 400 גרם,ברקודים חדשים,
7290000159515,עוף טוב,עוף טוב,קבנוס מופחת שומן רווי 120 גרם,ברקודים חדשים,
7290000159539,עוף טוב,עוף טוב,קבנוס מופחת שומן רווי  ספייסי  120 גרם,ברקודים חדשים,
7290000159591,עוף טוב,עוף טוב,ואקום מהדרין 300 גרם פסטרמה על גחלים ,ברקודים חדשים,
7290000160252,יוניליוור,דאב,"דאב תרחיץ פנים רגיל 180 מ""ל",ברקודים חדשים,
7290000160269,יוניליוור,דאב,"דאב תרחיץ פנים רגיש 180 מ""ל",ברקודים חדשים,
7290000160450,יוניליוור,קנור,קנור תיבול צ'ילי ושום 63 גר,ברקודים חדשים,מסמן בפועל
7290000160467,יוניליוור,קנור,קנור תערובת תיבול  גריל 49 גר,ברקודים חדשים,מסמן בפועל
7290000160771,יוניליוור,תלמה,כריות וניל 750  גר,ברקודים חדשים,מסמן בפועל
7290000161143,יוניליוור,בלו-בנד,בלו-בנד מרגרינה רגילה עם מלח 250 גרם,ברקודים חדשים,מסמן בפועל
7290000161150,יוניליוור,בלו-בנד,בלו-בנד מרגרינה רגילה חלבית(ג בנד 250 גר,ברקודים חדשים,מסמן בפועל
7290000161167,יוניליוור,בלו-בנד,בלו-בנד מרגרינה רגילה בטעם חמאה 250 גרם,ברקודים חדשים,מסמן בפועל
7290000161358,יוניליוור,תלמה,מיונז אמיתי משמן קנולה 500 גר,ברקודים חדשים,מסמן בפועל
7290000161648,יוניליוור,קליק,קליק חטיפי שוקולד 40 גרם,ברקודים חדשים,מסמן בפועל
7290000162386,יוניליוור,הלמנס,הלמנס לסלט שום 300 גרם,ברקודים חדשים,מסמן בפועל
7290000163024,יוניליוור,הלמנס,הלמנס סלט חרדל דבש לייט 305 מל,ברקודים חדשים,מסמן בפועל
7290000165202,יוניליוור,בייגל בייגל,קרקר מלוח 120 גר,ברקודים חדשים,מסמן בפועל
7290000165219,יוניליוור,בייגל בייגל,קרקר מלוח 120 גר,ברקודים חדשים,מסמן בפועל
7290000165509,יוניליוור,פינוק,"פינוק תחליב רחצה ילדים עם קמומיל 700 מ""ל",ברקודים חדשים,
7290000166148,יוניליוור,דאב,דאב רחצה תינוק 700ML,ברקודים חדשים,
7290000166414,יוניליוור,מזולה,מזולה לאפיה 200 ג',ברקודים חדשים,מסמן בפועל
7290000166421,יוניליוור,מזולה,מזולה לאפיה 200 ג',ברקודים חדשים,מסמן בפועל
7290000166605,יוניליוור,סיף,סיף ניקוי כללי יסמין 4ל,ברקודים חדשים,
7290000167503,יוניליוור,הלמנס,"הלמנס רטבי סלט רגילים 290 מ""ל",ברקודים חדשים,מסמן בפועל
7290000168173,יוניליוור,תלמה,תלמה דגני מבוגרים קראנצ'ים 340ג,ברקודים חדשים,מסמן בפועל
7290000168289,יוניליוור,פינוק,פינוק שמפו שמן מרוקאי 700 מל,ברקודים חדשים,
7290000168296,יוניליוור,פינוק,פינוק מרכך שיער שמן מרוקאי 700 מל,ברקודים חדשים,
7290000168302,יוניליוור,פינוק,פינוק סבון נוזלי שמן מרוקאי 700 מל,ברקודים חדשים,
7290000168418,יוניליוור,קנור,"קנור סויה בסגנון סיני מופחת נתרן 300 מ""ל",ברקודים חדשים,מסמן בפועל
7290000168425,יוניליוור,קנור,"קנור רוטב תיבול צ'ילי מופחת סוכר 300 מ""ל",ברקודים חדשים,מסמן בפועל
7290000169521,יוניליוור,קנור,קנור נמס בכוס ועוד ירקות+קרוטונים 56ג,ברקודים חדשים,מסמן בפועל
7290000169538,יוניליוור,קנור,קנור נמס בכוס ועוד עגבניות+קרוטונים 62ג,ברקודים חדשים,מסמן בפועל
7290000169798,יוניליוור,תלמה,עוגי 500גר,ברקודים חדשים,מסמן בפועל
7290000170053,שטראוס,ממתקים,שוק פרה חלב ללג בדצ,ברקודים חדשים,
7290000170077,שטראוס,ממתקים - נצרת,שוק פרה מריר ללג בדצ,ברקודים חדשים,
7290000170275,שטראוס,ממתקים - נצרת,פרה חלב+קרם נוגט/12טבל/100גר,ברקודים חדשים,
7290000171470,שטראוס,ממתקים - נצרת,כיף כף/24חטיף/45גר',ברקודים חדשים,
7290000173269,שטראוס,ממתקים - נצרת,"בזוקה מגדים ללג 1.8 ק""ג",ברקודים חדשים,
7290000174037,שטראוס,ממתקים - נצרת,בפלות לימון 500 גרם בדצ,ברקודים חדשים,
7290000174099,שטראוס,ממתקים - נצרת,בפלות בטעם שוקולד 500 ג' בדצ,ברקודים חדשים,
7290000175027,שטראוס,ממתקים - נצרת,ממרחית 500 ג ווסטהיים,ברקודים חדשים,
7290000175027,שטראוס,ממתקים - נצרת,ממרחית מדבקה 500 ג ווסטהיים,ברקודים חדשים,
7290000176857,שטראוס,ממתקים - נצרת,שוק' פרה לבן / 24 יח',ברקודים חדשים,
7290000178103,שטראוס,ממתקים - נצרת,מאג 4 פרה חלב ללג בדצ,ברקודים חדשים,
7290000178103,שטראוס,ממתקים,מאג 4 פרה חלב מדבקה ללג בדצ,ברקודים חדשים,
7290000178134,שטראוס,ממתקים - נצרת,מאג 4 פרה מריר ללג בדצ,ברקודים חדשים,
7290000179445,שטראוס,ממתקים - נצרת,בזוקה מגדים ללג רגיל 30 י/180,ברקודים חדשים,
7290000180212,שטראוס,ממתקים - נצרת,שוק.פרה מריר+אגוזים/12טבל/100גר',ברקודים חדשים,
7290000181103,שטראוס,ממתקים - נצרת,עד חצות חלב 2017,ברקודים חדשים,
7290000182766,שטראוס,ממתקים - נצרת,ממרחית חלב 500 ג ווסטהיים,ברקודים חדשים,
7290000184708,שטראוס,ממתקים - נצרת,בפלות שוקולד ללס בדצ,ברקודים חדשים,
7290000185224,חצר כנרת,חצר כנרת,סילאן בקבוק לחיץ 650 גרם עברית 34384,ברקודים חדשים,מסמן בפועל
7290000185293,חצר כנרת,חצר כנרת,סילאן טבעי 350 עברית צנצ.זכוכית 34385,ברקודים חדשים,מסמן בפועל
7290000185330,חצר כנרת,חצר כנרת,סילאן טבעי 900 גרם 34376-,ברקודים חדשים,מסמן בפועל
7290000185460,חצר כנרת,חצר כנרת,חרוסת 250 גרם צנצ.זכ.עברית (12 בקרטון),ברקודים חדשים,מסמן בפועל
7290000186535,חוגלה,חוגלה,נייר טואלט לילי טריפל קומפורט לבן 3 שכבות,ברקודים חדשים,
7290000187709,חוגלה,חוגלה,נייר טואלט לילי לבן 48 גלילים,ברקודים חדשים,
7290000187921,חוגלה,חוגלה,נייר טואלט לילי לבן 32 גלילים,ברקודים חדשים,
7290000187938,חוגלה,חוגלה,נייר טואלט לילי פסטל 32 גלילים,ברקודים חדשים,
7290000187952,חוגלה,חוגלה,נייר טואלט לילי טריפל קומפורט ורוד 3 שכבות,ברקודים חדשים,
7290000190853,חוגלה,חוגלה,נייר טואלט לילי קלאסיק 30 גלילים,ברקודים חדשים,
7290000201818,חוגלה,חוגלה,טיטולים מידה 2,ברקודים חדשים,
7290000201832,חוגלה,חוגלה,טיטולים מידה 3,ברקודים חדשים,
7290000201849,חוגלה,חוגלה,טיטולים מידה 4,ברקודים חדשים,
7290000201856,חוגלה,חוגלה,טיטולים מידה 4+ 40,ברקודים חדשים,
7290000201863,חוגלה,חוגלה,טיטולים מידה 5,ברקודים חדשים,
7290000201870,חוגלה,חוגלה,טיטולים מידה 6,ברקודים חדשים,
7290000209722,פרי גליל,פרי הגליל-2,רס. עגב. א- BX28 2פריכוז,ברקודים חדשים,מסמן על רב המוצרים
7290000211374,סוגת,סוגת,קמח מלא,ברקודים חדשים,
7290000215419,פרי גליל,ויטה-2,מרק עוף זהב 1.15קג ויטה,ברקודים חדשים,מסמן על רב המוצרים
7290000215419,פרי גליל,ויטה-2,מרק עוף 1.15קג כשלפ,ברקודים חדשים,מסמן על רב המוצרים
7290000216119,פרי גליל,ויטה-2,קניידלך ללא מנס ויטה (36יח'),ברקודים חדשים,מסמן על רב המוצרים
7290000243115,שמן תעשיות,מותגים שונים,"שמן סויה ""מגד"" 1 ליטר",ברקודים חדשים,מסמן על אריזות
7290000243122,שמן תעשיות,מותגים שונים,"קנולה 920 מ""ל זך",ברקודים חדשים,מסמן על אריזות
7290000243177,שמן תעשיות,מותגים שונים,"סויה 920 מ""ל זך",ברקודים חדשים,מסמן על אריזות
7290000243566,שמן תעשיות,מותגים שונים,"שמן קנולה בריאות מהטבע ""עץ-הזית"" 750 מ""ל",ברקודים חדשים,מסמן על אריזות
7290000244051,הנקל סוד,הוואי ס.נוזלי שלישיה,הוואי ס. נוזלי*3 טרופי,ברקודים חדשים,
7290000244082,הנקל סוד,הוואי ס.נוזלי שלישיה,הוואי ס.נוזלי *3 כחול,ברקודים חדשים,
7290000244143,הנקל סוד,קרמים,הוואי קרם לאחר גילוח,ברקודים חדשים,
7290000244280,עיסא ערטול,עיסא ערטול,משחת גלוח רגיל 1/25,ברקודים חדשים,
7290000244631,עיסא ערטול,עיסא ערטול,ענוגה קרם גליצרין 80 גרם 1/24,ברקודים חדשים,
7290000244761,הנקל סוד,קרמים,וולוטה קרם ידיים,ברקודים חדשים,
7290000245379,עיסא ערטול,עיסא ערטול,אמה 0.5 קג לימון 24 יח,ברקודים חדשים,
7290000245386,עיסא ערטול,עיסא ערטול,אמה 1 קג לימון 12 יח,ברקודים חדשים,
7290000253220,אופמהיימר,"משווק ע""י סידס",אופנהיימר שוקוצ'יפס פרווה 300 גרם,ברקודים חדשים,
7290000253251,אופמהיימר,"משווק ע""י סידס",אופנהיימר שוקוצ'יפס לבן 300 גרם,ברקודים חדשים,
7290000253800,אופמהיימר,"משווק ע""י סידס",אופנהיימר סוכריות קישוט צבעים טבעיים 1*12*90 גרם,ברקודים חדשים,
7290000255897,שטראוס,ממתקים - נצרת,שוק פרה פיצפ אורז ללג בדצ,ברקודים חדשים,
7290000262031,חוגלה,חוגלה,נייר טואלט מולט 32,ברקודים חדשים,
7290000262239,חוגלה,חוגלה,נייר טואלט מולט 48,ברקודים חדשים,
7290000272443,אסם,אסם,עסיס סירופ תפוז דיאט צבעים טבעי12*1ל חדש,ברקודים חדשים,
7290000272467,אסם,אסם,עסיס סירופ פטל דיאט צבעים טב.12*1ליטר,ברקודים חדשים,
7290000272696,אסם,אסם,עסיס מיץ לימון משומר 12*1ליטר,ברקודים חדשים,
7290000272726,אסם,אסם,עסיס חומץ טבעי 5% 12*1ליטר חדש,ברקודים חדשים,
7290000275901,אסם,אסם,צבר חומוסטחינה צנובר6*400גרם,ברקודים חדשים,
7290000284316,החברה המרכזית,קוקה קולה,קוקה קולה 1.5 ליטר,ברקודים חדשים,
7290000284347,החברה המרכזית,קוקה קולה,קינלי סודה 1.5 ליטר,ברקודים חדשים,
7290000284361,החברה המרכזית,קוקה קולה,דיאט קוקה קולה 1.5 ליטר,ברקודים חדשים,
7290000284743,החברה המרכזית,קוקה קולה,דיאט קולה נטול 1.5 ליטר,ברקודים חדשים,
7290000300139,אסם,אסם,טבעול המבורגר 5% שומן מן הצומח 6*750גרם,ברקודים חדשים,
7290000300337,אסם,אסם,טבעול נקניקיה וינר 6*750גרם,ברקודים חדשים,
7290000300689,אסם,אסם,טבעול שניצל ברוקולי 6*750גרם 2015,ברקודים חדשים,
7290000300900,אסם,אסם,טבעול שניצל תירס 8*750גרם-חדש,ברקודים חדשים,
7290000300924,אסם,אסם,טבעול שניצל תרד 6*750גרם 2015,ברקודים חדשים,
7290000301501,אסם,אסם,טבעול נקנק.מיני קוקטייל מעושן 6*750גרם,ברקודים חדשים,
7290000301655,אסם,אסם,טבעול חטיפי תירס 6*600גרם-חדש,ברקודים חדשים,
7290000301662,אסם,אסם,טבעול שניצל מן הצומח 99 קלוריות 6*750גרם,ברקודים חדשים,
7290000301778,אסם,אסם,טבעול כרובית בציפוי פריך 6*500גרם-חדש,ברקודים חדשים,
7290000309033,המברשת רוחמה,המברשת רוחמה,מטאטא שחור אדום גוף פלסטיק,ברקודים חדשים,
7290000309057,המברשת רוחמה,המברשת רוחמה,מטאטא זאוס גוף פלסטיק,ברקודים חדשים,
7290000309057,המברשת רוחמה,המברשת רוחמה,מטאטא זאוס גוף פלסטיק,ברקודים חדשים,
7290000309071,המברשת רוחמה,המברשת רוחמה,מטאטא ניל צבעוני גוף פלסטיק,ברקודים חדשים,
7290000309118,המברשת רוחמה,המברשת רוחמה,"מטאטא טייגר כביש 40 ס""מ פלסטיק",ברקודים חדשים,
7290000309125,המברשת רוחמה,המברשת רוחמה,מברשת סיוד 700,ברקודים חדשים,
7290000309149,המברשת רוחמה,המברשת רוחמה,"מגב פלסטיק יותם 40 ס""מ",ברקודים חדשים,
7290000309156,המברשת רוחמה,המברשת רוחמה,"מגב פלסטיק אלכס חד להב 40 ס""מ",ברקודים חדשים,
7290000309163,המברשת רוחמה,המברשת רוחמה,"מגב פלסטיק אלכס חד להב 40 ס""מ",ברקודים חדשים,
7290000309224,המברשת רוחמה,המברשת רוחמה,"מטאטא טייגר כביש 30 ס""מ פלסטיק",ברקודים חדשים,
7290000309248,המברשת רוחמה,המברשת רוחמה,"מגב פלסטיק דיסקברי 50 ס""מ",ברקודים חדשים,
7290000309255,המברשת רוחמה,המברשת רוחמה,"מגב פלסטיק דיסקברי 60 ס""מ",ברקודים חדשים,
7290000309262,המברשת רוחמה,המברשת רוחמה,מטאטא 023 גוף עץ,ברקודים חדשים,
7290000309293,המברשת רוחמה,המברשת רוחמה,מטאטא פנטזיה גוף פלסטיק,ברקודים חדשים,
7290000309293,המברשת רוחמה,המברשת רוחמה,מטאטא פנטזיה גוף פלסטיק,ברקודים חדשים,
7290000309316,המברשת רוחמה,המברשת רוחמה,מטאטא פנטזיה+מקל מתכת 1.20 מטר,ברקודים חדשים,
7290000309316,המברשת רוחמה,המברשת רוחמה,מטאטא פנטזיה גוף פלסטיק,ברקודים חדשים,
7290000309385,המברשת רוחמה,המברשת רוחמה,מברשת סיוד 800,ברקודים חדשים,
7290000309422,המברשת רוחמה,המברשת רוחמה,מטאטא ניל צבעוני גוף פלסטיק,ברקודים חדשים,
7290000309453,המברשת רוחמה,המברשת רוחמה,"מטאטא כביש עץ 30 ס""מ",ברקודים חדשים,
7290000309453,המברשת רוחמה,המברשת רוחמה,"מטאטא כביש עץ 30 ס""מ",ברקודים חדשים,
7290000309460,המברשת רוחמה,המברשת רוחמה,מטאטא טופ גוף עץ,ברקודים חדשים,
7290000309484,המברשת רוחמה,המברשת רוחמה,"מטאטא כביש עץ 40 ס""מ",ברקודים חדשים,
7290000309507,המברשת רוחמה,המברשת רוחמה,"מטאטא אולמות 120 ס""מ גוף עץ",ברקודים חדשים,
7290000309514,המברשת רוחמה,המברשת רוחמה,יעה+מקל מתקפל נועם,ברקודים חדשים,
7290000309576,המברשת רוחמה,המברשת רוחמה,מטאטא שיער סוס 28/7 גוף עץ,ברקודים חדשים,
7290000309583,המברשת רוחמה,המברשת רוחמה,דלי צבעוני 12 ליטר עם פייה,ברקודים חדשים,
7290000309620,המברשת רוחמה,המברשת רוחמה,"מטאטא טייגר כביש 60 ס""מ פלסטיק",ברקודים חדשים,
7290000309682,המברשת רוחמה,המברשת רוחמה,מטאטא 028/7 גוף עץ בוק,ברקודים חדשים,
7290000309699,המברשת רוחמה,המברשת רוחמה,מטאטא שיער סוס 28/7 אריזה אישית,ברקודים חדשים,
7290000309699,המברשת רוחמה,המברשת רוחמה,מטאטא שיער סוס 28/7 גוף עץ,ברקודים חדשים,
7290000309729,המברשת רוחמה,המברשת רוחמה,מטאטא 028/7 גוף עץ בוק,ברקודים חדשים,
7290000309736,המברשת רוחמה,המברשת רוחמה,מטאטא 232 גוף עץ בוק,ברקודים חדשים,
7290000309798,המברשת רוחמה,המברשת רוחמה,מברשת ספות 205,ברקודים חדשים,
7290000309798,המברשת רוחמה,המברשת רוחמה,מברשת ספות 205,ברקודים חדשים,
7290000309804,המברשת רוחמה,המברשת רוחמה,מברשת ניקוי ציפורניים 1208,ברקודים חדשים,
7290000309804,המברשת רוחמה,המברשת רוחמה,מברשת ניקוי ציפורניים 1208,ברקודים חדשים,
7290000309835,המברשת רוחמה,המברשת רוחמה,"מטאטא אולמות פלסטיק 40 ס""מ ",ברקודים חדשים,
7290000309866,המברשת רוחמה,המברשת רוחמה,מטאטא מירלה לכה גוף פלסטיק,ברקודים חדשים,
7290000309873,המברשת רוחמה,המברשת רוחמה,מברשת טואלט 333,ברקודים חדשים,
7290000309989,המברשת רוחמה,המברשת רוחמה,"מטאטא אולמות פלסטיק 60 ס""מ",ברקודים חדשים,
7290000311036,מן,רוקחמן,עוגיות גרנולה בטעם שוקולד מן (250 גרם),ברקודים חדשים,מסמן בפועל
7290000311043,מן,רוקחמן,עוגיות מיני קמח מלא ושיבולת שועל בטעם שוקולד מן (250 גרם),ברקודים חדשים,מסמן בפועל
7290000311081,מן,רוקחמן,וופלים בטעם שוקולד מחיטה מלאה מן (200 גרם),ברקודים חדשים,מסמן בפועל
7290000311104,מן,רוקחמן,עוגיות גרנולה מן (250 גרם),ברקודים חדשים,מסמן בפועל
7290000311111,מן,רוקחמן,עוגיות מיני מצופות בטעם שוקולד מן (250 גרם),ברקודים חדשים,מסמן בפועל
7290000311128,מן,רוקחמן,עוגיות מובחרות בטעם חמאה מן (300 גרם),ברקודים חדשים,מסמן בפועל
7290000311135,מן,רוקחמן,עוגיות סטיקס בטעם שוקולד מן (300 גרם),ברקודים חדשים,מסמן בפועל
7290000311180,מן,רוקחמן,ופלית בצבעים מן (25x10 גרם),ברקודים חדשים,מסמן בפועל
7290000311203,מן,רוקחמן,וופל שוקולד מן (200 גרם),ברקודים חדשים,מסמן בפועל
7290000311210,מן,רוקחמן,וופלים לימון מן (200 גרם),ברקודים חדשים,מסמן בפועל
7290000311227,מן,רוקחמן,וופלים עם קפה מן (200 גרם),ברקודים חדשים,מסמן בפועל
7290000311234,מן,רוקחמן,וופלים וניל מן (200 גרם),ברקודים חדשים,מסמן בפועל
7290000311272,מן,רוקחמן,וופלים חלבה מן (180 גרם),ברקודים חדשים,מסמן בפועל
7290000311319,מן,רוקחמן,"וופלים מצופים מן (1 ק""ג)",ברקודים חדשים,מסמן בפועל
7290000311333,מן,רוקחמן,וופלים מצופים שוקולד מן (500 גרם),ברקודים חדשים,מסמן בפועל
7290000311357,מן,רוקחמן,אגוזית וופל אגוזים מן (28x10 גרם),ברקודים חדשים,מסמן בפועל
7290000311364,מן,רוקחמן,וופל טייק 1 שוקולד מן (21x10 גרם),ברקודים חדשים,מסמן בפועל
7290000311425,מן,רוקחמן,ופלים מצופים מן (22x10 גרם),ברקודים חדשים,מסמן בפועל
7290000311500,מן,רוקחמן,וופל שוקולד מן (500 גרם),ברקודים חדשים,מסמן בפועל
7290000311517,מן,רוקחמן,וופל לימון מן (500 גרם),ברקודים חדשים,מסמן בפועל
7290000311623,מן,רוקחמן,עינוגיות מן (600 גרם),ברקודים חדשים,מסמן בפועל
7290000311685,מן,רוקחמן,עוגיות שומשום מן (300 גרם),ברקודים חדשים,מסמן בפועל
7290000311708,מן,רוקחמן,עוגיות חיטה מלאה מן (300 גרם),ברקודים חדשים,מסמן בפועל
7290000311715,מן,רוקחמן,עוגיות כוכבים בטעם שוקולד מן (300 גרם),ברקודים חדשים,מסמן בפועל
7290000311722,מן,רוקחמן,עוגיות כוכבים בטעם וניל מן (300 גרם),ברקודים חדשים,מסמן בפועל
7290000311739,מן,רוקחמן,עוגיות ירח בטעם לימון מן (300 גרם),ברקודים חדשים,מסמן בפועל
7290000311869,מן,רוקחמן,וופלים בטעם שוקולד ללא תוספת סוכר מן (180 גרם),ברקודים חדשים,מסמן בפועל
7290000311876,מן,רוקחמן,וופלים בטעם וניל ללא תוספת סוכר מן (180 גרם),ברקודים חדשים,מסמן בפועל
7290000311883,מן,רוקחמן,עוגיות גרנולה ללא תוספת סוכר מן (200 גרם),ברקודים חדשים,מסמן בפועל
7290000313160,אסם,אסם,אסם עוגיות שוקולד זהבה 12*250גרם,ברקודים חדשים,
7290000313184,אסם,אסם,אסם עוגיות גן חיות וניל 12*250גרם,ברקודים חדשים,
7290000313474,אסם,אסם,צבר חומוסטחינה עם פלפל חריף מטוגן 6*400ג,ברקודים חדשים,
7290000315126,יוניליוור,קנור,קנור בויון עוף 300 גרם,ברקודים חדשים,מסמן בפועל
7290000315133,יוניליוור,קנור,קנור בויון בקר 300 גרם,ברקודים חדשים,מסמן בפועל
7290000315140,יוניליוור,תלמה,קורנפלקס תירס מלא 500 גר,ברקודים חדשים,מסמן בפועל
7290000315195,יוניליוור,תלמה,מיוקל 5% משמן קנולה תלמה 500 גר,ברקודים חדשים,מסמן בפועל
7290000327372,טמפו,ג'אמפ,ג'אמפ דיאט אשכוליות 1.5 תריסר,ברקודים חדשים,
7290000327440,טמפו,ג'אמפ,ג'אמפ מנגו פסיפלורה  1.5 תריסר,ברקודים חדשים,
7290000327624,טמפו,סודה טמפו,סודה 1.5 ליטר תריסר,ברקודים חדשים,
7290000327693,טמפו,סודה בטעמים,סודה פירות יער 1.5 תריסר,ברקודים חדשים,
7290000327716,טמפו,סודה בטעמים,סודה אננס 1.5 תריסר,ברקודים חדשים,
7290000327723,טמפו,סודה מיקסרים,מי טוניק 1.5 ליטר תריסר,ברקודים חדשים,
7290000334042,תפוגן,תפוגן,"טוגן 2 ק""ג",ברקודים חדשים,
7290000334165,תפוגן,תפוגן,צ'יפס מובחר 700 גרם,ברקודים חדשים,
7290000334325,תפוגן,תפוגן,מארז ציפס למיקרו (3*125) 375 גרם,ברקודים חדשים,
7290000334387,תפוגן,תפוגן,"ציפס כשר לפסח בד""צ 2 ק""ג",ברקודים חדשים,
7290000334400,תפוגן,תפוגן,שניצל טבע צמחי 750 גרם,ברקודים חדשים,
7290000334424,תפוגן,תפוגן,שניצל טבע ירקות 750 גרם,ברקודים חדשים,
7290000334431,תפוגן,תפוגן,שניצל טבע תירס 750 גרם,ברקודים חדשים,
7290000334684,תפוגן,תפוגן,טבעות בצל 700 גרם,ברקודים חדשים,
7290000334745,תפוגן,תפוגן,"אמריקן ציפס 1.5 ק""ג",ברקודים חדשים,
7290000334912,תפוגן,תפוגן,טוגן 800 גרם,ברקודים חדשים,
7290000334981,תפוגן,תפוגן,אמריקן 123 750 גרם,ברקודים חדשים,
7290000336008,טמפו,ג'אמפ,"ג'אמפ ענבים 330 מ""ל פחית 24 יח'",ברקודים חדשים,
7290000336015,טמפו,ג'אמפ,ג'אמפ תפוח עץ 330 פחית 24 יח',ברקודים חדשים,
7290000336022,טמפו,ג'אמפ,ג'אמפ מנגו 330 פחית 24 יח',ברקודים חדשים,
7290000336039,טמפו,סיידר,נקטר סיידר תפוח צלול 330 פחית 24 יח',ברקודים חדשים,
7290000336046,טמפו,סיידר,נקטר סיידר תפוח מוגז 330 פחית 24 יח',ברקודים חדשים,
7290000336053,טמפו,סיידר,"סיידר תרכיז כשל""פ 330 בקבוק 24 יח'",ברקודים חדשים,
7290000336275,טמפו,סיידר,סיידר תפוח מוגז 330 בקבוק 24 יח',ברקודים חדשים,
7290000336282,טמפו,סיידר,סיידר תפוח צלול 330 בקבוק 24 יח',ברקודים חדשים,
7290000339528,קליר,קליר,לובן קלין אקונומיקה ללא בישום 4 ל'*6,ברקודים חדשים,
7290000339566,יוניליוור,בדין,בדין ורוד 4 ליטר,ברקודים חדשים,
7290000339566,יוניליוור,בדין,בדין ורוד 4 ליטר,ברקודים חדשים,
7290000341071,יוניליוור,בדין,בדין בייבי 2 ליטר,ברקודים חדשים,
7290000341224,קליר,קליר,לובן קלין אקונומיקה בניחוח לימון 4 ל'*6,ברקודים חדשים,
7290000342856,יוניליוור,בדין,בדין כחול 4 ליטר,ברקודים חדשים,
7290000342856,יוניליוור,בדין,בדין כחול 4 ליטר,ברקודים חדשים,
7290000345048,ויסוצקי,ויסוצקי,תה 74/125,ברקודים חדשים,
7290000345055,ויסוצקי,ויסוצקי,ארל גריי 100גרם,ברקודים חדשים,
7290000345116,ויסוצקי,ויסוצקי,תה ירוק 125גרם,ברקודים חדשים,
7290000345147,ויסוצקי,ויסוצקי,ארל גריי פח 200גרם,ברקודים חדשים,
7290000345208,ויסוצקי,ויסוצקי,-25/1תה מעודן,ברקודים חדשים,
7290000345215,ויסוצקי,ויסוצקי,100/1כחול C2000,ברקודים חדשים,
7290000345260,ויסוצקי,ויסוצקי,25/1.5במעטפה,ברקודים חדשים,
7290000345277,ויסוצקי,ויסוצקי,50/1.5במעטפה,ברקודים חדשים,
7290000345284,ויסוצקי,ויסוצקי,100/1.5במעטפה,ברקודים חדשים,
7290000345291,ויסוצקי,ויסוצקי,ארל גריי 25 T.Tחדש 2018,ברקודים חדשים,
7290000345307,ויסוצקי,ויסוצקי,50/1.5א.ג - TEAR TAPE,ברקודים חדשים,
7290000345536,ויסוצקי,ויסוצקי,תה נענע,ברקודים חדשים,
7290000345598,ויסוצקי,ויסוצקי,תה אפרסק,ברקודים חדשים,
7290000345604,ויסוצקי,ויסוצקי,תה לימון,ברקודים חדשים,
7290000345666,ויסוצקי,ויסוצקי,אינגליש ברקפסט,ברקודים חדשים,
7290000346021,ויסוצקי,ויסוצקי,"קמומיל "" 50הגן-הקסוםC24 """,ברקודים חדשים,
7290000346120,ויסוצקי,ויסוצקי,"קסם הקינמון-""הגן הקסום """,ברקודים חדשים,
7290000346137,ויסוצקי,ויסוצקי,"הילולי פירות-""הגן הקסום """,ברקודים חדשים,
7290000346144,ויסוצקי,ויסוצקי,"עינוגי התפוח-""הגן הקסום """,ברקודים חדשים,
7290000346151,ויסוצקי,ויסוצקי,"תות שדה עם ורד הבר-""גן-קסום """,ברקודים חדשים,
7290000346168,ויסוצקי,ויסוצקי,חליטת שומר - הגן הקסום,ברקודים חדשים,
7290000346199,ויסוצקי,ויסוצקי,"פירות היער-""הגן הקסום """,ברקודים חדשים,
7290000346205,ויסוצקי,ויסוצקי,"קמומיל-""הגן הקסום T.T C24 ""חדש 2018",ברקודים חדשים,
7290000346212,ויסוצקי,ויסוצקי,"מנטה-""הגן הקסום """,ברקודים חדשים,
7290000346229,ויסוצקי,ויסוצקי,"ורד הבר-""הגן הקסום """,ברקודים חדשים,
7290000346236,ויסוצקי,ויסוצקי,"לואיזה (ורבנה)""גן-קסום """,ברקודים חדשים,
7290000346281,ויסוצקי,ויסוצקי,"ורד הבר ""-50הגן הקסום """,ברקודים חדשים,
7290000346960,ויסוצקי,ויסוצקי,תה נענע 50/1.7,ברקודים חדשים,
7290000347011,ויסוצקי,ויסוצקי,  C2000 1000/1,ברקודים חדשים,
7290000347202,ויסוצקי,ויסוצקי,"74בק""ג",ברקודים חדשים,
7290000347226,ויסוצקי,ויסוצקי,"פרפר 1/2ק""ג",ברקודים חדשים,
7290000347738,ויסוצקי,ויסוצקי,תה ירוק עם נענע T.Tחדש 2018,ברקודים חדשים,
7290000347752,ויסוצקי,ויסוצקי,תה ירוק עם לימונית/לואיזה T.Tחדש 2018,ברקודים חדשים,
7290000355276,פרי גליל,טל-14,קטשופ 750ג טל ת.ויטמין,ברקודים חדשים,מסמן על רב המוצרים
7290000357751,טיבון ויל,טיבון ויל,לשון כבושה,ברקודים חדשים,
7290000363011,תנובה,תנובה,קוניאק מובחר ,ברקודים חדשים,
7290000363189,תנובה,תנובה,סרוולד ,ברקודים חדשים,
7290000363202,תנובה,תנובה,סלמי גליל,ברקודים חדשים,
7290000363233,תנובה,תנובה,קבנוס 100,ברקודים חדשים,
7290000363363,תנובה,תנובה,קבנוס מיוחד 160,ברקודים חדשים,
7290000363400,תנובה,תנובה,סלמי  פפרוני,ברקודים חדשים,
7290000363462,תנובה,תנובה,סלמי מעושן איטלקי,ברקודים חדשים,
7290000363486,תנובה,תנובה,נקניק תה,ברקודים חדשים,
7290000363899,תנובה,תנובה,נקניקיות פיקנטיות 400 גרם,ברקודים חדשים,
7290000364100,תנובה,תנובה,סלמי פריזר,ברקודים חדשים,
7290000364131,תנובה,תנובה,פריזר כפרי 400 גרם,ברקודים חדשים,
7290000364230,תנובה,תנובה,פסטרמה כפרית 100 גרם,ברקודים חדשים,
7290000364261,תנובה,תנובה,סלסולי כתף בקר 120 גרם,ברקודים חדשים,
7290000364278,תנובה,תנובה,סלסולי סלמי אטלקי 120 גרם,ברקודים חדשים,
7290000364285,תנובה,תנובה,סלסולי פסטרמה הודו 120 גרם,ברקודים חדשים,
7290000364292,תנובה,תנובה,סלסולי גחלים דל שומן 120 גרם,ברקודים חדשים,
7290000364506,תנובה,תנובה,פריזר כפרי 100 גרם,ברקודים חדשים,
7290000364544,תנובה,תנובה,פסטרמה עוף בגריל ,ברקודים חדשים,
7290000364759,תנובה,תנובה,נקניקיות קרנץ 500 גרם,ברקודים חדשים,
7290000364773,תנובה,תנובה,"נקניקיות עוף טרי תפז' ק""ג",ברקודים חדשים,
7290000364810,תנובה,תנובה,נקניקיות עגל 500 גרם,ברקודים חדשים,
7290000364858,תנובה,תנובה,"נקניקיות עוף טרי 1 ק""ג",ברקודים חדשים,
7290000364872,תנובה,תנובה,נקניקיות עוף 400 גרם,ברקודים חדשים,
7290000364957,תנובה,תנובה,נקניקיות מיני מיני עוף 700 גרם,ברקודים חדשים,
7290000365121,תנובה,תנובה,פסטרמה בסגנון רומני,ברקודים חדשים,
7290000365398,תנובה,תנובה,חזה הודו בדבש,ברקודים חדשים,
7290000365749,תנובה,תנובה,פס' הודו מעושנת ד.שומן,ברקודים חדשים,
7290000365756,תנובה,תנובה,פסטרמה ברביקיו דלת שומן,ברקודים חדשים,
7290000365886,תנובה,תנובה,פסטרמה בגריל ,ברקודים חדשים,
7290000365909,תנובה,תנובה,פסטרמה הודו מעושנת,ברקודים חדשים,
7290000365954,תנובה,תנובה,פסטרמה גחלים,ברקודים חדשים,
7290000365978,תנובה,תנובה,פסטרמה בציפוי שום וצ'לי,ברקודים חדשים,
7290000367590,תנובה,תנובה,צמד כפרי 800 גרם,ברקודים חדשים,
7290000408316,שטראוס,מחלבה,דנונה ביו  3% 200 גרם,ברקודים חדשים,
7290000408354,שטראוס,מחלבה,בר דנונה פצפוצים,ברקודים חדשים,
7290000416021,השחר העולה,השחר העולה,ממרח השחר העולה חלבי 500 גרם,ברקודים חדשים,מסמן בפועל
7290000416045,השחר העולה,השחר העולה,"ממרח השחר העולה 1 חלבי 1 ק""ג",ברקודים חדשים,מסמן בפועל
7290000416076,השחר העולה,השחר העולה,"צימקאו לבישול בד""צ",ברקודים חדשים,מסמן בפועל
7290000416113,השחר העולה,השחר העולה,"ממרח השחר חלבי בד""צ 400 גרם",ברקודים חדשים,מסמן בפועל
7290000416618,השחר העולה,השחר העולה,"ממרח השחר פרווה בד""צ 400 גרם",ברקודים חדשים,מסמן בפועל
7290000416632,השחר העולה,השחר העולה,"ממרח השחר פרווה בד""צ 1 ק""ג",ברקודים חדשים,מסמן בפועל
7290000416809,השחר העולה,השחר העולה,השחר חצי חצי 350 גרם,ברקודים חדשים,מסמן בפועל
7290000416854,השחר העולה,השחר העולה,קקאו השחר 150 גרם,ברקודים חדשים,מסמן בפועל
7290000416922,השחר העולה,השחר העולה,ממרח חלב 350 גרם,ברקודים חדשים,מסמן בפועל
7290000416984,השחר העולה,השחר העולה,נוגט אגוזים 350 גרם,ברקודים חדשים,מסמן בפועל
7290000418131,DPL,מפיץ נאופרם,טופ פד סופר 18 חדש,ברקודים חדשים,
7290000418155,DPL,מפיץ נאופרם,טופ פד סופר פלוס 16 חדש,ברקודים חדשים,
7290000436203,ברמן עוגיות ושוקולד,ברמן עוגיות ושוקולד,ציפס,ברקודים חדשים,
7290000442044,כצט,כצט,פמינה חמוציות,ברקודים חדשים,
7290000442587,כצט,כצט,"גינקו רב""ש",ברקודים חדשים,
7290000442594,כצט,כצט,קרם ידיים גינקו,ברקודים חדשים,
7290000449111,יוניליוור,סיף,סיף שמפו לרצפות GPC 1 ליטר,ברקודים חדשים,
7290000449128,יוניליוור,סיף,סיף שמפו לרצפות GPC 4 ליטר,ברקודים חדשים,
7290000449128,יוניליוור,סיף,סיף שמפו לרצפות GPC 4 ליטר,ברקודים חדשים,
7290000461625,יוניליוור,בייגל בייגל,בייגל בייגל בייגלה מלח 400 גרם,ברקודים חדשים,מסמן בפועל
7290000461625,יוניליוור,בייגל בייגל,בייגל בייגל בייגלה מלח 400 גרם,ברקודים חדשים,מסמן בפועל
7290000461656,יוניליוור,בייגל בייגל,אחד אחד 400גר,ברקודים חדשים,מסמן בפועל
7290000461700,יוניליוור,בייגל בייגל,גדול גדול 400גר,ברקודים חדשים,מסמן בפועל
7290000461724,יוניליוור,בייגל בייגל,בייגלה גדול שומשום 400גר,ברקודים חדשים,מסמן בפועל
7290000461793,יוניליוור,בייגל בייגל,ארוך ארוך 150גר,ברקודים חדשים,מסמן בפועל
7290000461861,יוניליוור,בייגל בייגל,דג דג מלח 400גר,ברקודים חדשים,מסמן בפועל
7290000461922,יוניליוור,בייגל בייגל,בייגלה ביג ביג 150גר,ברקודים חדשים,מסמן בפועל
7290000463124,אסם,אסם,בית השיטה זית ירוק גדול א2 12*340גרם,ברקודים חדשים,
7290000463148,אסם,אסם,בית השיטה זית ירוק א2 12*340גרם,ברקודים חדשים,
7290000463223,אסם,אסם,ב.הש.זית ירוק ט.שום17-19 א2 12*340גרם,ברקודים חדשים,
7290000463377,אסם,אסם,בית השיטה חרוזית ירוק א2 12*275גרם,ברקודים חדשים,
7290000463438,אסם,אסם,בית השיטה זית ירוק 17-19 6*410גרם,ברקודים חדשים,
7290000463445,אסם,אסם,בית השיטה חרוזית ירוקה 6*330גרם,ברקודים חדשים,
7290000463490,אסם,אסם,בית השיטה טבעות זיתים ירוק א2 12*280גרם,ברקודים חדשים,
7290000463575,אסם,אסם,בית השיטה זית ירוק טעם שום 6*410גרם,ברקודים חדשים,
7290000463889,אסם,אסם,בית השיטה חרוזית עש.תבל.א2 12*275גרם,ברקודים חדשים,
7290000463896,אסם,אסם,בית השיטה חרוזית פיקנטי א2 12*275גרם,ברקודים חדשים,
7290000464435,אסם,אסם,בית השיטה חרוזית מושחר א2 12*275גרם,ברקודים חדשים,
7290000464459,אסם,אסם,בית השיטה קוקטייל זיתים א2 12*336גרם,ברקודים חדשים,
7290000464527,אסם,אסם,בית השיטה חרוזית מרינד א2 12*340גרם,ברקודים חדשים,
7290000464992,אסם,אסם,ב.הש. טבעות זיתים מושחרים א2 12*280גרם,ברקודים חדשים,
7290000465289,אסם,אסם,ב.הש.זיתים ירוקים מבוקעים א2 12*340גרם,ברקודים חדשים,
7290000465494,אסם,אסם,בית השיטה זית סורי מבוקע א2 12*340גרם,ברקודים חדשים,
7290000465876,אסם,אסם,צבר חומוסיבוב חריף 6*400גרם,ברקודים חדשים,
7290000466187,אסם,אסם,בית השיטה מלפפון מלח א2 17-13 12*320גרם,ברקודים חדשים,
7290000467153,אסם,אסם,צבר חומוס סמיר הגדול 6*400גרם,ברקודים חדשים,
7290000467160,אסם,אסם,בית השיטה מלפ.בחומץ ר.טבע.א2 7-9 12*290ג,ברקודים חדשים,
7290000467184,אסם,אסם,ב.הש.מלפפון בחומץ ר.טבע.א2 17-13 12*290ג,ברקודים חדשים,
7290000467191,אסם,אסם,ב.הש.מלפפון בחומץ ר.טבע.א2 25-18 12*290ג,ברקודים חדשים,
7290000467320,אסם,אסם,צבר חומוס אבו מרוואן 6*400גרם,ברקודים חדשים,
7290000467511,אסם,אסם,ביסלי ברביקיו 48*55גרם,ברקודים חדשים,
7290000467887,אסם,אסם,ביסלי פיצה 24*55גרם,ברקודים חדשים,
7290000468006,אסם,אסם,בית השיטה כרוב כבוש א2 12*430גרם,ברקודים חדשים,
7290000468167,אסם,אסם,בית השיטה פלפל שיפקה א2 12*230גרם,ברקודים חדשים,
7290000468747,אסם,אסם,ביסלי גריל 48*55גרם,ברקודים חדשים,
7290000468747,אסם,אסם,ביסלי גריל קדמ ש.פ 48*55גרם,ברקודים חדשים,
7290000468877,אסם,אסם,ביסלי בצל 24*55גרם,ברקודים חדשים,
7290000474014,החברה המרכזית,טרה,חלב בשקית 1% -1 ליטר  (פ),ברקודים חדשים,
7290000474021,החברה המרכזית,טרה,חלב שקית 3%-1 ליטר  (פ),ברקודים חדשים,
7290000474076,החברה המרכזית,טרה,חלב בקרטון 3%-1 ליטר (פ),ברקודים חדשים,
7290000474083,החברה המרכזית,טרה,גבינה צהובה נעם מרוסקת 28% ,ברקודים חדשים,
7290000474090,החברה המרכזית,טרה,חלב בקרטון 1% -1 ליטר  (פ)                   ,ברקודים חדשים,
7290000474250,החברה המרכזית,טרה,"לבן 125 מ""ל 3% (פ)",ברקודים חדשים,
7290000474373,החברה המרכזית,טרה,"שמנת חמוצה - 200 מ""ל  (פ)",ברקודים חדשים,
7290000474410,החברה המרכזית,טרה,חמאה 100 גרם  (פ),ברקודים חדשים,
7290000474502,החברה המרכזית,טרה,גבינה לבנה 5% - 250 גרם (פ),ברקודים חדשים,
7290000474540,החברה המרכזית,טרה,טוב טעם 3% - 250 גרם ,ברקודים חדשים,
7290000474625,החברה המרכזית,טרה,"טוב טעם קשה לאפיה 9% - 16 ק""ג ",ברקודים חדשים,
7290000474830,החברה המרכזית,טרה,גבינה צהובה נעם מגורדת 28% 500 גרם ,ברקודים חדשים,
7290000479699,ביופט,"לה-קט - משווק ע""י דיפלומט","לה-קט 9 ק""ג עוף",ברקודים חדשים,
7290000493176,אסם,אסם,אסם אבקת רוטב צלי לבשר 3 12*22גרם,ברקודים חדשים,
7290000493183,אסם,אסם,אסם אבקת רוטב פטריות 3 12*30גרם,ברקודים חדשים,
7290000493923,אסם,אסם,אסם פודינג אינסטנט שוקולד לבן 12*80גרם,ברקודים חדשים,
7290000497044,א. ברמן,ברמן,ברמן אקטיב 750 גרם,ברקודים חדשים,
7290000497075,א. ברמן,ברמן,פיתה בריבוע קמח מלא,ברקודים חדשים,
7290000497082,א. ברמן,ברמן,פיתה בריבוע,ברקודים חדשים,
7290000497112,א. ברמן,ברמן,אחיד פרוס ברמן,ברקודים חדשים,
7290000497198,א. ברמן,ברמן,ברמן אסלי 10 פיתות,ברקודים חדשים,
7290000497204,א. ברמן,ברמן,ברמן אסלי 5 פיתות,ברקודים חדשים,
7290000497204,א. ברמן,ברמן,פיתה 5 בשקית ברמן,ברקודים חדשים,
7290000497228,א. ברמן,ברמן,לחמניות ברמן - 6 בשקית,ברקודים חדשים,
7290000497273,א. ברמן,ברמן,6 לחמניות אקטיב,ברקודים חדשים,
7290000497303,א. ברמן,ברמן,6 לחמניות מקמח מלא,ברקודים חדשים,
7290000497358,א. ברמן,ברמן,חלומית ארוזה ברמן,ברקודים חדשים,
7290000497426,א. ברמן,ברמן,ברמן קל לעניין,ברקודים חדשים,
7290000497457,א. ברמן,ברמן,לחם דגנים רשת,ברקודים חדשים,
7290000497488,א. ברמן,ברמן,חלה קלה ברמן,ברקודים חדשים,
7290000497532,א. ברמן,ברמן,ברמן לעניין,ברקודים חדשים,מסמן בפועל
7290000497532,א. ברמן,ברמן,ברמן לעניין,ברקודים חדשים,
7290000497570,א. ברמן,ברמן,דגני קלות ברמן,ברקודים חדשים,
7290000497617,א. ברמן,ברמן,רוגלך,ברקודים חדשים,
7290000497952,א. ברמן,ברמן,עוגת בוקר רוגלך,ברקודים חדשים,
7290000497969,א. ברמן,ברמן,עוגת בוקר פרג,ברקודים חדשים,
7290000497976,א. ברמן,ברמן,עוגת בוקר קקאו,ברקודים חדשים,
7290000498201,א. ברמן,ברמן,עוגת בוקר שוקולד צ'יפס,ברקודים חדשים,
7290000504025,ביסקול,מפיץ שטראוס,פטריה 300,ברקודים חדשים,מסמן בפועל
7290000504049,ביסקול,מפיץ שטראוס,קנקן 1200,ברקודים חדשים,מסמן בפועל
7290000504209,ביסקול,מפיץ שטראוס,"סוכרזית נוזלי 220 מ""ל",ברקודים חדשים,מסמן בפועל
7290000504261,ביסקול,מפיץ שטראוס,סוכרזית כמו סוכר 100 גר',ברקודים חדשים,מסמן בפועל
7290000504278,ביסקול,מפיץ שטראוס,פטנט 700,ברקודים חדשים,מסמן בפועל
7290000504360,ביסקול,מפיץ נאופרם,BISCOL אזורה טלק 80 גרם,ברקודים חדשים,
7290000504377,ביסקול,מפיץ נאופרם,BISCOL אזורה טלק 130 גרם,ברקודים חדשים,
7290000504384,ביסקול,מפיץ נאופרם,BISCOL אזורה טלק 250 גרם,ברקודים חדשים,
7290000504452,ביסקול,מפיץ נאופרם,BISCOL DRMO קליאו קרם ידיים ירוק,ברקודים חדשים,
7290000505374,ביסקול,מפיץ נאופרם,BISCOL קליאו דאו ספריי פנינה ורוד,ברקודים חדשים,
7290000505831,ביסקול,מפיץ נאופרם,BISCOL קליאו סבון שטיפה אינטימ,ברקודים חדשים,
7290000521008,טמפו,סגל רגיל,"סגל אדום יבש  750 מ""ל",ברקודים חדשים,
7290000521015,טמפו,סגל רגיל,"סגל לבן יבש 750 מ""ל",ברקודים חדשים,
7290000521022,טמפו,סגל רגיל,"סגל לבן חצי יבש 750 מ""ל",ברקודים חדשים,
7290000521060,טמפו,בן עמי,"בן עמי קברנה סוביניון 750 מ""ל",ברקודים חדשים,
7290000521251,טמפו,יין מתיישן,קברנה סוביניון לא מסונן מתיישן 2010,ברקודים חדשים,
7290000521275,טמפו,רכסים,רכסים דישון קברנה סוביניון 2010,ברקודים חדשים,
7290000521282,טמפו,רכסים,רכסים דובב מרלו 2009,ברקודים חדשים,
7290000521329,טמפו,רכסים,רכסים דובב ארגמן 2009,ברקודים חדשים,
7290000521336,טמפו,רכסים,"רכסים בן זמרה שרדונה 750 מ""ל 2013",ברקודים חדשים,
7290000521350,טמפו,זני של סגל,"""זני של סגל קברנה סוביניון 750 מ""""ל""",ברקודים חדשים,
7290000521367,טמפו,זני של סגל,"זני של סגל מרלו 750 מ""ל",ברקודים חדשים,
7290000521381,טמפו,זני של סגל,"זני של סגל קברנה ומרלו 750 מ""ל",ברקודים חדשים,
7290000521398,טמפו,זני של סגל,"זני של סגל קברנה שיראז 750 מ""ל",ברקודים חדשים,
7290000521404,טמפו,מרום גליל,"מרום גליל קברנה סוביניון סינגל 750 מ""ל",ברקודים חדשים,
7290000521411,טמפו,מרום גליל,"מרום  גליל מרלו סינגל 750 מ""ל",ברקודים חדשים,
7290000521428,טמפו,מרום גליל,"מרום גליל סינגל שרדונה 750 מ""ל",ברקודים חדשים,
7290000521435,טמפו,מרום גליל פיוז'ן,"פיוז'ן אדום מרום גליל 750 מ""ל",ברקודים חדשים,
7290000521442,טמפו,מרום גליל פיוז'ן,"פיוז'ן לבן מרום גליל 750 מ""ל",ברקודים חדשים,
7290000521473,טמפו,מרום גליל פיוז'ן,"מרום גליל פיוז'ן אדום  375 מ""ל",ברקודים חדשים,
7290000552118,טיבון ויל,טיבון ויל,נקנקיות מרגז 400 גרם,ברקודים חדשים,
7290000552194,טיבון ויל,טיבון ויל,קישקע 500 גרם,ברקודים חדשים,
7290000552569,טיבון ויל,טיבון ויל,סטייק בורגר 400 גרם,ברקודים חדשים,
7290000552927,טיבון ויל,טיבון ויל,טחון עוף 500 גרם,ברקודים חדשים,
7290000552934,טיבון ויל,טיבון ויל,טחון הודו 500 גרם,ברקודים חדשים,
7290000552989,טיבון ויל,טיבון ויל,בשר טחון מובחר 500 ג,ברקודים חדשים,
7290000572086,אחדות ביתר לטחינה,אחווה,טחינה אורגנית 500 גרם,ברקודים חדשים,מסמן בפועל
7290000572208,אחדות ביתר לטחינה,אחווה,חלוה 100 גרם אחוה,ברקודים חדשים,מסמן בפועל
7290000572222,אחדות ביתר לטחינה,אחווה,חלוה בלוק 500 גרם אחוה - וניל,ברקודים חדשים,מסמן בפועל
7290000572673,אחדות ביתר לטחינה,אחווה,"חלוה בקופסת שי ""חטיף 10""",ברקודים חדשים,מסמן בפועל
7290000572802,אחדות ביתר לטחינה,אחווה,טחינה אורגנית משומשום מלא 500 גרם,ברקודים חדשים,מסמן בפועל
7290000572819,אחדות ביתר לטחינה,אחווה,"טחינה גולמית 1 ק""ג בפלסטיק",ברקודים חדשים,מסמן בפועל
7290000599144,נועם אורים,Shiny,2 סחבות לרצפה Shiny,ברקודים חדשים,
7290000599434,נועם אורים,Shiny,3 סחבות לרצפה Shiny,ברקודים חדשים,
7290000599441,נועם אורים,Shiny,5 סחבות מגולגלות Shiny,ברקודים חדשים,
7290000599465,נועם אורים,Shiny,10 מטליות רב שימושיות Classic,ברקודים חדשים,
7290000688374,מי עדן,מי עדן,מי עדן- שישייה 0.25 ליטר - בייבי,ברקודים חדשים,מסמן בפועל
7290000688381,מי עדן,מי עדן,מי עדן- שישייה 0.5 ליטר – פקק ספורט,ברקודים חדשים,מסמן בפועל
7290000688503,מי עדן,מי עדן,מי עדן- שישייה 0.75 ליטר - ג'ים,ברקודים חדשים,מסמן בפועל
7290000688656,מי עדן,מי עדן,"מי עדן- שישיית 0.25 ליטר ""בייבי""",ברקודים חדשים,מסמן בפועל
7290000688732,מי עדן,מי עדן,מי עדן- שישייה 1.5 ליטר,ברקודים חדשים,מסמן בפועל
7290000688824,מי עדן,מי עדן,מי עדן- שמינייה 1.5 ליטר,ברקודים חדשים,מסמן בפועל
7290000805368,ביופט,"בוזנו - משווק ע""י דיפלומט",בונזו גורים 3 קג' - אירוז חדש,ברקודים חדשים,
7290000805580,ביופט,"בוזנו - משווק ע""י דיפלומט","בונזו בשר 20 ק""ג",ברקודים חדשים,
7290000805597,ביופט,"בוזנו - משווק ע""י דיפלומט","בונזו סניור 7+ 3 ק""ג",ברקודים חדשים,
7290000805597,ביופט,"בוזנו - משווק ע""י דיפלומט","בונזו סניור 7+ 3+1 ק""ג",ברקודים חדשים,
7290000805870,ביופט,"לה-קט - משווק ע""י דיפלומט","לה-קט 1.5 ק""ג דגים",ברקודים חדשים,
7290000805887,ביופט,"לה-קט - משווק ע""י דיפלומט","לה-קט 1.5 ק""ג כבד",ברקודים חדשים,
7290000805894,ביופט,"לה-קט - משווק ע""י דיפלומט","לה-קט 1.5 ק""ג עוף",ברקודים חדשים,
7290000805900,ביופט,"לה-קט - משווק ע""י דיפלומט","לה-קט 2.85 ק""ג עוף",ברקודים חדשים,
7290000805900,ביופט,"לה-קט - משווק ע""י דיפלומט","לה-קט 2.85 ק""ג עוף 30%תוספת",ברקודים חדשים,
7290000805917,ביופט,"לה-קט - משווק ע""י דיפלומט","לה-קט 2.85 ק""ג כבד",ברקודים חדשים,
7290000805924,ביופט,"לה-קט - משווק ע""י דיפלומט","לה-קט 2.85 ק""ג דגים",ברקודים חדשים,
7290000805924,ביופט,"לה-קט - משווק ע""י דיפלומט","לה-קט 2.85 ק""ג דגים 30% תוספת",ברקודים חדשים,
7290000907970,תנובה,תנובה,פסטרמה כפרית,ברקודים חדשים,
7290000913551,תנובה,תנובה, פסטרמה כפרית 400,ברקודים חדשים,
7290001006108,עוף טוב,עוף טוב,פסטרמה חזה הודו פפריקה דל שומן,ברקודים חדשים,
7290001041130,מיה מוצרי מזון,מיה מוצרי מזון,ממרח תמרים 450גר,ברקודים חדשים,מסמן על אריזות
7290001041277,מיה מוצרי מזון,מיה מוצרי מזון,פירורי לחם 400גרם,ברקודים חדשים,מסמן על אריזות
7290001041284,מיה מוצרי מזון,מיה מוצרי מזון,מיה - לקקנים תות 20יח,ברקודים חדשים,מסמן על אריזות
7290001041291,מיה מוצרי מזון,מיה מוצרי מזון,מיה - לקקנים 70יחידות,ברקודים חדשים,מסמן על אריזות
7290001041635,מיה מוצרי מזון,מיה מוצרי מזון,פירורי לחם מוזהבים 200גרם,ברקודים חדשים,מסמן על אריזות
7290001041642,מיה מוצרי מזון,מיה מוצרי מזון,פירורי לחם מתובלים 200גרם,ברקודים חדשים,מסמן על אריזות
7290001041659,מיה מוצרי מזון,מיה מוצרי מזון,תמרים 400גרם,ברקודים חדשים,מסמן על אריזות
7290001041932,מיה מוצרי מזון,מיה מוצרי מזון,קליפות הדרים מסוכרות 80גר,ברקודים חדשים,
7290001123775,טיבון ויל,טיבון ויל,שווארמה פרגיות 500 ג,ברקודים חדשים,
7290001123782,טיבון ויל,טיבון ויל,שווארמה הודו 500 גרם,ברקודים חדשים,
7290001124611,טיבון ויל,טיבון ויל,שומן כבש 200 גרם,ברקודים חדשים,
7290001124765,טיבון ויל,טיבון ויל,המבורגר אמיתי 400 גר,ברקודים חדשים,
7290001126455,טיבון ויל,טיבון ויל,סטייק בקר ח.ריא 200ג,ברקודים חדשים,
7290001133958,בלדי,בני ציון,צוריסוס קפוא 500ג'/12יח',ברקודים חדשים,מסמן בפועל
7290001184097,ביסקול,מפיץ נאופרם,BISCOL קליאו קרם גוף פנינה ירוק,ברקודים חדשים,
7290001184332,ביסקול,מפיץ נאופרם,BISCOL HYDRA קליאו קרם ידיים סגול,ברקודים חדשים,
7290001215098,סלטי מיקי,סלטי מיקי,סלמון מעושן,ברקודים חדשים,
7290001215456,סלטי מיקי,סלטי מיקי,מקרוסקה - פילה מקרל מעושן,ברקודים חדשים,
7290001216040,אגס ירוק,טחינה אלארז,"טחינה חצי ק""ג",ברקודים חדשים,
7290001216057,אגס ירוק,טחינה אלארז,"טחינה 1 ק,ג",ברקודים חדשים,
7290001216231,אגס ירוק,טחינה אלארז,"חצי ק""ג מלא",ברקודים חדשים,
7290001265116,אסם,אסם,מטרנה דייסת גם וגם קרנפ.פרוביוטי12*300גר,ברקודים חדשים,
7290001265123,אסם,אסם,מטרנה דייסת גם וגם דגנים פרוביוטי12*300ג,ברקודים חדשים,
7290001302194,אסם,אסם,ביסלי פלאפל 24*55גרם,ברקודים חדשים,
7290001302279,אסם,אסם,במבה קלאסי 48*60גרם,ברקודים חדשים,
7290001302279,אסם,אסם,במבה קלאסי קדמ.שוק פרטי 48*60גרם,ברקודים חדשים,
7290001322185,בלדי,בני ציון,קבב מזרחי 400 גר'/12 יח' מוצפי,ברקודים חדשים,מסמן בפועל
7290001327029,יוניליוור,שטראוס,"שטראוס מאגדת קורנטו טמקור שוקובו 830 מ""ל",ברקודים חדשים,
7290001327180,יוניליוור,קרמיסימו,קרמיסימו צ'יפ וניל 1.33 ל',ברקודים חדשים,
7290001327180,יוניליוור,קרמיסימו,קרמיסימו צ'יפ וניל 1.33 ל',ברקודים חדשים,
7290001327197,יוניליוור,קרמיסימו,קרמיסימו שוקו וניל 1.33 ל',ברקודים חדשים,
7290001327197,יוניליוור,קרמיסימו,קרמיסימו שוקו וניל 1.33 ל',ברקודים חדשים,
7290001327227,יוניליוור,קרמיסימו,קרמיסימו ריבת חלב 1.33 ל',ברקודים חדשים,
7290001327227,יוניליוור,קרמיסימו,קרמיסימו ריבת חלב 1.33 ל',ברקודים חדשים,
7290001327357,יוניליוור,קרמיסימו,קרמיסימו וניל 1.33 ל',ברקודים חדשים,
7290001327357,יוניליוור,קרמיסימו,קרמיסימו וניל 1.33 ל',ברקודים חדשים,
7290001327524,יוניליוור,שטראוס,שטראוס נוגט 5.5 ל',ברקודים חדשים,
7290001327524,יוניליוור,שטראוס,שטראוס נוגט 5.5 ל',ברקודים חדשים,
7290001327791,יוניליוור,קרמיסימו,קרמיסימו עוגיות 1.33 ל',ברקודים חדשים,
7290001327838,יוניליוור,מגנום,"מגנום מאגדת 60 מ""ל",ברקודים חדשים,
7290001327838,יוניליוור,מגנום,"מגנום מאגדת 60 מ""ל",ברקודים חדשים,
7290001327906,יוניליוור,שטראוס,"שטראוס שוטס תות בננה 18*182 מ""ל",ברקודים חדשים,
7290001327920,יוניליוור,שטראוס,"שטראוס מסטיגם 121 מ""ל",ברקודים חדשים,
7290001436790,בלדי,בני ציון,מרגז מיני אקסטרה חריף 500 גרם (הקצביה) 8 יח',ברקודים חדשים,מסמן בפועל
7290001484708,בלדי,בני ציון,טחון עגל אנגוס 500 גר/ 12 יח',ברקודים חדשים,מסמן בפועל
7290001485019,החברה המרכזית,טרה,"גבינת קרם שמנת 5% טבעי , 200 גרם ",ברקודים חדשים,
7290001485026,החברה המרכזית,טרה,"גבינת קרם שמנת 5% עם זיתי מרינד טבעיים , 200 גרם",ברקודים חדשים,
7290001485033,החברה המרכזית,טרה,"גבינת קרם שמנת 5% עם שום שמיר, 200 גרם ",ברקודים חדשים,
7290001485262,החברה המרכזית,טרה,"שמנת חמוצה- 125 מ""ל (פ)",ברקודים חדשים,
7290001485842,החברה המרכזית,טרה,"גבינה שמנה 9% 2 ק""ג ",ברקודים חדשים,
7290001485859,החברה המרכזית,טרה,"גבינת קוטג' 2 ק""ג 5% ",ברקודים חדשים,
7290001491010,ויסוצקי,ויסוצקי,תה ירוק עם יסמין T.Tשמינייה,ברקודים חדשים,
7290001491096,ויסוצקי,ויסוצקי,תה ירוק 50 לימונית לואיזה T.T,ברקודים חדשים,
7290001491812,ויסוצקי,ויסוצקי,תה ירוק עם פירות יער ופסיפלורה T.Tשמינייה,ברקודים חדשים,
7290001507285,מאיר בייגל,השדה,בייגלה שומשום מקמח מלא אורגני 200 גרם,ברקודים חדשים,
7290001594025,החברה המרכזית,קוקה קולה,"קוקה קולה קלאסי 350 מ""ל",ברקודים חדשים,
7290001594032,החברה המרכזית,קוקה קולה,"דיאט קוקה קולה קלאסי 350 מ""ל",ברקודים חדשים,
7290001594056,החברה המרכזית,קוקה קולה,"ק""ק פח נמוך 330 מ""ל מבצע",ברקודים חדשים,
7290001594155,החברה המרכזית,קוקה קולה,"קוקה קולה 500 מ""ל",ברקודים חדשים,
7290001594179,החברה המרכזית,קוקה קולה,"פנטה אורנג' 500 מ""ל",ברקודים חדשים,
7290001594186,החברה המרכזית,קוקה קולה,"דיאט קוקה קולה 500 מ""ל",ברקודים חדשים,
7290001594261,מבשלות בירה ישראליות,פריגת,"אשכוליות Light בק' ח""פ 330 24 מגש-כשל""פ",ברקודים חדשים,
7290001594261,מבשלות בירה ישראליות,פריגת,"אשכוליות Light בק' ח""פ 330 24 מגש",ברקודים חדשים,
7290001594278,מבשלות בירה ישראליות,פריגת,"ענבים בק' ח""פ 330 24 מגש",ברקודים חדשים,
7290001594377,מבשלות בירה ישראליות,פריגת,תפוזים בק' פט עגול 0.5 24 קרטון,ברקודים חדשים,
7290001594377,מבשלות בירה ישראליות,פריגת,"תפוזים בק' פט 0.5 24 קרטון-כשל""פ",ברקודים חדשים,
7290001594384,מבשלות בירה ישראליות,פריגת,אשכוליות בק' עגול פט 0.5 24 קרטון,ברקודים חדשים,
7290001594384,מבשלות בירה ישראליות,פריגת,"אשכוליות בק' פט 0.5 24 קרטון-כשל""פ",ברקודים חדשים,
7290001594391,מבשלות בירה ישראליות,פריגת,ענבים בק' עגול פט 0.5 24 קרטון,ברקודים חדשים,
7290001594391,מבשלות בירה ישראליות,פריגת,"ענבים בק' פט 0.5 24 קרטון-כשל""פ",ברקודים חדשים,
7290001594445,מבשלות בירה ישראליות,פריגת,"נקטר מנגו פח' 330 24 מגש - כשל""פ",ברקודים חדשים,
7290001594445,מבשלות בירה ישראליות,פריגת,נקטר מנגו פח' 330 24 מגש,ברקודים חדשים,
7290001697504,סולגר,סולגר,SUPHERB ARTH3PLEX 90 TAB,ברקודים חדשים,
7290001713372,קומפלקס כימיקליים,קומפלקס כימיקליים,"תרסיס לניקוי מוצרי עור 400 מ""ל",ברקודים חדשים,
7290001713488,קומפלקס כימיקליים,קומפלקס כימיקליים,חלונית 5 ליטר,ברקודים חדשים,
7290001713518,קומפלקס כימיקליים,קומפלקס כימיקליים,"נוזל ניקוי רהיטים 750 מ""ל",ברקודים חדשים,
7290001713853,קומפלקס כימיקליים,קומפלקס כימיקליים,אקונומיקה ריחנית 4 ליטר,ברקודים חדשים,
7290001779057,אסם,אסם,אקסטרים טילון ריבת חלב ענק בדצ 18*115גרם,ברקודים חדשים,
7290001779965,אסם,אסם,ויטמינצ'יק קרח בדצ ממע.7 6+4*80גרם,ברקודים חדשים,
7290001780800,אסם,אסם,קראנץ ליבת נוגט+אורז תפוח בדצ 28*100ג,ברקודים חדשים,
7290001813881,שטראוס,ממתקים - נצרת,פתיבר קלאסי 500 גר 2018,ברקודים חדשים,
7290001814147,שטראוס,ממתקים - נצרת,ממרח פרה שוקולד/12יח/500גר,ברקודים חדשים,
7290001814222,שטראוס,ממתקים - נצרת,שוק פרה חלב עדשים ללג בדצ,ברקודים חדשים,
7290001817063,שטראוס,ממתקים - נצרת,טופי מזל וברכות מגדים 850 ג',ברקודים חדשים,
7290001985311,יוניליוור,מגנום,"מגנום מאגדת 60 מ""ל",ברקודים חדשים,
7290001985311,יוניליוור,מגנום,"מגנום מאגדת 60 מ""ל",ברקודים חדשים,
7290001985502,יוניליוור,מקס,"מקס אבטיח 109 מ""ל",ברקודים חדשים,
7290001985502,יוניליוור,מקס,"מקס אבטיח 109 מ""ל",ברקודים חדשים,
7290001989036,סלטי שמיר,סלטי שמיר,"מקרלית מעושן 1ק""ג 7ימים",ברקודים חדשים,
7290001989043,סלטי שמיר,סלטי שמיר,"סלמון אפוי 1ק""ג 7ימים",ברקודים חדשים,
7290001989050,סלטי שמיר,סלטי שמיר,"מקרל מעושן שלם 1ק""ג 7ימים",ברקודים חדשים,
7290001989067,סלטי שמיר,סלטי שמיר,"פילה מקרל מעושן נקי (ויטהול) ק ק""ג 7ימים",ברקודים חדשים,
7290001989272,סלטי שמיר,סלטי שמיר,"איקרא אדומה 2ק""ג",ברקודים חדשים,
7290001989296,סלטי שמיר,סלטי שמיר,"חציל מרוקאי 2ק""ג",ברקודים חדשים,
7290001989364,סלטי שמיר,סלטי שמיר,"מקרל פרוס בשמן 1ק""ג",ברקודים חדשים,
7290001989371,סלטי שמיר,סלטי שמיר,"מקרלית מעדנייה( 1.5ק""ג)",ברקודים חדשים,
7290001989388,סלטי שמיר,סלטי שמיר,"מעדן (פרובנציאל) מטיאס הולנדי 2.5 \1.5ק""ג שקיל",ברקודים חדשים,
7290001989395,סלטי שמיר,סלטי שמיר,"הרינג כבוש עם בצל 2.5 \1.5ק""ג שקיל",ברקודים חדשים,
7290001989432,סלטי שמיר,סלטי שמיר,"כרוב לבן עם גזר (קולסלאו) 3ק""ג",ברקודים חדשים,
7290001989449,סלטי שמיר,סלטי שמיר,"טבעות גזר פיקנטי (מרוקאי ) 3ק""ג",ברקודים חדשים,
7290001989456,סלטי שמיר,סלטי שמיר,"חציל במיונז ביתי ( למעידנייה) 2ק""ג",ברקודים חדשים,
7290001989463,סלטי שמיר,סלטי שמיר,"תפוחי אדמה ביתי (למעדנייה) 2ק""ג",ברקודים חדשים,
7290001989470,סלטי שמיר,סלטי שמיר,"חציל פרוסות ברוטב (סטייק) 2ק""ג",ברקודים חדשים,
7290001989487,סלטי שמיר,סלטי שמיר,"טונה אדומה (טוניסאית) 2ק""ג",ברקודים חדשים,
7290001989500,סלטי שמיר,סלטי שמיר,"סלט טונה עם ירקות (בריאות) 2ק""ג",ברקודים חדשים,
7290001989517,סלטי שמיר,סלטי שמיר,"סלט ביצים ביתי 2ק""ג",ברקודים חדשים,
7290001989760,סלטי שמיר,סלטי שמיר,"סלמון אפוי מתובל חדש 1ק""ג שקיל 7ימים",ברקודים חדשים,
7290001990261,סוגת,סוגת,חומוס,ברקודים חדשים,
7290001990421,סוגת,סוגת,פופ קורן,ברקודים חדשים,
7290002000136,ש. שוורץ,מותג של דנשר ומשווק על ידם,מגע המשי הדבש שעווה למיקרו 500ג',ברקודים חדשים,
7290002000266,ש. שוורץ,מותג של דנשר ומשווק על ידם,מגע המשי התפוח שעווה למיקרו 500ג',ברקודים חדשים,
7290002002611,ש. שוורץ,מותג של דנשר ומשווק על ידם,מגע המשי הדבש שעווה קרה 500ג',ברקודים חדשים,
7290002002635,ש. שוורץ,מותג של דנשר ומשווק על ידם,מגע המשי דבש ש.לפנים 80גרם,ברקודים חדשים,
7290002014003,סלטי מיקי,סלטי מיקי,חציל בטעם כבד,ברקודים חדשים,
7290002014027,סלטי מיקי,סלטי מיקי,כרוב קולסלאו,ברקודים חדשים,
7290002014072,סלטי מיקי,סלטי מיקי,פלפל חריף כבוש,ברקודים חדשים,
7290002014089,סלטי מיקי,סלטי מיקי,סחוג ירוק,ברקודים חדשים,
7290002014102,סלטי מיקי,סלטי מיקי,סלק,ברקודים חדשים,
7290002014126,סלטי מיקי,סלטי מיקי,פילה הרינג כבוש,ברקודים חדשים,
7290002014133,סלטי מיקי,סלטי מיקי,פילה מטיאס,ברקודים חדשים,
7290002014171,סלטי מיקי,סלטי מיקי,מקרושקה - פילה מקרל מעושן מפולפל,ברקודים חדשים,
7290002014201,סלטי מיקי,סלטי מיקי,חומוס נטו,ברקודים חדשים,
7290002014218,סלטי מיקי,סלטי מיקי,סלט טחינה,ברקודים חדשים,
7290002014225,סלטי מיקי,סלטי מיקי,חציל במיונז,ברקודים חדשים,
7290002014232,סלטי מיקי,סלטי מיקי,סלט טורקי,ברקודים חדשים,
7290002014430,סלטי מיקי,סלטי מיקי,חומוס נטו,ברקודים חדשים,
7290002014447,סלטי מיקי,סלטי מיקי,טחינה,ברקודים חדשים,
7290002014454,סלטי מיקי,סלטי מיקי,חציל במיונז,ברקודים חדשים,
7290002014461,סלטי מיקי,סלטי מיקי,חציל יווני,ברקודים חדשים,
7290002014478,סלטי מיקי,סלטי מיקי,חציל רומני,ברקודים חדשים,
7290002014485,סלטי מיקי,סלטי מיקי,סלט טורקי,ברקודים חדשים,
7290002014492,סלטי מיקי,סלטי מיקי,תפו'א,ברקודים חדשים,
7290002014522,סלטי מיקי,סלטי מיקי,איקרה לבנה,ברקודים חדשים,
7290002014539,סלטי מיקי,סלטי מיקי,חציל פרוס ברוטב,ברקודים חדשים,
7290002014546,סלטי מיקי,סלטי מיקי,כרוב שוודי,ברקודים חדשים,
7290002014577,סלטי מיקי,סלטי מיקי,סחוג אדום,ברקודים חדשים,
7290002014607,סלטי מיקי,סלטי מיקי,חומוס מזרחי,ברקודים חדשים,
7290002014614,סלטי מיקי,סלטי מיקי,מקרל בשמן,ברקודים חדשים,
7290002014690,סלטי מיקי,סלטי מיקי,עמבה,ברקודים חדשים,
7290002014751,סלטי מיקי,סלטי מיקי,כרוב שוודי,ברקודים חדשים,
7290002014782,סלטי מיקי,סלטי מיקי,איקרה רומני,ברקודים חדשים,
7290002014799,סלטי מיקי,סלטי מיקי,מטבוחה,ברקודים חדשים,
7290002014829,סלטי מיקי,סלטי מיקי,חזרת,ברקודים חדשים,
7290002014836,סלטי מיקי,סלטי מיקי,שום כתוש,ברקודים חדשים,
7290002014843,סלטי מיקי,סלטי מיקי,חציל על האש,ברקודים חדשים,
7290002014867,סלטי מיקי,סלטי מיקי,אריסה טוניסאית,ברקודים חדשים,
7290002014959,סלטי מיקי,סלטי מיקי,חציל במיונז,ברקודים חדשים,
7290002022152,"כרמית תעשיות ממתקים בע""מ","כרמית תעשיות ממתקים בע""מ",מרשמלו 100ג20X שקיות,ברקודים חדשים,מסמן על אריזות
7290002024002,סלטי שמיר,סלטי שמיר,"חומוס 3ק""ג",ברקודים חדשים,
7290002024019,סלטי שמיר,סלטי שמיר,"טחינה 3ק""ג",ברקודים חדשים,
7290002024033,סלטי שמיר,סלטי שמיר,"תורכי 3ק""ג",ברקודים חדשים,
7290002024040,סלטי שמיר,סלטי שמיר,"תפ''א במיונז 3ק""ג",ברקודים חדשים,
7290002024064,סלטי שמיר,סלטי שמיר,"חציל פרוסות פיקנטי 2ק""ג",ברקודים חדשים,
7290002024095,סלטי שמיר,סלטי שמיר,"טחינה ירוקה 2ק""ג",ברקודים חדשים,
7290002024118,סלטי שמיר,סלטי שמיר,"איקרא לבנה 3ק""ג",ברקודים חדשים,
7290002024125,סלטי שמיר,סלטי שמיר,"כרוב אדום 3ק""ג",ברקודים חדשים,
7290002024149,סלטי שמיר,סלטי שמיר,"חומוס מזרחי 3ק""ג",ברקודים חדשים,
7290002024156,סלטי שמיר,סלטי שמיר,"סחוג אדום 3ק""ג",ברקודים חדשים,
7290002024163,סלטי שמיר,סלטי שמיר,"סחוג תמני 3ק""ג",ברקודים חדשים,
7290002024187,סלטי שמיר,סלטי שמיר,"תורכי איסטנבול 3ק""ג",ברקודים חדשים,
7290002024217,סלטי שמיר,סלטי שמיר,"חומוס ירושלמי 3ק""ג",ברקודים חדשים,
7290002024781,סלטי שמיר,סלטי שמיר,"מעדן חציל 2ק""ג",ברקודים חדשים,
7290002024842,סלטי שמיר,סלטי שמיר,"עריסה 3ק""ג",ברקודים חדשים,
7290002024910,סלטי שמיר,סלטי שמיר,"סלט תירס 2ק""ג",ברקודים חדשים,
7290002037040,א. ברמן,ברמן,חלה קלה ודש,ברקודים חדשים,
7290002037057,א. ברמן,ברמן,לחם לבן פרוס ודש,ברקודים חדשים,
7290002037125,א. ברמן,ברמן,חלה פרוסה ודש,ברקודים חדשים,
7290002037194,א. ברמן,ברמן,לחם שחור מקמח מלא,ברקודים חדשים,
7290002037248,א. ברמן,ברמן,לחמניה דגני קלות 6 בשקית.,ברקודים חדשים,
7290002037309,א. ברמן,ברמן,לחמניה המבורגר 8 בשקית,ברקודים חדשים,
7290002037545,א. ברמן,ברמן,לחם שחור קל,ברקודים חדשים,
7290002037569,א. ברמן,ברמן,לחמניות באניס 6 בשקית,ברקודים חדשים,
7290002037637,א. ברמן,ברמן,חליה מתוקה 4 בשקית,ברקודים חדשים,
7290002037828,א. ברמן,ברמן,דגני קלות ודש,ברקודים חדשים,
7290002040019,קוסקוס,קוסקוס,קוסקוס רגיל 350גר,ברקודים חדשים,מסמן בפועל
7290002040064,קוסקוס,קוסקוס,קוסקוס דק 350 גר,ברקודים חדשים,מסמן בפועל
7290002040071,קוסקוס,קוסקוס,קוסקוס עבה 350 גר,ברקודים חדשים,מסמן בפועל
7290002040088,קוסקוס,קוסקוס,קוסקוס מלא 350 גר,ברקודים חדשים,מסמן בפועל
7290002043003,א.ל יצור תבלינים - תבליני מימון,"תבלינים 1 ק""ג","פפריקה מתוקה 1 ק""ג חנויות",ברקודים חדשים,
7290002107019,החברה המרכזית,משק צוריאל,צפתית מעודנת 5% בגביע 250 גרם,ברקודים חדשים,
7290002107071,החברה המרכזית,משק צוריאל,בולגרית עיזים מעודנת בגביע - 200 גר',ברקודים חדשים,
7290002107118,החברה המרכזית,משק צוריאל,"בולגרית קשה 16% 4 ק""ג",ברקודים חדשים,
7290002107316,החברה המרכזית,משק צוריאל,"טבורוג 5% - 2 ק""ג",ברקודים חדשים,
7290002107385,החברה המרכזית,משק צוריאל,מה-עז - גליל גבינת עיזים 180 גרם,ברקודים חדשים,
7290002107422,החברה המרכזית,משק צוריאל,"בולגרית גלילית 5% 4 ק""ג",ברקודים חדשים,
7290002107491,החברה המרכזית,משק צוריאל,גבינת עזים למריחה 5% - טבעי - 250 גר',ברקודים חדשים,
7290002107743,החברה המרכזית,משק צוריאל,"צפתית מעודנת - 5% - 4 ק""ג",ברקודים חדשים,
7290002107798,החברה המרכזית,משק צוריאל,בולגרית מעודנת 5% בגביע 250גרם,ברקודים חדשים,
7290002107965,החברה המרכזית,משק צוריאל,טבורוג - גבינה לאפייה 5% - 500 גר',ברקודים חדשים,
7290002109013,טיבון ויל,טיבון ויל,קבב מזרחי 400נתח בקר,ברקודים חדשים,
7290002109020,טיבון ויל,טיבון ויל,המבורגר 500 נתח בקר,ברקודים חדשים,
7290002109037,טיבון ויל,טיבון ויל,טחון עוף 500 נתח בקר,ברקודים חדשים,
7290002109044,טיבון ויל,טיבון ויל,טחון הודו 500נתח בקר,ברקודים חדשים,
7290002109051,טיבון ויל,טיבון ויל,טחון בקר 500 נתח בקר,ברקודים חדשים,
7290002109068,טיבון ויל,טיבון ויל,גולש עג מ בק חלק ריא,ברקודים חדשים,
7290002109280,טיבון ויל,טיבון ויל,350מיני מרגז חריף אש,ברקודים חדשים,
7290002109488,טיבון ויל,טיבון ויל,קבב אמיתי 100% 440גר,ברקודים חדשים,
7290002157830,טיבון ויל,טיבון ויל,קוביות גולש 100% בשר,ברקודים חדשים,
7290002195054,בלדי,בני ציון,המבורגר בלדי 400 גרם/12 יח',ברקודים חדשים,מסמן בפועל
7290002195085,בלדי,בני ציון,קבב מזרחי 400 גר'/12 יח',ברקודים חדשים,מסמן בפועל
7290002195092,בלדי,בני ציון,קבב רומני 400 גר'/12יח',ברקודים חדשים,מסמן בפועל
7290002196020,משק דבורים לין,משק דבורים לין,"מזון מלכות בדבש 33,000 450 גרם",ברקודים חדשים,
7290002196020,משק דבורים לין,משק דבורים לין,"מזון מלכות בדבש 33,000 450 גרם",ברקודים חדשים,
7290002196143,משק דבורים לין,משק דבורים לין,ג'ינסנג ומזון מלכות בדבש 450 גרם,ברקודים חדשים,
7290002196143,משק דבורים לין,משק דבורים לין,ג'ינסנג ומזון מלכות בדבש 450 גרם,ברקודים חדשים,
7290002196167,משק דבורים לין,משק דבורים לין,"דבש אורגני 1 ק""ג",ברקודים חדשים,
7290002196167,משק דבורים לין,משק דבורים לין,"דבש אורגני 1 ק""ג",ברקודים חדשים,
7290002196174,משק דבורים לין,משק דבורים לין,"מזון מלכות בדבש 35,000 450 גרם",ברקודים חדשים,
7290002196174,משק דבורים לין,משק דבורים לין,"מזון מלכות בדבש 35,000 450 גרם",ברקודים חדשים,
7290002196235,משק דבורים לין,משק דבורים לין,דבש אורגני 500 גרם,ברקודים חדשים,
7290002196235,משק דבורים לין,משק דבורים לין,דבש אורגני 500 גרם,ברקודים חדשים,
7290002196236,משק דבורים לין,משק דבורים לין,פרופוליס ומזון מלכות בדבש 450 גרם,ברקודים חדשים,
7290002196236,משק דבורים לין,משק דבורים לין,פרופוליס ומזון מלכות בדבש 450 גרם,ברקודים חדשים,
7290002196372,משק דבורים לין,משק דבורים לין,רוטב סילאן גריל 320 גרם,ברקודים חדשים,
7290002196372,משק דבורים לין,משק דבורים לין,רוטב סילאן גריל 320 גרם,ברקודים חדשים,מסמן על אריזות
7290002196495,משק דבורים לין,משק דבורים לין,רוטב גינג'ר ופלפל אדום,ברקודים חדשים,
7290002196495,משק דבורים לין,משק דבורים לין,רוטב גינג'ר ופלפל אדום,ברקודים חדשים,מסמן על אריזות
7290002196709,משק דבורים לין,משק דבורים לין,טחינה אתיופית מלאה ט.מונבטת 350 גרם,ברקודים חדשים,
7290002196709,משק דבורים לין,משק דבורים לין,טחינה אתיופית מלאה ט.מונבטת 350 גרם,ברקודים חדשים,
7290002196730,משק דבורים לין,משק דבורים לין,חרוסת 250גרם,ברקודים חדשים,
7290002196730,משק דבורים לין,משק דבורים לין,חרוסת 250גרם,ברקודים חדשים,
7290002196754,משק דבורים לין,משק דבורים לין,סילאן טבעי 450 גרם,ברקודים חדשים,
7290002196754,משק דבורים לין,משק דבורים לין,סילאן טבעי 450 גרם,ברקודים חדשים,
7290002196884,משק דבורים לין,משק דבורים לין,רוטב דבש עם בוטנים וקארי 320 גרם,ברקודים חדשים,
7290002196884,משק דבורים לין,משק דבורים לין,רוטב דבש עם בוטנים וקארי 320 גרם,ברקודים חדשים,מסמן על אריזות
7290002196938,משק דבורים לין,משק דבורים לין,טחינה אתיופית מלאה ט.מונבטת 700 גרם,ברקודים חדשים,
7290002196938,משק דבורים לין,משק דבורים לין,טחינה אתיופית מלאה ט.מונבטת 700 גרם,ברקודים חדשים,
7290002196952,משק דבורים לין,משק דבורים לין,טחינה אתיופית אורגנית 350 גרם,ברקודים חדשים,
7290002196952,משק דבורים לין,משק דבורים לין,טחינה אתיופית אורגנית 350 גרם,ברקודים חדשים,
7290002196990,משק דבורים לין,משק דבורים לין,טחינה אתיופית אורגנית 700 גרם,ברקודים חדשים,
7290002196990,משק דבורים לין,משק דבורים לין,טחינה אתיופית אורגנית 700 גרם,ברקודים חדשים,
7290002241157,טיבון ויל,טיבון ויל,קוביות חזה מטוגן,ברקודים חדשים,
7290002260059,אסם,אסם,במבה יום הולדת 48*60גרם,ברקודים חדשים,
7290002260479,אסם,אסם,אסם פתיתים אפויים קוסקוס מאח.6 2*500גרם,ברקודים חדשים,
7290002263005,א.ל יצור תבלינים - תבליני מימון,"תבלינים 1 ק""ג","זעתר ושומשום 1 ק""ג שקית",ברקודים חדשים,
7290002263012,א.ל יצור תבלינים - תבליני מימון,"תבלינים 1 ק""ג","חוויג' למרק 1 ק""ג שקית",ברקודים חדשים,
7290002263029,א.ל יצור תבלינים - תבליני מימון,"תבלינים 1 ק""ג","מדרס קארי 1 ק""ג שקית",ברקודים חדשים,
7290002263036,א.ל יצור תבלינים - תבליני מימון,"תבלינים 1 ק""ג","פילדלפיה גריל אמריקאי 1 ק""ג שקית",ברקודים חדשים,
7290002263050,א.ל יצור תבלינים - תבליני מימון,"תבלינים 1 ק""ג","תבלין גריל עוף 1 ק""ג שקית",ברקודים חדשים,
7290002263067,א.ל יצור תבלינים - תבליני מימון,"תבלינים 1 ק""ג","תבלין על האש 1 ק""ג שקית",ברקודים חדשים,
7290002263074,א.ל יצור תבלינים - תבליני מימון,"תבלינים 1 ק""ג","תבלין לדג 1 ק""ג שקית",ברקודים חדשים,
7290002263104,א.ל יצור תבלינים - תבליני מימון,"תבלינים 1 ק""ג","תערובת לסחוג 1 ק""ג שקית",ברקודים חדשים,
7290002263128,א.ל יצור תבלינים - תבליני מימון,"תבלינים 1 ק""ג","תערובת צימיצורי 1 ק""ג שקית",ברקודים חדשים,
7290002263135,א.ל יצור תבלינים - תבליני מימון,"תבלינים 1 ק""ג","תערובת לקציצות 1 ק""ג שקית",ברקודים חדשים,
7290002263166,א.ל יצור תבלינים - תבליני מימון,"תבלינים 1 ק""ג","כמון 1 ק""ג שקית",ברקודים חדשים,
7290002263173,א.ל יצור תבלינים - תבליני מימון,"תבלינים 1 ק""ג","מעורב ירושלמי 1 ק""ג שקית",ברקודים חדשים,
7290002263180,א.ל יצור תבלינים - תבליני מימון,"תבלינים 1 ק""ג","בהרט 1 ק""ג שקית",ברקודים חדשים,
7290002263210,א.ל יצור תבלינים - תבליני מימון,"תבלינים 1 ק""ג","אורגנו 1 ק""ג",ברקודים חדשים,
7290002263227,א.ל יצור תבלינים - תבליני מימון,"תבלינים 1 ק""ג","בצל מטוגן 1 ק""ג שקית",ברקודים חדשים,
7290002263289,א.ל יצור תבלינים - תבליני מימון,"תבלינים 1 ק""ג",גרגירי חרדל שלם שקית,ברקודים חדשים,
7290002263296,א.ל יצור תבלינים - תבליני מימון,"תבלינים 1 ק""ג","כורכום 1 ק""ג שקית",ברקודים חדשים,
7290002263302,א.ל יצור תבלינים - תבליני מימון,"תבלינים 1 ק""ג","פפריקה חריפה 1 ק""ג שקית",ברקודים חדשים,
7290002263319,א.ל יצור תבלינים - תבליני מימון,"תבלינים 1 ק""ג","פפריקה מרוקאית מתוקה 1 ק""ג שקית",ברקודים חדשים,
7290002263326,א.ל יצור תבלינים - תבליני מימון,"תבלינים 1 ק""ג","פפריקה מתוקה 1 ק""ג שקית",ברקודים חדשים,
7290002263333,א.ל יצור תבלינים - תבליני מימון,"תבלינים 1 ק""ג","צילי 1 ק""ג שקית",ברקודים חדשים,
7290002263340,א.ל יצור תבלינים - תבליני מימון,"תבלינים 1 ק""ג","קינמון טחון 1 ק""ג שקית",ברקודים חדשים,
7290002263357,א.ל יצור תבלינים - תבליני מימון,"תבלינים 1 ק""ג","קינמון שלם 1 ק""ג שקית",ברקודים חדשים,
7290002263364,א.ל יצור תבלינים - תבליני מימון,"תבלינים 1 ק""ג","שבבי בצל 1 ק""ג שקית",ברקודים חדשים,
7290002263371,א.ל יצור תבלינים - תבליני מימון,"תבלינים 1 ק""ג","שום גבישי 1 ק""ג שקית",ברקודים חדשים,
7290002263401,א.ל יצור תבלינים - תבליני מימון,"תבלינים 1 ק""ג","שיני שום 1 ק""ג שקית",ברקודים חדשים,
7290002263418,א.ל יצור תבלינים - תבליני מימון,"תבלינים 1 ק""ג","שודניה שטה שלם 1 ק""ג שקית",ברקודים חדשים,
7290002263425,א.ל יצור תבלינים - תבליני מימון,"תבלינים 1 ק""ג","קימל שלם 1 ק""ג",ברקודים חדשים,
7290002263432,א.ל יצור תבלינים - תבליני מימון,"תבלינים 1 ק""ג","קצח 1 ק""ג שקית",ברקודים חדשים,
7290002263456,א.ל יצור תבלינים - תבליני מימון,"תבלינים 1 ק""ג","פלפל שחור טחון 1 ק""ג שקית",ברקודים חדשים,
7290002263463,א.ל יצור תבלינים - תבליני מימון,"תבלינים 1 ק""ג","פלפל שחור גרוס דק 1 ק""ג שקית",ברקודים חדשים,
7290002263470,א.ל יצור תבלינים - תבליני מימון,"תבלינים 1 ק""ג","פלפל שחור גרוס גס 1 ק""ג שקית",ברקודים חדשים,
7290002263487,א.ל יצור תבלינים - תבליני מימון,"תבלינים 1 ק""ג","פלפל שחור שלם 1 ק""ג שקית",ברקודים חדשים,
7290002263517,א.ל יצור תבלינים - תבליני מימון,"תבלינים 1 ק""ג","ציפורן שלם 1 ק""ג שקית",ברקודים חדשים,
7290002263524,א.ל יצור תבלינים - תבליני מימון,"תבלינים 1 ק""ג","פלפל אנגלי שלם 1 ק""ג שקית",ברקודים חדשים,
7290002263531,א.ל יצור תבלינים - תבליני מימון,"תבלינים 1 ק""ג","פלפל לבן טחון 1 ק""ג שקית",ברקודים חדשים,
7290002263579,א.ל יצור תבלינים - תבליני מימון,"תבלינים 1 ק""ג","זנגביל טחון 1 ק""ג שקית",ברקודים חדשים,
7290002263692,א.ל יצור תבלינים - תבליני מימון,"תבלינים 1 ק""ג","חילבה טחון 1 ק""ג שקית",ברקודים חדשים,
7290002263708,א.ל יצור תבלינים - תבליני מימון,"תבלינים 1 ק""ג","מלח לימון 1 ק""ג שקית",ברקודים חדשים,
7290002263715,א.ל יצור תבלינים - תבליני מימון,"תבלינים 1 ק""ג","כוסברה טחונה 1 ק""ג שקית",ברקודים חדשים,
7290002263722,א.ל יצור תבלינים - תבליני מימון,"תבלינים 1 ק""ג","כוסברה שלמה 1 ק""ג שקית",ברקודים חדשים,
7290002263814,א.ל יצור תבלינים - תבליני מימון,"תבלינים 1 ק""ג",תבלין 4 העונות שקית,ברקודים חדשים,
7290002263920,א.ל יצור תבלינים - תבליני מימון,"תבלינים 1 ק""ג","תבלין לעמבה 1 ק""ג שקית",ברקודים חדשים,
7290002263944,א.ל יצור תבלינים - תבליני מימון,"תבלינים 1 ק""ג",אגוז מוסקט טחון שקית,ברקודים חדשים,
7290002263968,א.ל יצור תבלינים - תבליני מימון,"תבלינים 1 ק""ג","סומק 1 ק""ג צנצנת",ברקודים חדשים,
7290002263999,א.ל יצור תבלינים - תבליני מימון,"תבלינים 1 ק""ג","הל טחון 1 ק""ג שקית",ברקודים חדשים,
7290002277125,טיבון ויל,טיבון ויל,רצו לטחינה 4 חלק ריא,ברקודים חדשים,
7290002291046,בלדי,בני ציון,המבורגר מסעדות 480 גרם (הקצביה) 12 יח',ברקודים חדשים,מסמן בפועל
7290002319016,מיה מוצרי מזון,מיה מוצרי מזון,אבקת אפיה עשיריות,ברקודים חדשים,
7290002319023,מיה מוצרי מזון,מיה מוצרי מזון,סוכר וניל עשיריות,ברקודים חדשים,
7290002319085,מיה מוצרי מזון,מיה מוצרי מזון,פירורי לחם 200גרם,ברקודים חדשים,מסמן על אריזות
7290002319337,מיה מוצרי מזון,מיה מוצרי מזון,תמרים 200גרם,ברקודים חדשים,מסמן על אריזות
7290002319528,מיה מוצרי מזון,מיה מוצרי מזון,קמח מצה 200גרם,ברקודים חדשים,מסמן על אריזות
7290002319771,מיה מוצרי מזון,מיה מוצרי מזון,תמצית אפיה וניל,ברקודים חדשים,מסמן על אריזות
7290002319788,מיה מוצרי מזון,מיה מוצרי מזון,תמצית אפיה רום,ברקודים חדשים,מסמן על אריזות
7290002345015,טיבון ויל,טיבון ויל,סינטה דקדק 250 גרם,ברקודים חדשים,
7290002345022,טיבון ויל,טיבון ויל,אנטריקוט דקדק 250 גר,ברקודים חדשים,
7290002345039,טיבון ויל,טיבון ויל,סינטה דקדק 300 ר.לוי,ברקודים חדשים,
7290002345046,טיבון ויל,טיבון ויל,אנטר' דקדק 300 ר.לוי,ברקודים חדשים,
7290002345077,טיבון ויל,טיבון ויל,מילנסה דקדק 250 א.ג,ברקודים חדשים,
7290002345138,טיבון ויל,טיבון ויל,גולש בקר תפז חלק ריא,ברקודים חדשים,
7290002345510,טיבון ויל,טיבון ויל,640המבורגר טיבון ריב,ברקודים חדשים,
7290002345527,טיבון ויל,טיבון ויל,קבב טיבון ריב 840 גר,ברקודים חדשים,
7290002345565,טיבון ויל,טיבון ויל,560המבור מסע ריב טיב,ברקודים חדשים,
7290002345596,טיבון ויל,טיבון ויל,560קבב מסעדו ריב טיב,ברקודים חדשים,
7290002371403,תנובה,תנובה,מארז זוגות 600 גרם,ברקודים חדשים,
7290002371526,תנובה,תנובה,סלסולי פסטרמה שום וצי'לי,ברקודים חדשים,
7290002371533,תנובה,תנובה,סלסולי פסטרמה דבש 120 גרם,ברקודים חדשים,
7290002371540,תנובה,תנובה,קורנדביף 120 גרם,ברקודים חדשים,
7290002371571,תנובה,תנובה,פסטרמה פרגיות לבגאט,ברקודים חדשים,
7290002371854,תנובה,תנובה,"נקנקיות עוף חריפות 1ק""ג",ברקודים חדשים,
7290002371939,תנובה,תנובה,סרוולד צרפתי  120 גרם,ברקודים חדשים,
7290002374114,שמן תעשיות,מותגים שונים,"שמן סויה ""מילומור"" 1 ליטר",ברקודים חדשים,מסמן על אריזות
7290002374145,שמן תעשיות,מותגים שונים,"שמן סויה ""מילומור"" 3 ליטר",ברקודים חדשים,מסמן על אריזות
7290002374268,שמן תעשיות,מותגים שונים,"שמן חמניות ""מילומור"" 1 ליטר",ברקודים חדשים,מסמן על אריזות
7290002374312,שמן תעשיות,מותגים שונים,"שמן קנולה ""מילומור"" 1 ליטר",ברקודים חדשים,מסמן על אריזות
7290002374329,שמן תעשיות,מותגים שונים,"שמן קנולה ""מילומור"" 2 ליטר",ברקודים חדשים,מסמן על אריזות
7290002374343,שמן תעשיות,מותגים שונים,"שמן קנולה ""מילומור"" 3 ליטר",ברקודים חדשים,מסמן על אריזות
7290002374640,שמן תעשיות,מותגים שונים,שמן קנולה בריאות מהטבע + אומגה 3,ברקודים חדשים,מסמן על אריזות
7290002399216,סלטי מיקי,סלטי מיקי,חומוס מסעדות,ברקודים חדשים,
7290002399391,סלטי מיקי,סלטי מיקי,גזר בלימון חריף,ברקודים חדשים,
7290002399407,סלטי מיקי,סלטי מיקי,החומוסיה- חומוס אסלי,ברקודים חדשים,
7290002399445,סלטי מיקי,סלטי מיקי,חמוצים סינים,ברקודים חדשים,
7290002399452,סלטי מיקי,סלטי מיקי,יאסו- פילה הרינג,ברקודים חדשים,
7290002399469,סלטי מיקי,סלטי מיקי,יאסו- מקרל מקולף בשמן,ברקודים חדשים,
7290002399476,סלטי מיקי,סלטי מיקי,יאסו- הרינג כבוש,ברקודים חדשים,
7290002399483,סלטי מיקי,סלטי מיקי,יאסו- מטיאס פרובנציאל,ברקודים חדשים,
7290002399490,סלטי מיקי,סלטי מיקי,יאסו- מקרל מעושן בשמן,ברקודים חדשים,
7290002399506,סלטי מיקי,סלטי מיקי,יאסו- מטיאס שמאלץ,ברקודים חדשים,
7290002399537,סלטי מיקי,סלטי מיקי,יאסו- טחינה פטרוזיליה,ברקודים חדשים,
7290002399544,סלטי מיקי,סלטי מיקי,יאסו- פלפלים קלויים,ברקודים חדשים,
7290002399551,סלטי מיקי,סלטי מיקי,יאסו- אג'דה,ברקודים חדשים,
7290002399568,סלטי מיקי,סלטי מיקי,יאסו- טחינה סלק,ברקודים חדשים,
7290002399575,סלטי מיקי,סלטי מיקי,יאסו- פאווה,ברקודים חדשים,
7290002399582,סלטי מיקי,סלטי מיקי,יאסו- טחינה פלפלים,ברקודים חדשים,
7290002399889,סלטי מיקי,סלטי מיקי,יאסו- פלפלים קלויים,ברקודים חדשים,
7290002399896,סלטי מיקי,סלטי מיקי,יאסו- טחינה פטרוזיליה,ברקודים חדשים,
7290002399902,סלטי מיקי,סלטי מיקי,יאסו- פאווה,ברקודים חדשים,
7290002399919,סלטי מיקי,סלטי מיקי,יאסו- טחינה פלפלים,ברקודים חדשים,
7290002415039,סלטי שמיר,סלטי שמיר,"חומוס מסבחה 3ק""ג",ברקודים חדשים,
7290002415213,סלטי שמיר,סלטי שמיר,"חציל במיונז מוסדי 3ק""ג",ברקודים חדשים,
7290002415282,סלטי שמיר,סלטי שמיר,"כבד צמחי 2ק""ג",ברקודים חדשים,
7290002415336,סלטי שמיר,סלטי שמיר,"חציל עם טחינה 2ק""ג",ברקודים חדשים,
7290002415466,סלטי שמיר,סלטי שמיר,"חציל קלוי במיונז 2ק""ג",ברקודים חדשים,
7290002415473,סלטי שמיר,סלטי שמיר,"סלט זיתים מרוקאי 2ק""ג",ברקודים חדשים,
7290002415916,סלטי שמיר,סלטי שמיר,"סלט מקסיקני 2ק""ג",ברקודים חדשים,
7290002439981,טיבון ויל,טיבון ויל,קלאסיקו קבב בקר,ברקודים חדשים,
7290002439998,טיבון ויל,טיבון ויל,קלאסיקו קבב בקר וכבש,ברקודים חדשים,
7290002485001,סלטי שמיר,סלטי שמיר,חומוס מסעדות 250גרם,ברקודים חדשים,
7290002485025,סלטי שמיר,סלטי שמיר,חומוס מסעדות 500גרם,ברקודים חדשים,
7290002485032,סלטי שמיר,סלטי שמיר,חומוס מסבחה 250גרם,ברקודים חדשים,
7290002485049,סלטי שמיר,סלטי שמיר,חומוס מסבחה 500גרם,ברקודים חדשים,
7290002485056,סלטי שמיר,סלטי שמיר,"חומוס אבו ג""וש 250",ברקודים חדשים,
7290002485063,סלטי שמיר,סלטי שמיר,חומוס אבו גוש 500גרם,ברקודים חדשים,
7290002485070,סלטי שמיר,סלטי שמיר,טחינה לבנה 250גרם,ברקודים חדשים,
7290002485094,סלטי שמיר,סלטי שמיר,קישוא בטעם כבד250גרם,ברקודים חדשים,
7290002485100,סלטי שמיר,סלטי שמיר,חציל בטעם כבד 250גרם,ברקודים חדשים,
7290002485124,סלטי שמיר,סלטי שמיר,חציל תאילנדי 250גרם,ברקודים חדשים,
7290002485179,סלטי שמיר,סלטי שמיר,חציל פרוסות פיקנטי 250גרם,ברקודים חדשים,
7290002485216,סלטי שמיר,סלטי שמיר,פלפל רצועות קלוי/מטוגן 250גרם,ברקודים חדשים,
7290002485261,סלטי שמיר,סלטי שמיר,גזר מרוקאי ברוטב פיקנטי 250גרם,ברקודים חדשים,
7290002485292,סלטי שמיר,סלטי שמיר,קוביות סלק 250גרם,ברקודים חדשים,
7290002485339,סלטי שמיר,סלטי שמיר,סלט ביצים עם אבוקדו 250גרם,ברקודים חדשים,
7290002485346,סלטי שמיר,סלטי שמיר,סלט ביצים 250גרם,ברקודים חדשים,
7290002485353,סלטי שמיר,סלטי שמיר,טונה טוניסאית 250גרם,ברקודים חדשים,
7290002485407,סלטי שמיר,סלטי שמיר,תירס מכסיקני 250גרם עגול פרימיום,ברקודים חדשים,
7290002485445,סלטי שמיר,סלטי שמיר,סלט טונה עם ירקות 250גרם,ברקודים חדשים,
7290002507987,טיבון ויל,טיבון ויל,אנטריקוט לפלנצ'ה קפו,ברקודים חדשים,
7290002577898,טיבון ויל,טיבון ויל,בש טח' ה.ילד חלק ריא,ברקודים חדשים,
7290002581079,מיה מוצרי מזון,מיה מוצרי מזון,תן צ'אפ טבעות 50גרם,ברקודים חדשים,
7290002661115,א. ברמן,ברמן,לחם הולנדי,ברקודים חדשים,
7290002661153,א. ברמן,ברמן,לחם דני קל,ברקודים חדשים,
7290002661177,א. ברמן,ברמן,לחם כנעני,ברקודים חדשים,
7290002661214,א. ברמן,ברמן,לחם גלילי קל,ברקודים חדשים,
7290002692393,שמן תעשיות,מותגים שונים,"שמן קנולה מועשר ""עץ הזית""",ברקודים חדשים,מסמן על אריזות
7290002692409,שמן תעשיות,מותגים שונים,"שמן חמניות מועשר ""עץ הזית""",ברקודים חדשים,מסמן על אריזות
7290002692553,שמן תעשיות,מותגים שונים,"שמן זיתולה 750 מ""ל ""עץ הזית""",ברקודים חדשים,מסמן על אריזות
7290002703136,כוורת עין חרוד,כוורת עין חרוד,דבש פרחי בר,ברקודים חדשים,
7290002703143,כוורת עין חרוד,כוורת עין חרוד,דבש פרחי בר,ברקודים חדשים,
7290002703167,כוורת עין חרוד,כוורת עין חרוד,דבש פרחי הדר,ברקודים חדשים,
7290002703174,כוורת עין חרוד,כוורת עין חרוד,דבש פרחי דרדר,ברקודים חדשים,
7290002703181,כוורת עין חרוד,כוורת עין חרוד,דבש פרחי שיזף,ברקודים חדשים,
7290002703198,כוורת עין חרוד,כוורת עין חרוד,דבש פרחי אבוקדו,ברקודים חדשים,
7290002703211,כוורת עין חרוד,כוורת עין חרוד,דבש פרחי בר,ברקודים חדשים,
7290002703228,כוורת עין חרוד,כוורת עין חרוד,דבש פרחי הדר,ברקודים חדשים,
7290002703235,כוורת עין חרוד,כוורת עין חרוד,דבש פרחי שיזף,ברקודים חדשים,
7290002703242,כוורת עין חרוד,כוורת עין חרוד,דבש פרחי דרדר,ברקודים חדשים,
7290002703259,כוורת עין חרוד,כוורת עין חרוד,דבש פרחי אבוקדו,ברקודים חדשים,
7290002703266,כוורת עין חרוד,כוורת עין חרוד,דבש פרחי בר,ברקודים חדשים,
7290002703310,כוורת עין חרוד,כוורת עין חרוד,דבש פרחי בר,ברקודים חדשים,
7290002703358,כוורת עין חרוד,כוורת עין חרוד,דבש פרחי בר,ברקודים חדשים,
7290002703402,כוורת עין חרוד,כוורת עין חרוד,דבש פרחי בר בבקבוק לחיץ,ברקודים חדשים,
7290002703426,כוורת עין חרוד,כוורת עין חרוד,דבש פרחי בר בבקבוק לחיץ,ברקודים חדשים,
7290002703808,כוורת עין חרוד,כוורת עין חרוד,דבש מפרחי הדרים,ברקודים חדשים,
7290002715375,טיבון ויל,טיבון ויל,קבב יווני 400 גרם,ברקודים חדשים,
7290002757665,טיבון ויל,טיבון ויל,קבב מזרחי 400 גרם,ברקודים חדשים,
7290002757672,טיבון ויל,טיבון ויל,המבורגר 400 גרם,ברקודים חדשים,
7290002775720,טיבון ויל,טיבון ויל,500 קבב מזרחי חריף,ברקודים חדשים,
7290002805151,יוניליוור,סיף,סיף רצפות סחלבים 4 ל,ברקודים חדשים,
7290002814016,קומפלקס כימיקליים,קומפלקס כימיקליים,"מסיר שומנים קר מתז 750 מ""ל",ברקודים חדשים,
7290002814023,קומפלקס כימיקליים,קומפלקס כימיקליים,"מבהיק אסלות אסלונית צהוב 750 מ""ל",ברקודים חדשים,
7290002814047,קומפלקס כימיקליים,קומפלקס כימיקליים,"אקונומיקה קצף ניקוי 750 מ""ל",ברקודים חדשים,
7290002814061,קומפלקס כימיקליים,קומפלקס כימיקליים,"סיליקון פרוטקטור מתז 750 מ""ל",ברקודים חדשים,
7290002814078,קומפלקס כימיקליים,קומפלקס כימיקליים,אנטרטיק 1 ליטר,ברקודים חדשים,
7290002814139,קומפלקס כימיקליים,קומפלקס כימיקליים,רצפות דוחה תיקנים 2 ליטר,ברקודים חדשים,
7290002814160,קומפלקס כימיקליים,קומפלקס כימיקליים,מסיר שומנים קר 1 ליטר-מתז,ברקודים חדשים,
7290002814177,קומפלקס כימיקליים,קומפלקס כימיקליים,שמפו כלים 750 ירוק,ברקודים חדשים,
7290002814214,קומפלקס כימיקליים,קומפלקס כימיקליים,קצף לניקוי כלים סניטריים 750,ברקודים חדשים,
7290002814238,קומפלקס כימיקליים,קומפלקס כימיקליים,רצפות לבנדר 2 ליטר,ברקודים חדשים,
7290002814252,קומפלקס כימיקליים,קומפלקס כימיקליים,רצפות אוקיינוס 2 ליטר,ברקודים חדשים,
7290002814283,קומפלקס כימיקליים,קומפלקס כימיקליים,רצפות אפרסק 2 ליטר,ברקודים חדשים,
7290002814306,קומפלקס כימיקליים,קומפלקס כימיקליים,רצפות פסיפלורה 2 ליטר,ברקודים חדשים,
7290002814391,קומפלקס כימיקליים,קומפלקס כימיקליים,רצפות בניחוח פרחים 4 ליטר,ברקודים חדשים,
7290002814405,קומפלקס כימיקליים,קומפלקס כימיקליים,שמפו כלים לבנדר 1.5 ליטר,ברקודים חדשים,
7290002814412,קומפלקס כימיקליים,קומפלקס כימיקליים,שמפו כלים ירוק 1.5 ליטר,ברקודים חדשים,
7290002814511,קומפלקס כימיקליים,קומפלקס כימיקליים,סבונומיקה 4 ליטר,ברקודים חדשים,
7290002814528,קומפלקס כימיקליים,קומפלקס כימיקליים,"NO"" 1לניקוי אסלות 1 ליטר",ברקודים חדשים,
7290002814573,קומפלקס כימיקליים,קומפלקס כימיקליים,"שקית מילוי חלונית 500 מ""ל",ברקודים חדשים,
7290002814580,קומפלקס כימיקליים,קומפלקס כימיקליים,טורנדו גרגרים לפתיחת סתימות 200 גרם,ברקודים חדשים,
7290002814597,קומפלקס כימיקליים,קומפלקס כימיקליים,טורנדו נוזל לפתיחת סתימות 1 ליטר,ברקודים חדשים,
7290002814603,קומפלקס כימיקליים,קומפלקס כימיקליים,"מסיר שומנים קר מבושם מתז 750 מ""ל",ברקודים חדשים,
7290002814689,קומפלקס כימיקליים,קומפלקס כימיקליים,שמפו כלים 750 ירוק שלישיה,ברקודים חדשים,
7290002814719,קומפלקס כימיקליים,קומפלקס כימיקליים,זוג מבהיק אסלות,ברקודים חדשים,
7290002814788,קומפלקס כימיקליים,קומפלקס כימיקליים,חלונית זוג,ברקודים חדשים,
7290002814801,קומפלקס כימיקליים,קומפלקס כימיקליים,ריחנית 5 ליטר,ברקודים חדשים,
7290002814917,קומפלקס כימיקליים,קומפלקס כימיקליים,רצפות בניחוח לבנדר 4 ליטר,ברקודים חדשים,
7290002814955,קומפלקס כימיקליים,קומפלקס כימיקליים,שמפו כלים ירוק ריחני 4 ליטר,ברקודים חדשים,
7290002824183,שטראוס,מחלבה,סקי משפחתי 5%,ברקודים חדשים,
7290002824466,שטראוס,מחלבה,דנונה ביו  0% 200 גרם,ברקודים חדשים,
7290002824640,שטראוס,מחלבה,סקי 5% 250 גרם,ברקודים חדשים,כן
7290002825722,שטראוס,אחלה,כרוב אדום 500,ברקודים חדשים,כן
7290002825722,שטראוס,אחלה,כרוב אדום 575 גרם,ברקודים חדשים,כן
7290002826248,יוניליוור,שטראוס,"שטראוס שלגון כדורגל מיוחד 115 מ""ל",ברקודים חדשים,
7290002826477,יוניליוור,שטראוס,"שטראוס שלגון בומבה וניל 105 מ""ל",ברקודים חדשים,
7290002826477,יוניליוור,שטראוס,"שטראוס שלגון בומבה וניל 105 מ""ל",ברקודים חדשים,
7290002826507,יוניליוור,שטראוס,שטראוס שוקולטה 5.5 ל',ברקודים חדשים,
7290002826507,יוניליוור,שטראוס,שטראוס שוקולטה 5.5 ל',ברקודים חדשים,
7290002826514,יוניליוור,שטראוס,שטראוס ונילה קרם 5.5 ל',ברקודים חדשים,
7290002826514,יוניליוור,שטראוס,שטראוס ונילה קרם 5.5 ל',ברקודים חדשים,
7290002826538,יוניליוור,שטראוס,שטראוס שרבט תות 5.5 ל',ברקודים חדשים,
7290002826538,יוניליוור,שטראוס,שטראוס שרבט תות 5.5 ל',ברקודים חדשים,
7290002826804,יוניליוור,שטראוס,"שטראוס פרוזן יוגורט 154 מ""ל",ברקודים חדשים,
7290002826804,יוניליוור,שטראוס,"שטראוס פרוזן יוגורט 154 מ""ל",ברקודים חדשים,
7290002826835,יוניליוור,שטראוס,"שטראוס שוקובו 110 מ""ל",ברקודים חדשים,
7290002826835,יוניליוור,שטראוס,"שטראוס שוקובו 110 מ""ל",ברקודים חדשים,
7290002868545,החברה המרכזית,טרה,יוגורט 4% - בכד 3 ליטר ,ברקודים חדשים,
7290002868996,החברה המרכזית,טרה,קוטג' 5%  250 גרם ,ברקודים חדשים,
7290002871446,מבשלות בירה ישראליות,פריגת,ענבים בק' פט עגול 1.5 12 קרטון,ברקודים חדשים,
7290002871446,מבשלות בירה ישראליות,פריגת,"ענבים בק' פט 1.5 12 קרטון-כשל""פ",ברקודים חדשים,
7290002871460,מבשלות בירה ישראליות,פריגת,תפוזים בק' פט עגול 1.5 12 קרטון,ברקודים חדשים,
7290002871460,מבשלות בירה ישראליות,פריגת,"תפוזים בק' פט 1.5 12 קרטון-כשל""פ",ברקודים חדשים,
7290002871477,מבשלות בירה ישראליות,פריגת,"אשכוליות בק' פט 1.5 12 קרטון-כשל""פ",ברקודים חדשים,
7290002871477,מבשלות בירה ישראליות,פריגת,אשכוליות בק' פט עגול 1.5 12 קרטון,ברקודים חדשים,
7290002871484,מבשלות בירה ישראליות,פריגת,תפוזים Light בק' פט עגול 1.5 12 קרטון,ברקודים חדשים,
7290002871484,מבשלות בירה ישראליות,פריגת,"תפוזים Light בק' פט 1.5 12 קרטון-כשל""פ",ברקודים חדשים,
7290002871491,מבשלות בירה ישראליות,פריגת,"אשכוליות Light בק' 1.5 12 קרטון-כשל""פ",ברקודים חדשים,
7290002871491,מבשלות בירה ישראליות,פריגת,אשכוליות Light בק עגול 1.5 12 קרטון,ברקודים חדשים,
7290002900313,תנובה,תנובה,פסטרמה ספרדית,ברקודים חדשים,
7290002900436,תנובה,תנובה,פסטרמה איטלקית מילנו ,ברקודים חדשים,
7290002900566,תנובה,תנובה,פסטרמה ברביקיו דל שומן 400 גרם,ברקודים חדשים,
7290002923190,טיבון ויל,טיבון ויל,שניצלוני צ'ונגו בשומ,ברקודים חדשים,
7290002923466,טיבון ויל,טיבון ויל,טחון בקר 1 קג,ברקודים חדשים,
7290002987963,שטראוס,אחלה,חומוס אחלה 1 קג,ברקודים חדשים,כן
7290002987963,שטראוס,אחלה,חומוס 1.2 קג,ברקודים חדשים,כן
7290003023165,יטבתה,יטבתה,שוקו יטבתה כד 2 ליטר  מהדרין,ברקודים חדשים,
7290003023165,יטבתה,יטבתה,שוקו יטבתה כד 2 ליטר- מחיר,ברקודים חדשים,
7290003029037,יטבתה,יטבתה,שוקו חצי ליטר קרטון  מהדרין,ברקודים חדשים,
7290003029181,יטבתה,יטבתה,שוקו 1 ליטר בקבוק מהדרין,ברקודים חדשים,
7290003029266,יטבתה,יטבתה,מילק שייק שוקו מהדרין,ברקודים חדשים,
7290003029372,יטבתה,יטבתה,1 ליטר משקה בננה מהדרין,ברקודים חדשים,
7290003029389,יטבתה,יטבתה,"בננה פקק 250 מ""ל מהדרין",ברקודים חדשים,
7290003029433,יטבתה,יטבתה,שוקו פקק 250 מל מהדרין,ברקודים חדשים,
7290003029532,יטבתה,יטבתה,מוקה בקבוק 1 ליטר מהדרין,ברקודים חדשים,
7290003029617,יטבתה,יטבתה,שמנת מנה אישית 100 גרם- מהדרין,ברקודים חדשים,
7290003029792,יטבתה,יטבתה,מארז 8 שקיות שוקו- מהדרין (חדש),ברקודים חדשים,
7290003029815,יטבתה,יטבתה,כד 2 ליטר חלב 3%- מהדרין,ברקודים חדשים,כן
7290003029815,יטבתה,יטבתה,כד 2 ליטר חלב 3%- מהדרין מבצע,ברקודים חדשים,כן
7290003029884,יטבתה,יטבתה,מארז 6 שקיות מוקה (חדש) מהדרין,ברקודים חדשים,
7290003029907,יטבתה,יטבתה,אייס קפה 1 ליטר יטבתה מהדרין,ברקודים חדשים,
7290003031702,תנובה,תנובה,"נקניקיות הודו ק""ג בכשרות הרב מחפוד",ברקודים חדשים,
7290003031719,תנובה,תנובה,נקניקיות הודו תפז' בכשרות הרב מחפוד,ברקודים חדשים,
7290003031733,תנובה,תנובה,פסטרמה גחלים בכשרות הרב מחפוד,ברקודים חדשים,
7290003031740,תנובה,תנובה,פסטרמה בדבש בכשרות הרב מחפוד,ברקודים חדשים,
7290003031757,תנובה,תנובה,פסטרמה פפריקה 400 גרם בכשרות הרב מחפוד,ברקודים חדשים,
7290003031788,תנובה,תנובה,מארז צמד חלק בכשרות הרב מחפוד,ברקודים חדשים,
7290003031849,תנובה,תנובה,צמד מהדרין 600 גר' בכשרות הרב מחפוד,ברקודים חדשים,
7290003060009,"טחנות ישראליות בע""מ","טחנות ישראליות בע""מ",קמח חיטה לבן בהיר,ברקודים חדשים,
7290003060016,"טחנות ישראליות בע""מ","טחנות ישראליות בע""מ",קמח חיטה לבן בהיר רב תכליתי מועשר בויטמינים ומינרלים,ברקודים חדשים,
7290003060023,"טחנות ישראליות בע""מ","טחנות ישראליות בע""מ",סולת חיטה,ברקודים חדשים,
7290003060030,"טחנות ישראליות בע""מ","טחנות ישראליות בע""מ",קמח חיטה מלא,ברקודים חדשים,
7290003060047,"טחנות ישראליות בע""מ","טחנות ישראליות בע""מ",קמח תופח,ברקודים חדשים,
7290003060061,"טחנות ישראליות בע""מ","טחנות ישראליות בע""מ",קמח כוסמין מלא,ברקודים חדשים,
7290003060078,"טחנות ישראליות בע""מ","טחנות ישראליות בע""מ",קמח שיפון מלא,ברקודים חדשים,
7290003060085,"טחנות ישראליות בע""מ","טחנות ישראליות בע""מ",קמח חיטה לאפית לחמים וחלות מועשר בויטמינים ומינרלים,ברקודים חדשים,
7290003060177,"טחנות ישראליות בע""מ","טחנות ישראליות בע""מ",קמח פרימיום,ברקודים חדשים,
7290003060276,בר רב מפעלי תעשיה,"ישבר קמחים בע""מ",קמח חיטה לבן בהיר מנופה,ברקודים חדשים,
7290003060283,בר רב מפעלי תעשיה,"ישבר קמחים בע""מ",קמח תופח מנופה,ברקודים חדשים,
7290003060290,בר רב מפעלי תעשיה,"ישבר קמחים בע""מ",קמח חיטה מלא מנופה,ברקודים חדשים,
7290003060306,בר רב מפעלי תעשיה,"ישבר קמחים בע""מ",קמח שיפון מנופה,ברקודים חדשים,
7290003060313,בר רב מפעלי תעשיה,"ישבר קמחים בע""מ",קמח כוסמין מנופה,ברקודים חדשים,
7290003060320,בר רב מפעלי תעשיה,"ישבר קמחים בע""מ",קמח לחם וחלות מנופה,ברקודים חדשים,
7290003060344,בר רב מפעלי תעשיה,"ישבר קמחים בע""מ",קמח פיצה מנופה,ברקודים חדשים,
7290003060351,בר רב מפעלי תעשיה,"ישבר קמחים בע""מ",קמח חיטה מלא 80% מנופה,ברקודים חדשים,
7290003060368,בר רב מפעלי תעשיה,"ישבר קמחים בע""מ",קמח כוסמין מלא 80% מנופה,ברקודים חדשים,
7290003067015,סלטי שמיר,סלטי שמיר,חציל קלוי על האש 2ק''ג,ברקודים חדשים,
7290003067121,סלטי שמיר,סלטי שמיר,"קישואים בטעם כבד 2ק""ג",ברקודים חדשים,
7290003067428,סלטי שמיר,סלטי שמיר,"חומוס מסעדות 3ק""ג",ברקודים חדשים,
7290003067688,סלטי שמיר,סלטי שמיר,"חציל רומני קלוי 2ק""ג",ברקודים חדשים,
7290003067695,סלטי שמיר,סלטי שמיר,"חציל טבעי קלוי 2ק""ג (סלוניקי)",ברקודים חדשים,
7290003069088,טיבון ויל,טיבון ויל,שוארמה פרג גדול משופ,ברקודים חדשים,
7290003072125,תנובה,תנובה,פסטרמה עגל בסגנון רומני ,ברקודים חדשים,
7290003072132,תנובה,תנובה,"נקניקיות  צ'וריסוס 24 ס""מ",ברקודים חדשים,
7290003072200,תנובה,תנובה,פסטרמה בסגנון מקסיקני,ברקודים חדשים,
7290003119110,החברה המרכזית,קוקה קולה,קוקה קולה שישיות 1.5 ליטר,ברקודים חדשים,
7290003119110,החברה המרכזית,קוקה קולה,6 שרינק קוקה קולה 1.5 ל',ברקודים חדשים,
7290003119165,החברה המרכזית,קוקה קולה,דיאט קוקה קולה שישיות 1.5 ליטר,ברקודים חדשים,
7290003126033,החברה המרכזית,משק צוריאל,"גבינת שמנת 30% שום שמיר 1.9 ק""ג",ברקודים חדשים,
7290003126712,החברה המרכזית,משק צוריאל,יוגורט עיזים טבעי 150 גרם,ברקודים חדשים,
7290003126804,החברה המרכזית,משק צוריאל,"גבינת שמנת 30% זיתים 1.9 ק""ג ",ברקודים חדשים,
7290003185719,טיבון ויל,טיבון ויל,קבב רומני 500 גרם,ברקודים חדשים,
7290003185726,טיבון ויל,טיבון ויל,קבב מזרחי 500 גרם,ברקודים חדשים,
7290003187508,טיבון ויל,טיבון ויל,שניצל אמיתי עוף צעיר,ברקודים חדשים,
7290003187843,טיבון ויל,טיבון ויל,טחון עגל 100% בשר,ברקודים חדשים,
7290003219347,א. ברמן,ברמן,אחיד פרוס שופרסל,ברקודים חדשים,
7290003229109,תנובה,תנובה,פסטרמה בפפריקה 400 גרם,ברקודים חדשים,
7290003229116,תנובה,תנובה,פסטרמה בדבש 400 גרם,ברקודים חדשים,
7290003229123,תנובה,תנובה,פסטרמה גחלים 400 גרם,ברקודים חדשים,
7290003229147,תנובה,תנובה,סלמי איטלקי 300 גרם,ברקודים חדשים,
7290003229154,תנובה,תנובה,קוניאק מובחר 300 גרם,ברקודים חדשים,
7290003229192,תנובה,תנובה,כתף בקר מעושן 400 גרם,ברקודים חדשים,
7290003229208,תנובה,תנובה,פסטרמה ספרדית 360 גרם,ברקודים חדשים,
7290003229215,תנובה,תנובה,פסטרמה איטלקית 360 ג',ברקודים חדשים,
7290003229222,תנובה,תנובה,סלמי תה משובח 300גרם,ברקודים חדשים,
7290003231003,יוניליוור,תלמה,מיוקל שמן זית 500גר,ברקודים חדשים,מסמן בפועל
7290003231508,יוניליוור,פינוק,פינוק שמפו עם קרטין 700 מל,ברקודים חדשים,
7290003231607,יוניליוור,פינוק,פינוק מרכך שיער עם קרטין 700 מל,ברקודים חדשים,
7290003287253,בלדי,בני ציון,נקניקיות מרגז 500 גרם (הקצביה) 8 יח',ברקודים חדשים,מסמן בפועל
7290003287260,בלדי,בני ציון,נקניקיות צ'וריסוס 600 גרם (הקצביה) 8 יח',ברקודים חדשים,מסמן בפועל
7290003287284,בלדי,בני ציון,קבב ביתי 600 גרם (הקצביה) 8 יח',ברקודים חדשים,מסמן בפועל
7290003287291,בלדי,בני ציון,קבב טלה וצנובר 600 גרם (הקצביה) 8 יח',ברקודים חדשים,מסמן בפועל
7290003287307,בלדי,בני ציון,קבב רומני 600 גרם (הקצביה) 8 יח',ברקודים חדשים,מסמן בפועל
7290003287314,בלדי,בני ציון,קבב על מקל קינמון 520 גרם (הקצביה) 8 יח',ברקודים חדשים,מסמן בפועל
7290003321155,שטראוס,מחלבה,דנונה בר פקאן,ברקודים חדשים,
7290003321292,שטראוס,מחלבה,סקי 9% 250 גרם,ברקודים חדשים,
7290003355860,טיבון ויל,טיבון ויל,סטרוגנוף הודו,ברקודים חדשים,
7290003356171,טיבון ויל,טיבון ויל,מעורב ירושלמי מהדרין,ברקודים חדשים,
7290003359431,טיבון ויל,טיבון ויל,ניקנש תפזורת,ברקודים חדשים,
7290003361465,טיבון ויל,טיבון ויל,שניצל אמיתי קטן מטוג,ברקודים חדשים,
7290003380350,פרי גליל,טל-14,נקטר אפרסק 1ל,ברקודים חדשים,מסמן על רב המוצרים
7290003385638,פרי גליל,פרי הגליל-1,זיתים ירוקים ללא גלעין א- 2פג,ברקודים חדשים,מסמן על רב המוצרים
7290003385645,פרי גליל,פרי הגליל-1,זית מנז בנוני א -2פג,ברקודים חדשים,מסמן על רב המוצרים
7290003385652,פרי גליל,פרי הגליל-1,זית מנז ג.מאוד א -2פג,ברקודים חדשים,מסמן על רב המוצרים
7290003385669,פרי גליל,פרי הגליל-1,זית מנז גדול א -2פג,ברקודים חדשים,מסמן על רב המוצרים
7290003456277,ביופט,"לה-קט - משווק ע""י דיפלומט","לה-קט 9 ק""ג כבד",ברקודים חדשים,
7290003456284,ביופט,"לה-קט - משווק ע""י דיפלומט","לה-קט 9 ק""ג מיקס",ברקודים חדשים,
7290003457182,יוניליוור,שטראוס,שטראוס מיקס שוקו 5 ל',ברקודים חדשים,
7290003457182,יוניליוור,שטראוס,שטראוס מיקס שוקו 5 ל',ברקודים חדשים,
7290003457861,יוניליוור,סולרו,"סולרו פירות טרופיים 106 מ""ל",ברקודים חדשים,
7290003457861,יוניליוור,סולרו,"סולרו פירות טרופיים 106 מ""ל",ברקודים חדשים,
7290003457892,יוניליוור,קורנטו,"קורנטו וניל 130 מ""ל",ברקודים חדשים,
7290003457922,יוניליוור,מגנום,"מגנום שוקולד 120 מ""ל",ברקודים חדשים,
7290003457922,יוניליוור,מגנום,"מגנום שוקולד 120 מ""ל",ברקודים חדשים,
7290003457946,יוניליוור,מגנום,"מגנום שקדים 125 מ""ל",ברקודים חדשים,
7290003457946,יוניליוור,מגנום,"מגנום שקדים 125 מ""ל",ברקודים חדשים,
7290003457953,יוניליוור,מגנום,"מגנום שוקולד לבן 120 מ""ל",ברקודים חדשים,
7290003457953,יוניליוור,מגנום,"מגנום שוקולד לבן 120 מ""ל",ברקודים חדשים,
7290003457991,יוניליוור,קורנטו,"קורנטו מאגדת קלאסי 678 מ""ל",ברקודים חדשים,
7290003461110,סלטי שמיר,סלטי שמיר,"שום כתוש 3ק""ג",ברקודים חדשים,
7290003461356,סלטי שמיר,סלטי שמיר,"סלק מגורד 3ק""ג",ברקודים חדשים,
7290003461677,סלטי שמיר,סלטי שמיר,"חומוס אסלי 1ק""ג",ברקודים חדשים,
7290003550333,טיבון ויל,טיבון ויל,טחון בקר 500 מ.שומן,ברקודים חדשים,
7290003550937,טיבון ויל,טיבון ויל,רגל פרוסה במגש,ברקודים חדשים,
7290003570928,בלדי,בני ציון,קבב בלדי ארוז 500 גרם (הקצביה) 8 יח',ברקודים חדשים,מסמן בפועל
7290003571338,בלדי,בני ציון,טחון בקר קפוא 1000 גר'/9יח'-מוצפי,ברקודים חדשים,מסמן בפועל
7290003598885,בלדי,בני ציון,טחון בקר קפוא 1000 גר'/9יח',ברקודים חדשים,מסמן בפועל
7290003643325,סוגת,סוגת,קוסקוס בינוני,ברקודים חדשים,
7290003643714,סוגת,סוגת,חומוס,ברקודים חדשים,
7290003643738,סוגת,סוגת,חיטה,ברקודים חדשים,
7290003643776,סוגת,סוגת,פופ קורן,ברקודים חדשים,
7290003648207,סלטי שמיר,סלטי שמיר,"מטיאס הולנדי בשמן 2.5 \ 1.5ק""ג שקיל",ברקודים חדשים,
7290003648276,סלטי שמיר,סלטי שמיר,"סלמון הילטון 1ק""ג",ברקודים חדשים,
7290003648443,סלטי שמיר,סלטי שמיר,"ליונז 3ק""ג",ברקודים חדשים,
7290003667109,החברה המרכזית,קוקה קולה,פאנטה אורנג' 1.5 ליטר,ברקודים חדשים,
7290003667369,מבשלות בירה ישראליות,פריגת,תות בננה בק' פט עגול 1.5 12 קרטון,ברקודים חדשים,
7290003667369,מבשלות בירה ישראליות,פריגת,"תות בננה בק' פט 1.5 12 קרטון-כשל""פ",ברקודים חדשים,
7290003667673,החברה המרכזית,קוקה קולה,דיאט פאנטה אורנג' 1.5 ליטר,ברקודים חדשים,
7290003681167,מיה מוצרי מזון,מיה מוצרי מזון,לדר משמש 100גרם,ברקודים חדשים,מסמן על אריזות
7290003681266,מיה מוצרי מזון,מיה מוצרי מזון,סוכריות ג'לי 100גרם,ברקודים חדשים,
7290003681266,מיה מוצרי מזון,מיה מוצרי מזון,סוכריות ג'לי 100גרם - סגו,ברקודים חדשים,
7290003681266,מיה מוצרי מזון,מיה מוצרי מזון,סוכריות ג'לי 100גרם - כתו,ברקודים חדשים,
7290003681266,מיה מוצרי מזון,מיה מוצרי מזון,סוכריות ג'לי 100גרם -ירוק,ברקודים חדשים,
7290003681266,מיה מוצרי מזון,מיה מוצרי מזון,סוכריות ג'לי 100גרם - אד,ברקודים חדשים,
7290003681266,מיה מוצרי מזון,מיה מוצרי מזון,סוכריות ג'לי 100גרם - ורו,ברקודים חדשים,
7290003681266,מיה מוצרי מזון,מיה מוצרי מזון,חמוץ מוץ 100גרם,ברקודים חדשים,
7290003681341,מיה מוצרי מזון,מיה מוצרי מזון,קונפיטורה תות 340גרם,ברקודים חדשים,מסמן על אריזות
7290003681365,מיה מוצרי מזון,מיה מוצרי מזון,קישוט לעוגה צבעוני בצנצנת,ברקודים חדשים,מסמן על אריזות
7290003681440,מיה מוצרי מזון,מיה מוצרי מזון,גילגולים 300גר 'בצנצנת,ברקודים חדשים,
7290003681457,מיה מוצרי מזון,מיה מוצרי מזון,סוכריות ג'לי 200גרם בצנצנ,ברקודים חדשים,
7290003681532,מיה מוצרי מזון,מיה מוצרי מזון,דובדבנים מסוכרים 80גרם,ברקודים חדשים,
7290003681549,מיה מוצרי מזון,מיה מוצרי מזון,אתרוג מסוכר 150גר,ברקודים חדשים,מסמן על אריזות
7290003681556,מיה מוצרי מזון,מיה מוצרי מזון,תפוז סיני 150גרם במגש,ברקודים חדשים,מסמן על אריזות
7290003681679,מיה מוצרי מזון,מיה מוצרי מזון,כפתורי שוקולד מארז 30 * 30,ברקודים חדשים,
7290003681792,מיה מוצרי מזון,מיה מוצרי מזון,מיה - טופי מתוק 850גרם,ברקודים חדשים,
7290003681921,מיה מוצרי מזון,מיה מוצרי מזון,מיה - טופי מתוק 200גרם,ברקודים חדשים,
7290003681945,מיה מוצרי מזון,מיה מוצרי מזון,מיץ לימון סחוט טבעי 500מ',ברקודים חדשים,מסמן על אריזות
7290003719006,א. ברמן,ברמן,ליבו שיפון מלא 80% (דרניצקי),ברקודים חדשים,
7290003719259,א. ברמן,ברמן,ליבו לחם אקסלוסיבי,ברקודים חדשים,
7290003719280,א. ברמן,ברמן,ליבו לחם דגנים,ברקודים חדשים,
7290003727667,אסם,אסם,צבר חומוס עגול 6*1קג,ברקודים חדשים,
7290003782055,סלטי מיקי,סלטי מיקי,מטבוחה,ברקודים חדשים,
7290003782062,סלטי מיקי,סלטי מיקי,גזר מרוקאי,ברקודים חדשים,
7290003782109,סלטי מיקי,סלטי מיקי,אריסה תוניסאית,ברקודים חדשים,
7290003782116,סלטי מיקי,סלטי מיקי,שום כתוש,ברקודים חדשים,
7290003782239,סלטי מיקי,סלטי מיקי,חזרת,ברקודים חדשים,
7290003782376,סלטי מיקי,סלטי מיקי,מקרל מעושן בואקום,ברקודים חדשים,
7290003782406,סלטי מיקי,סלטי מיקי,איקרה בלקני,ברקודים חדשים,
7290003782413,סלטי מיקי,סלטי מיקי,חומוס,ברקודים חדשים,
7290003782482,סלטי מיקי,סלטי מיקי,מיונז,ברקודים חדשים,
7290003782666,סלטי מיקי,סלטי מיקי,חומוס,ברקודים חדשים,
7290003782673,סלטי מיקי,סלטי מיקי,טחינה,ברקודים חדשים,
7290003782680,סלטי מיקי,סלטי מיקי,חציל במיונז,ברקודים חדשים,
7290003782697,סלטי מיקי,סלטי מיקי,סלט טורקי,ברקודים חדשים,
7290003782734,סלטי מיקי,סלטי מיקי,כרוב שוודי,ברקודים חדשים,
7290003782741,סלטי מיקי,סלטי מיקי,מטבוחה,ברקודים חדשים,
7290003782758,סלטי מיקי,סלטי מיקי,חומוס,ברקודים חדשים,
7290003782765,סלטי מיקי,סלטי מיקי,טחינה,ברקודים חדשים,
7290003782840,סלטי מיקי,סלטי מיקי,פרובנציאל,ברקודים חדשים,
7290003804252,יוניליוור,קנור,קנור תיבוליות הודי 72 גרם,ברקודים חדשים,מסמן בפועל
7290003804320,יוניליוור,קנור,קנור תיבוליות שום 72 גרם,ברקודים חדשים,מסמן בפועל
7290003804368,יוניליוור,קנור,קנור תיבוליות 72 גרם,ברקודים חדשים,מסמן בפועל
7290003804375,יוניליוור,קנור,תיבולית צלי 72 גר,ברקודים חדשים,מסמן בפועל
7290003804382,יוניליוור,קנור,קנור תיבוליות פטריות 72 גרם,ברקודים חדשים,מסמן בפועל
7290003804894,יוניליוור,תלמה,תלמה קורנפלקס מיוחד אלופים רגיל 500 גר,ברקודים חדשים,מסמן בפועל
7290003805501,יוניליוור,פתית,"פתית שוודי בד""צ חדש 300 גר",ברקודים חדשים,מסמן בפועל
7290003805587,יוניליוור,פתית,פתית חיטה 250גר,ברקודים חדשים,מסמן בפועל
7290003805709,יוניליוור,תלמה,כריות נוגט 750גר,ברקודים חדשים,מסמן בפועל
7290003805709,יוניליוור,תלמה,כריות נוגט 750גר,ברקודים חדשים,מסמן בפועל
7290003805716,יוניליוור,קנור,נמס בכוס טעם עוף ויטליטי 48 גר,ברקודים חדשים,מסמן בפועל
7290003805730,יוניליוור,קנור,מרקי אינסטנט אחרים קנור עגבניות 64 גרם,ברקודים חדשים,מסמן בפועל
7290003807178,יוניליוור,קנור,קנור רוטב סויה בסגנון סיני 370 גרם,ברקודים חדשים,מסמן בפועל
7290003807192,יוניליוור,הלמנס,הלמנס רוטב אלף האיים לחיץ 430גר,ברקודים חדשים,מסמן בפועל
7290003807482,יוניליוור,קנור,רוטב טריאקי 390 גר,ברקודים חדשים,מסמן בפועל
7290003808649,יוניליוור,ורד הגליל,ורד הגליל טבלאות שוקולד 200 גרם,ברקודים חדשים,מסמן בפועל
7290003901197,שטראוס,ממתקים,רביעיית חלב אגוז/5יח/400 גר',ברקודים חדשים,
7290003903955,שטראוס,ממתקים - נצרת,שוקולד חלב במלוי חל/12יח/100ג,ברקודים חדשים,
7290003905331,שטראוס,ממתקים,שו.פרה חלב שברי אגוזים בדצ,ברקודים חדשים,
7290003959037,סלטי שמיר,סלטי שמיר,"פלפלים חריפים 2ק""ג",ברקודים חדשים,
7290003959204,סלטי שמיר,סלטי שמיר,"כרוב אדום למעדנייה 3ק,ג",ברקודים חדשים,
7290003959327,סלטי שמיר,סלטי שמיר,"טונה לבנה 2ק""ג",ברקודים חדשים,
7290003959365,סלטי שמיר,סלטי שמיר,"מטבוחה מרוקאית 2ק""ג",ברקודים חדשים,
7290003989096,שטראוס,אחלה,חציל פיקנטי 500,ברקודים חדשים,כן
7290003989096,שטראוס,אחלה,חציל פיקנטי 575 גרם,ברקודים חדשים,כן
7290003989539,שטראוס,אחלה,רביולי גבינה 400 חדש 9יח,ברקודים חדשים,
7290003989553,שטראוס,אחלה,טרטוליני פטריות 400 גר חדש 9 יח,ברקודים חדשים,
7290003992782,סלטי שמיר,סלטי שמיר,"טונה קר מעדנייה 1ק""ג",ברקודים חדשים,
7290004011789,טיבון ויל,טיבון ויל,400 קציצות אלגאוצ'ו,ברקודים חדשים,
7290004011796,טיבון ויל,טיבון ויל,400 קבבונים אלגאוצ'ו,ברקודים חדשים,
7290004011802,טיבון ויל,טיבון ויל,400 צוריסוס אלגאוצ'ו,ברקודים חדשים,
7290004011819,טיבון ויל,טיבון ויל,המבור ריב אנטרי אל ג,ברקודים חדשים,
7290004011826,טיבון ויל,טיבון ויל,מינ המבו ריב אנט אל,ברקודים חדשים,
7290004048716,טיבון ויל,טיבון ויל,חזה צלוי 100 גרם,ברקודים חדשים,
7290004085018,המברשת רוחמה,המברשת רוחמה,"מגב פלסטיק יותם 40 ס""מ",ברקודים חדשים,
7290004085483,המברשת רוחמה,המברשת רוחמה,מטאטא ג'וליה גוף פלסטיק,ברקודים חדשים,
7290004085483,המברשת רוחמה,המברשת רוחמה,מטאטא ג'וליה גוף פלסטיק,ברקודים חדשים,
7290004119010,תנובה,תנובה,שדה רמאדן חבילה 0.5 %25,ברקודים חדשים,
7290004119133,תנובה,תנובה,יוגורט תנובה 6.5% כד 1.5ל,ברקודים חדשים,
7290004119522,תנובה,תנובה,שוקו תנובה שקית 225 מל 2%,ברקודים חדשים,
7290004120214,תנובה,תנובה,שוקו תנובה שקית שוקושלוק 150 מל 2%,ברקודים חדשים,
7290004120269,תנובה,תנובה,שוקו מאגדת שקיות 6*225 מל 2%,ברקודים חדשים,
7290004120634,תנובה,תנובה,פיראוס בולגרית גביע 250 ג %5,ברקודים חדשים,
7290004120832,תנובה,תנובה,חלב תנובה טרי %3 כד 2 ליטר מהדרין,ברקודים חדשים,
7290004121280,תנובה,תנובה,שמנת תנובה  9% חצי מנה גביע 100 מל,ברקודים חדשים,
7290004121839,תנובה,תנובה,פיראוס פטה כבשים 20% 250 גרם,ברקודים חדשים,
7290004121853,תנובה,תנובה,פיראוס קוביות בולגרית %5 200 גרם,ברקודים חדשים,
7290004122119,תנובה,תנובה,פתיתי פרמזן לפסטה 100 %23,ברקודים חדשים,
7290004122195,תנובה,תנובה,גוש חלב פרוס 200 %28 ו.מהדרין,ברקודים חדשים,
7290004122270,תנובה,תנובה,עמק פרוס בקופסא 200 גרם %28,ברקודים חדשים,
7290004122348,תנובה,תנובה,עמק לייט פרוס 200 גרם 9%,ברקודים חדשים,
7290004122560,תנובה,תנובה,פתיתי עמק 22% 500 גרם,ברקודים חדשים,
7290004122607,תנובה,תנובה,עמק לייט חריץ במשקל 9%,ברקודים חדשים,
7290004122676,תנובה,תנובה,פיראוס חמד לייט 5%  250 גרם,ברקודים חדשים,
7290004122683,תנובה,תנובה,אצבעות 28% חטיף גבינת עמק  172 גר,ברקודים חדשים,
7290004123284,תנובה,תנובה,גבינה לבנה תנובה 5% דלת נתרן 250גרם,ברקודים חדשים,
7290004125370,תנובה,תנובה,שמנת אורגינל 9% 200מל מהדרין,ברקודים חדשים,
7290004125400,תנובה,תנובה,אשל 4.5% 200מל מהדרין,ברקודים חדשים,
7290004125417,תנובה,תנובה,גיל 3% 200מל מהדרין,ברקודים חדשים,
7290004125455,תנובה,תנובה,שמנת אורגינל 15% 200מל מהדרין,ברקודים חדשים,
7290004125462,תנובה,תנובה,שמנת אורגינל 15% 500מל מהדרין,ברקודים חדשים,
7290004125509,תנובה,תנובה,שמנת אורגינל 15% חצי מנה,ברקודים חדשים,
7290004125738,תנובה,תנובה,שמנת מתוקה להקצפה32% 250מל עמיד השף הלבן,ברקודים חדשים,
7290004125776,תנובה,תנובה,עמק פרוס 28% 400 גרם בקופסא,ברקודים חדשים,
7290004126650,תנובה,תנובה,"גבינה צפתית 5% 1,200 גרם",ברקודים חדשים,
7290004126674,תנובה,תנובה,טל העמק לייט %9 200 גרם בקופסא,ברקודים חדשים,
7290004127077,תנובה,תנובה,קוטג תנובה 3% גביע 250 גרם מהדרין,ברקודים חדשים,
7290004127329,תנובה,תנובה,קוטג תנובה גביע 250 גרם %5 ו.מהדרין,ברקודים חדשים,
7290004127336,תנובה,תנובה,קוטג תנובה גביע 250 גרם %9 ו.מהדרין,ברקודים חדשים,
7290004127800,תנובה,תנובה,גבינה לבנה 5% 500 גרם מהדרין,ברקודים חדשים,
7290004127817,תנובה,תנובה,גבינה לבנה 9% 500 גרם מהדרין,ברקודים חדשים,
7290004127862,תנובה,תנובה,גבינה לבנה 5% 750 גרם מהדרין,ברקודים חדשים,
7290004127916,תנובה,תנובה,גבינה לבנה 0.5% 500 גרם בדצ,ברקודים חדשים,
7290004128340,תנובה,תנובה,קרם גבינת שמנת  %5 בטעם טבעי 200 גרם,ברקודים חדשים,
7290004128364,תנובה,תנובה,קרם גבינת שמנת 5%  עם זיתיםירוקים200גרם,ברקודים חדשים,
7290004128401,תנובה,תנובה,פטה כבשים במשקל פראוס 20% שומן,ברקודים חדשים,
7290004129545,תנובה,תנובה,גבינה לבנה 3% 250 גרם מהדרין,ברקודים חדשים,
7290004129767,תנובה,תנובה,יופלה לבן 3% מאגדת 8*150 גרם,ברקודים חדשים,
7290004130695,תנובה,תנובה,משקה אייס קפה תנובה בבקבוק 1ליטר,ברקודים חדשים,
7290004131050,תנובה,תנובה,חלב תנובה טרי בשקית 1ל %1 בדצ,ברקודים חדשים,
7290004131074,תנובה,תנובה,חלב תנובה טרי1ל קרטון 3% מהדרין,ברקודים חדשים,
7290004131081,תנובה,תנובה,חלב תנובה טרי שקית 1 ל 3% מהדרין,ברקודים חדשים,
7290004131227,תנובה,תנובה,גבינה לבנה 3% 500 גרם מהדרין,ברקודים חדשים,
7290004131531,תנובה,תנובה,שוקו תנובה בקבוק 1 ליטר,ברקודים חדשים,
7290004131814,תנובה,תנובה,פיראוס צפתית 5% מעודנת 200 גרם,ברקודים חדשים,
7290004132231,תנובה,תנובה,משקה חלב מיוחד לקפה 3% קרטון 0.8ל,ברקודים חדשים,
7290004132514,תנובה,תנובה,משקה בננה תנובה בבקבוק  1 ליטר,ברקודים חדשים,
7290004132712,תנובה,תנובה,חטיף אצבעות גבינת מוצרלה 172 גרם 20%,ברקודים חדשים,
7290004132903,תנובה,תנובה,גבינה לבנה 3% 250 גרם בדצ,ברקודים חדשים,
7290004133627,תנובה,תנובה,משקה חלב בטעם וניל 3% קרטון 1 ליטר,ברקודים חדשים,
7290004134983,תנובה,תנובה,עמק לייט פרוס 200 גרם 5%,ברקודים חדשים,
7290004136277,תנובה,תנובה,עמק 28% פרוס במשקל בדצ,ברקודים חדשים,
7290004136291,תנובה,תנובה,צפתית מעודנת 5% למעדניה,ברקודים חדשים,
7290004137311,תנובה,תנובה,עמק לייט פרוס 400 גרם 9%,ברקודים חדשים,
7290004230081,טיבון ויל,טיבון ויל,קציצו עוף ברוט עגב ש,ברקודים חדשים,
7290004230104,טיבון ויל,טיבון ויל,קציצו בקר ברוט עג שג,ברקודים חדשים,
7290004230265,טיבון ויל,טיבון ויל,שווארמ שגב תיבו מזרח,ברקודים חדשים,
7290004230272,טיבון ויל,טיבון ויל,שווארמה שגב תיבו עדי,ברקודים חדשים,
7290004267124,ברמן עוגיות ושוקולד,ברמן עוגיות ושוקולד,ממלאות,ברקודים חדשים,
7290004267209,ברמן עוגיות ושוקולד,ברמן עוגיות ושוקולד,לקפה,ברקודים חדשים,
7290004267216,ברמן עוגיות ושוקולד,ברמן עוגיות ושוקולד,ריבה,ברקודים חדשים,
7290004267261,ברמן עוגיות ושוקולד,ברמן עוגיות ושוקולד,טופז,ברקודים חדשים,
7290004267278,ברמן עוגיות ושוקולד,ברמן עוגיות ושוקולד,חיוך קטן,ברקודים חדשים,
7290004267285,ברמן עוגיות ושוקולד,ברמן עוגיות ושוקולד,כרמל,ברקודים חדשים,
7290004267636,ברמן עוגיות ושוקולד,ברמן עוגיות ושוקולד,לקפה,ברקודים חדשים,
7290004267650,ברמן עוגיות ושוקולד,ברמן עוגיות ושוקולד,ריבה,ברקודים חדשים,
7290004267667,ברמן עוגיות ושוקולד,ברמן עוגיות ושוקולד,ציפס,ברקודים חדשים,
7290004267759,ברמן עוגיות ושוקולד,ברמן עוגיות ושוקולד,מפנקות,ברקודים חדשים,
7290004323127,טיבון ויל,טיבון ויל,קציצות עוף מטוגן,ברקודים חדשים,
7290004323141,טיבון ויל,טיבון ויל,קציצות בקר חלק ריאה,ברקודים חדשים,
7290004323363,טיבון ויל,טיבון ויל,מרגז תפזורת,ברקודים חדשים,
7290004323882,טיבון ויל,טיבון ויל,טחון הודו אדום 500 ג,ברקודים חדשים,
7290004323967,טיבון ויל,טיבון ויל,שניצל אמריקאי 700 גר,ברקודים חדשים,
7290004323974,טיבון ויל,טיבון ויל,טבעות עוף 700 גרם,ברקודים חדשים,
7290004323998,טיבון ויל,טיבון ויל,שניצלוני עוף 700 גרם,ברקודים חדשים,
7290004324568,טיבון ויל,טיבון ויל,קציצ בק חלק ריאה מבו,ברקודים חדשים,
7290004324858,טיבון ויל,טיבון ויל,קבב כבש 500 גרם,ברקודים חדשים,
7290004329563,בלדי,בני ציון,קבב ביתי קפוא 500גר'/12יח',ברקודים חדשים,מסמן בפועל
7290004375614,DPL,מפיץ נאופרם,מגבון תולי בודד 72,ברקודים חדשים,
7290004423353,מבשלות בירה ישראליות,פריגת,תפוחים בק' פט עגול 1.5 12 קרטון,ברקודים חדשים,
7290004423353,מבשלות בירה ישראליות,פריגת,"תפוחים בק' פט 1.5 12 קרטון-כשל""פ",ברקודים חדשים,
7290004492274,יוניליוור,בייגל בייגל,בייגל בייגל בייגלה מלח 400 גרם,ברקודים חדשים,מסמן בפועל
7290004492274,יוניליוור,בייגל בייגל,בייגל בייגל בייגלה מלח 400 גרם,ברקודים חדשים,מסמן בפועל
7290004492342,יוניליוור,בייגל בייגל,קוקטייל מלוח 350גר,ברקודים חדשים,מסמן בפועל
7290004492755,יוניליוור,בייגל בייגל,"נשנושים תפו""א בצל 300גר",ברקודים חדשים,מסמן בפועל
7290004492762,יוניליוור,בייגל בייגל,נשנושים תירס 325גר,ברקודים חדשים,מסמן בפועל
7290004492779,יוניליוור,בייגל בייגל,נשנושים זעתר 300גר,ברקודים חדשים,מסמן בפועל
7290004492793,יוניליוור,בייגל בייגל,נשנושים 6 דגנים 325גר,ברקודים חדשים,מסמן בפועל
7290004492816,יוניליוור,בייגל בייגל,נשנושים עגול מלוח 350גר,ברקודים חדשים,מסמן בפועל
7290004492823,יוניליוור,בייגל בייגל,נשנושים משולש שומשום 350גר,ברקודים חדשים,מסמן בפועל
7290004492823,יוניליוור,בייגל בייגל,נשנושים משולש שומשום 350גר,ברקודים חדשים,מסמן בפועל
7290004554231,יוניליוור,קורנטו,"קורנטו סופר עוגיות 190 מ""ל",ברקודים חדשים,
7290004554330,יוניליוור,אסקימו,"אסקימו דובדבן 80 מ""ל",ברקודים חדשים,
7290004554330,יוניליוור,אסקימו,"אסקימו דובדבן 80 מ""ל",ברקודים חדשים,
7290004554354,יוניליוור,פנטסיה,ויאנטה פנטזיה וניל שוקו 1.1 ל',ברקודים חדשים,
7290004554354,יוניליוור,פנטסיה,ויאנטה פנטזיה וניל שוקו 1.1 ל',ברקודים חדשים,
7290004554422,יוניליוור,קורנטו,"קורנטו סופר פקאנים 190 מ""ל",ברקודים חדשים,
7290004554514,יוניליוור,מגנום,"מגנום חוף השנהב 120 מ""ל",ברקודים חדשים,
7290004554613,יוניליוור,שטראוס,"שטראוס שוקובו שוקולד לבן 110 מ""ל",ברקודים חדשים,
7290004554781,יוניליוור,אסקימו,"אסקימו לימון 80 מ""ל",ברקודים חדשים,
7290004554781,יוניליוור,אסקימו,"אסקימו לימון 80 מ""ל",ברקודים חדשים,
7290004554798,יוניליוור,מקס,מקס מטרה 133 מל,ברקודים חדשים,
7290004554798,יוניליוור,מקס,מקס מטרה 133 מל,ברקודים חדשים,
7290004554903,יוניליוור,פנטסיה,ויאנטה פנטזיה וניל שוקו פרווה 1.1 ל',ברקודים חדשים,
7290004554903,יוניליוור,פנטסיה,ויאנטה פנטזיה וניל שוקו פרווה 1.1 ל',ברקודים חדשים,
7290004554958,יוניליוור,מקס,"מקס פרוטי 84 מ""ל",ברקודים חדשים,
7290004554958,יוניליוור,מקס,"מקס פרוטי 84 מ""ל",ברקודים חדשים,
7290004584306,שטראוס,מחלבה,4 גמדים תות בננה,ברקודים חדשים,
7290004584351,שטראוס,מחלבה,סימפ' החמישית,ברקודים חדשים,
7290004584528,שטראוס,מחלבה,דנונה ביו  1.7% 200 גרם,ברקודים חדשים,
7290004585907,שטראוס,מחלבה,דני וניל,ברקודים חדשים,
7290004585907,שטראוס,מחלבה,דני וניל ייעודי,ברקודים חדשים,
7290004658618,יקבי כרמל,יקבי כרמל,תירוש לבן 1 ל',ברקודים חדשים,
7290004658625,יקבי כרמל,יקבי כרמל,תירוש אדום 1 ל,ברקודים חדשים,
7290004658809,יקבי כרמל,יקבי כרמל,קדמון,ברקודים חדשים,
7290004658946,יקבי כרמל,יקבי כרמל,שרדונה,ברקודים חדשים,
7290004658953,יקבי כרמל,יקבי כרמל,סוביניון בלאן,ברקודים חדשים,
7290004658960,יקבי כרמל,יקבי כרמל,אמרלד ריזלינג,ברקודים חדשים,
7290004685010,א. ברמן,ברמן,הארץ שיפון קל 100%,ברקודים חדשים,
7290004685027,א. ברמן,ברמן,הארץ קל מחיטה מלאה,ברקודים חדשים,
7290004685041,א. ברמן,ברמן,הארץ מחיטה מלאה,ברקודים חדשים,
7290004685089,א. ברמן,ברמן,הארץ חמניות,ברקודים חדשים,
7290004685126,א. ברמן,ברמן,הארץ 5 דגנים,ברקודים חדשים,
7290004685133,א. ברמן,ברמן,הארץ קל,ברקודים חדשים,
7290004685140,א. ברמן,ברמן,הארץ שיפון 60%,ברקודים חדשים,
7290004685157,א. ברמן,ברמן,הארץ שיפון 100%,ברקודים חדשים,
7290004685195,א. ברמן,ברמן,הארץ 10 דגנים,ברקודים חדשים,
7290004685201,א. ברמן,ברמן,הארץ שיפון אגוזים,ברקודים חדשים,
7290004685225,א. ברמן,ברמן,הארץ שיפון פומפרניקל,ברקודים חדשים,
7290004685232,א. ברמן,ברמן,הארץ שאור שיפון ללא שמרים,ברקודים חדשים,
7290004685430,א. ברמן,ברמן,הארץ כוסמין 100%,ברקודים חדשים,
7290004725426,תנובה,תנובה,"חריץ עמק 28% בד""צ",ברקודים חדשים,
7290004725600,תנובה,תנובה,*חריץ סקנדינבית,ברקודים חדשים,
7290004725617,תנובה,תנובה,סמי קממבר שקיל,ברקודים חדשים,
7290004810542,ביסקול,מפיץ נאופרם,BISCOL קליאו קרם גוף פנינה סגול,ברקודים חדשים,
7290004810559,ביסקול,מפיץ נאופרם,BISCOL קליאו קרם גוף פנינה חום,ברקודים חדשים,
7290004829216,המברשת רוחמה,המברשת רוחמה,"מגב פלסטיק יותם 50 ס""מ",ברקודים חדשים,
7290004842253,סלטי מיקי,סלטי מיקי,סלט אבוקדו וביצים,ברקודים חדשים,
7290004842284,סלטי מיקי,סלטי מיקי,סלט ביצים,ברקודים חדשים,
7290004842291,סלטי מיקי,סלטי מיקי,סלט טונה בירקות,ברקודים חדשים,
7290004842314,סלטי מיקי,סלטי מיקי,חציל תאילנדי,ברקודים חדשים,
7290004842413,סלטי מיקי,סלטי מיקי,חציל על האש,ברקודים חדשים,
7290004842758,סלטי מיקי,סלטי מיקי,סחוג ירוק,ברקודים חדשים,
7290004842765,סלטי מיקי,סלטי מיקי,סחוג אדום,ברקודים חדשים,
7290004842833,סלטי מיקי,סלטי מיקי,סלט סלמון נורבגי,ברקודים חדשים,
7290004872021,אסם,אסם,נסטלה קרחון רמזור בדצ 48*80גרם,ברקודים חדשים,
7290004872229,אסם,אסם,נסטלה שלגון שוקולד בדצ 48*67גרם,ברקודים חדשים,
7290004872243,אסם,אסם,נסטלה שלגון בננה בדצ 48*57גרם,ברקודים חדשים,
7290004872250,אסם,אסם,נסטלה שרבט אבטיח בדצ 42*108גרם,ברקודים חדשים,
7290004872359,אסם,אסם,נסטלה קרחון דובדבן בדצ 48*80גרם,ברקודים חדשים,
7290004872731,אסם,אסם,אקסטרים טילון וניל בדצ 24*72גרם,ברקודים חדשים,
7290004872786,אסם,אסם,אקסטרים טילון פקאן בדצ 18*115גרם-חדש,ברקודים חדשים,
7290004944018,סלטי שמיר,סלטי שמיר,"מטבוחה מסעדות 3ק""ג",ברקודים חדשים,
7290004944032,סלטי שמיר,סלטי שמיר,חומוס אמיתי אסלי 400גרם,ברקודים חדשים,
7290004944049,סלטי שמיר,סלטי שמיר,טחינה אסלי 400גרם,ברקודים חדשים,
7290004944056,סלטי שמיר,סלטי שמיר,חציל במיונז אסלי 400גרם,ברקודים חדשים,
7290004944063,סלטי שמיר,סלטי שמיר,תורכי אסלי 400גרם,ברקודים חדשים,
7290004944070,סלטי שמיר,סלטי שמיר,כרוב אדום אסלי 400גרם,ברקודים חדשים,
7290004944131,סלטי שמיר,סלטי שמיר,"סלט אבוקדו עם ביצים 2ק""ג",ברקודים חדשים,
7290004944889,סלטי שמיר,סלטי שמיר,"מטבוחה 2ק""ג",ברקודים חדשים,
7290004944902,סלטי שמיר,סלטי שמיר,"פלפל רצועות קלוי 2ק""ג",ברקודים חדשים,
7290004952075,אחדות ביתר לטחינה,הרדוף,חלבה אורגנית משומשום מלא,ברקודים חדשים,
7290004952440,מילוז,הרדוף,קטשופ 750 גרם אורגני,ברקודים חדשים,
7290004985400,ביסקול,מפיץ נאופרם,BISCOL  קליאו דאו ספריי פנינה ירוק,ברקודים חדשים,
7290004985417,ביסקול,מפיץ נאופרם,BISCOL קליאו דאו ספריי פנינה סגול,ברקודים חדשים,
7290004985424,ביסקול,מפיץ נאופרם,BISCOL קליאו דאו ספריי פנינה חום,ברקודים חדשים,
7290005068850,פרי גליל,פרי הגליל-1,זית טבעות א -2פג,ברקודים חדשים,מסמן על רב המוצרים
7290005079221,החברה המרכזית,משק צוריאל,"בולגרית מעודנת 5% - 4 ק""ג",ברקודים חדשים,
7290005079238,החברה המרכזית,משק צוריאל,"בולגרית עיזים מעודנת 16% 4 ק""ג",ברקודים חדשים,
7290005079290,החברה המרכזית,טרה,"חריץ גבנ""צ 15% נעם 3.15 ק""ג ",ברקודים חדשים,
7290005079320,החברה המרכזית,משק צוריאל,"בולגרית גלילית  24% 4 ק""ג",ברקודים חדשים,
7290005079344,החברה המרכזית,טרה,"מוצרלה נעם רכיבים טבעיים 2 ק""ג - צרכני",ברקודים חדשים,
7290005079412,החברה המרכזית,טרה,"חריץ אמנטל נעם 30% 3.15 ק""ג ",ברקודים חדשים,
7290005079511,החברה המרכזית,משק צוריאל,"צפתית קלאסית 5%- כ-1.2 ק""ג",ברקודים חדשים,
7290005111761,ביופט,"בוזנו - משווק ע""י דיפלומט","בונזו בשר 3 ק""ג",ברקודים חדשים,
7290005111761,ביופט,"בוזנו - משווק ע""י דיפלומט","בונזו בשר 1+3 ק""ג תוספת ",ברקודים חדשים,
7290005174513,שטראוס,אחלה,חצילים במיונז 500 ,ברקודים חדשים,כן
7290005174551,שטראוס,אחלה,חומוס יום-יום 125 גר,ברקודים חדשים,כן
7290005174568,שטראוס,אחלה,חצילים במיונז יום-יום 125 גרם,ברקודים חדשים,כן
7290005174575,שטראוס,אחלה,טחינה יום-יום 125 גר,ברקודים חדשים,כן
7290005174841,שטראוס,אחלה,חצילים בטעם כבד 125 גרם ,ברקודים חדשים,כן
7290005197628,שטראוס,ממתקים,מאג 6 פרה חלב ללג בדצ,ברקודים חדשים,
7290005197635,שטראוס,ממתקים - נצרת,מאג 6 פרה מריר ללג בדצ,ברקודים חדשים,
7290005198038,שטראוס,ממתקים - נצרת,פתיבר שוקו 1.750 2018,ברקודים חדשים,
7290005198045,שטראוס,ממתקים - נצרת,פתיבר קלאסי 1.750 2018,ברקודים חדשים,
7290005199288,שטראוס,ממתקים - נצרת,מאסט פטל לימון מגדים 28ג,ברקודים חדשים,
7290005199622,שטראוס,ממתקים - נצרת,עד חצות מריר,ברקודים חדשים,
7290005199738,שטראוס,ממתקים - נצרת,מאסט מגדים מנטה מרעננת ללס 28ג,ברקודים חדשים,
7290005200908,שטראוס,ממתקים - נצרת,פרה קראנצ ביסקוויט שוקולד חלב 100ג,ברקודים חדשים,
7290005378225,יוניליוור,שטראוס,שטראוס קוקוס 5.5 ל',ברקודים חדשים,
7290005378225,יוניליוור,שטראוס,שטראוס קוקוס 5.5 ל',ברקודים חדשים,
7290005378232,יוניליוור,שטראוס,"שטראוס גלידון שוקו מגזר 80 מ""ל",ברקודים חדשים,
7290005378256,יוניליוור,אסקימו,"אסקימו לימון מגזר 80 מ""ל",ברקודים חדשים,
7290005378256,יוניליוור,אסקימו,"אסקימו לימון מגזר 80 מ""ל",ברקודים חדשים,
7290005378263,יוניליוור,שטראוס,"שטראוס שלגון חלבי מגזר 80 מ""ל",ברקודים חדשים,
7290005378270,יוניליוור,שטראוס,שטראוס וניל צ'יפ 5.5 ל',ברקודים חדשים,
7290005378270,יוניליוור,שטראוס,שטראוס וניל צ'יפ 5.5 ל',ברקודים חדשים,
7290005378300,יוניליוור,שטראוס,שטראוס פקאן נאטס 5.5 ל',ברקודים חדשים,
7290005378300,יוניליוור,שטראוס,שטראוס פקאן נאטס 5.5 ל',ברקודים חדשים,
7290005378324,יוניליוור,שטראוס,שטראוס צ'רי לאטה 5.5 ל',ברקודים חדשים,
7290005378324,יוניליוור,שטראוס,שטראוס צ'רי לאטה 5.5 ל',ברקודים חדשים,
7290005378393,יוניליוור,שטראוס,שטראוס קרמל נאטס 5.5 ל',ברקודים חדשים,
7290005378393,יוניליוור,שטראוס,שטראוס קרמל נאטס 5.5 ל',ברקודים חדשים,
7290005378430,יוניליוור,שטראוס,שטראוס ביסקוויט ונילה 5.5 ל',ברקודים חדשים,
7290005378461,יוניליוור,שטראוס,שטראוס ריבת חלב 5.5 ל',ברקודים חדשים,
7290005378461,יוניליוור,שטראוס,שטראוס ריבת חלב 5.5 ל',ברקודים חדשים,
7290005378904,יוניליוור,שטראוס,שטראוס פיסטוק 5.5 ל',ברקודים חדשים,
7290005378904,יוניליוור,שטראוס,שטראוס פיסטוק 5.5 ל',ברקודים חדשים,
7290005378911,יוניליוור,שטראוס,שטראוס קפוצ'ינו 5.5 ל',ברקודים חדשים,
7290005378973,יוניליוור,שטראוס,שטראוס ונילה פרווה 5.5 ל',ברקודים חדשים,
7290005378973,יוניליוור,שטראוס,שטראוס ונילה פרווה 5.5 ל',ברקודים חדשים,
7290005378997,יוניליוור,שטראוס,שטראוס שוקולטה פרווה 5.5 ל',ברקודים חדשים,
7290005378997,יוניליוור,שטראוס,שטראוס שוקולטה פרווה 5.5 ל',ברקודים חדשים,
7290005509445,"כרמית תעשיות ממתקים בע""מ","כרמית תעשיות ממתקים בע""מ",מיני קוקיס בטעם חמאה 600 גר',ברקודים חדשים,מסמן על אריזות
7290005604133,מבשלות בירה ישראליות,פריגת,מנגו בק' פט עגול 1.5 12 קרטון,ברקודים חדשים,
7290005604133,מבשלות בירה ישראליות,פריגת,"מנגו בק' פט 1.5 12 קרטון-כשל""פ",ברקודים חדשים,
7290005605895,החברה המרכזית,קוקה קולה,"פנטה אקזוטי 500 מ""ל",ברקודים חדשים,
7290005605901,החברה המרכזית,קוקה קולה,פאנטה אקזוטיק 1.5 ליטר,ברקודים חדשים,
7290005605994,החברה המרכזית,קוקה קולה,"פאנטה קלאסי 350 מ""ל",ברקודים חדשים,
7290005651052,ביופט,"לה-קט - משווק ע""י דיפלומט","לה-קט 1.5 ק""ג מיקס",ברקודים חדשים,
7290005651069,ביופט,"לה-קט - משווק ע""י דיפלומט","לה-קט 2.85 ק""ג מיקס",ברקודים חדשים,
7290005651069,ביופט,"לה-קט - משווק ע""י דיפלומט","לה-קט 2.85 ק""ג מיקס 30%תוספת",ברקודים חדשים,
7290005651366,ביופט,"בוזנו - משווק ע""י דיפלומט",בונזו כבד 3 קג' - אירוז חדש,ברקודים חדשים,
7290005803628,אסם,אסם,נסטלה קרחון מלון בדצ 48*80גרם,ברקודים חדשים,
7290005818523,סלטי מיקי,סלטי מיקי,איקרה אדומה,ברקודים חדשים,
7290005818622,סלטי מיקי,סלטי מיקי,חומוס יפו,ברקודים חדשים,
7290005818639,סלטי מיקי,סלטי מיקי,טחינה יפו,ברקודים חדשים,
7290005818646,סלטי מיקי,סלטי מיקי,סחוג אדום יפו,ברקודים חדשים,
7290005818752,סלטי מיקי,סלטי מיקי,כרוב עם גזר,ברקודים חדשים,
7290005838002,שטראוס,מחלבה,דניאלה וניל,ברקודים חדשים,
7290005838613,שטראוס,מחלבה,סקי וניל 125 בודד,ברקודים חדשים,
7290005838972,שטראוס,מחלבה,סקי יום יום 5%,ברקודים חדשים,
7290005839078,שטראוס,מחלבה,מארז 8 חסכון - ביו 3% 150 גרם,ברקודים חדשים,
7290005839108,שטראוס,מחלבה,סימפ' 5% עם זתים,ברקודים חדשים,
7290005839313,שטראוס,מחלבה,מילקי טופ מגולגלת,ברקודים חדשים,
7290005839375,שטראוס,מחלבה,דנונה ביו 3% מוסדי 150 גרם,ברקודים חדשים,
7290005854088,יוניליוור,שטראוס,שטראוס מיקס וניל 5 ל',ברקודים חדשים,
7290005854088,יוניליוור,שטראוס,שטראוס מיקס וניל 5 ל',ברקודים חדשים,
7290005854521,יוניליוור,שטראוס,שטראוס מסטיגם 5.5 ל',ברקודים חדשים,
7290005854521,יוניליוור,שטראוס,שטראוס מסטיגם 5.5 ל',ברקודים חדשים,
7290005854538,יוניליוור,שטראוס,שטראוס סורבה תות 5.5 ל',ברקודים חדשים,
7290005854538,יוניליוור,שטראוס,שטראוס סורבה תות 5.5 ל',ברקודים חדשים,
7290005854835,יוניליוור,קורנטו,"קורנטו טילון סופר מגנום 210 מ""ל",ברקודים חדשים,
7290005896439,טמפו,מכבי,"מכבי חוזר 500  מ""ל בקבוק 20 יח'",ברקודים חדשים,
7290005896453,טמפו,מכבי חזקה,"מכבי 7.9% חוזר 500  מ""ל בקבוק 20 יח",ברקודים חדשים,
7290006229069,טמפו,ג'אמפ,ג'אמפ ענבים 1.5 תריסר,ברקודים חדשים,
7290006251107,ויסוצקי,ויסוצקי,מסאלה צ'אי,ברקודים חדשים,
7290006251268,ויסוצקי,ויסוצקי,תה ירוק תפוח וקינמון T.Tשמינייה,ברקודים חדשים,
7290006251275,ויסוצקי,ויסוצקי,תה ירוק סיני T.Tחדש 2018,ברקודים חדשים,
7290006251282,ויסוצקי,ויסוצקי,חמוציות - גן קסום,ברקודים חדשים,
7290006251343,ויסוצקי,ויסוצקי,"מנגו-פסיפלורה ""הגן הקסום""",ברקודים חדשים,
7290006251374,ויסוצקי,ויסוצקי,תה ירוק לימונית וג'ינג'ר T.Tשמינייה,ברקודים חדשים,
7290006251589,ויסוצקי,ויסוצקי,תה ירוק נענע 50 T.T,ברקודים חדשים,
7290006251794,ויסוצקי,ויסוצקי,100/1.5ללא מעטפה לשוק הכללי C- 2000,ברקודים חדשים,
7290006306012,דורום תעשיות מזון,רביולי במילוי חצילים וגבינת קשקבל,פסטה נונה,ברקודים חדשים,
7290006306029,דורום תעשיות מזון,רביולי במילוי סלק ו-4 גבינות,פסטה נונה,ברקודים חדשים,
7290006306104,דורום תעשיות מזון,רוטב 4 גבינות,פסטה נונה,ברקודים חדשים,
7290006306111,דורום תעשיות מזון,רוטב פטריות,פסטה נונה,ברקודים חדשים,
7290006306159,דורום תעשיות מזון,לזניה במילוי 4גבינות ברוטב עגבניות,פסטה נונה,ברקודים חדשים,
7290006306173,דורום תעשיות מזון,קנלוני במילוי פטריות ברוטב עגבניות,פסטה נונה,ברקודים חדשים,
7290006306180,דורום תעשיות מזון,קנלוני במילוי גבינת עיזים ברוטב עגבניות,פסטה נונה,ברקודים חדשים,
7290006306296,דורום תעשיות מזון,רביולי במילוי גבינה במיוחד לילדים,פסטה נונה,ברקודים חדשים,
7290006306302,דורום תעשיות מזון,רביולי במילוי גבינות פרמזן וריקוטה,פסטה נונה,ברקודים חדשים,
7290006306319,דורום תעשיות מזון,רביולי במילוי בטטה,פסטה נונה,ברקודים חדשים,
7290006306326,דורום תעשיות מזון,רביולי במילוי פטריות וגבינת פרמזן,פסטה נונה,ברקודים חדשים,
7290006306333,דורום תעשיות מזון,רביולי במילוי תרד וגבינת ריקוטה,פסטה נונה,ברקודים חדשים,
7290006306340,דורום תעשיות מזון,ניוקי תפוח אדמה,פסטה נונה,ברקודים חדשים,
7290006306357,דורום תעשיות מזון,רביולי במילוי גבינת עיזים,פסטה נונה,ברקודים חדשים,
7290006306364,דורום תעשיות מזון,רוטב אלפרדו,פסטה נונה,ברקודים חדשים,
7290006306388,דורום תעשיות מזון,רוטב נפוליטנה,פסטה נונה,ברקודים חדשים,
7290006488572,סולגר,סולגר,SUPHERB BIO CRAN 60,ברקודים חדשים,
7290006546012,פרי גליל,פרי הגליל-1,צ'לי חריף בנוסח מקסיקני 580גר',ברקודים חדשים,מסמן על רב המוצרים
7290006546302,פרי גליל,פרי הגליל-1,צ'יפס קטרינג 1.5פג,ברקודים חדשים,מסמן על רב המוצרים
7290006546319,פרי גליל,פרי הגליל-1,סטייק צ'יפס 1.5פג,ברקודים חדשים,מסמן על רב המוצרים
7290006546319,פרי גליל,פרי הגליל-1,סטייק צ'יפס 1.5פג מחפוד,ברקודים חדשים,מסמן על רב המוצרים
7290006546333,פרי גליל,פרי הגליל-1,צ'יפס 700ג פג,ברקודים חדשים,מסמן על רב המוצרים
7290006546371,פרי גליל,פרי הגליל-1,במיה 600פג,ברקודים חדשים,מסמן על רב המוצרים
7290006546371,פרי גליל,פרי הגליל-1,במיה 600פג מחפוד,ברקודים חדשים,מסמן על רב המוצרים
7290006546388,פרי גליל,פרי הגליל-1,ת.ארטישוק 400פג,ברקודים חדשים,מסמן על רב המוצרים
7290006546388,פרי גליל,פרי הגליל-1,ת.ארטישוק 400פג מחפוד,ברקודים חדשים,מסמן על רב המוצרים
7290006546395,פרי גליל,פרי הגליל-1,לקט העונה 800פג,ברקודים חדשים,מסמן על רב המוצרים
7290006546425,פרי גליל,פרי הגליל-1,תירס קלחונים 1קג פג,ברקודים חדשים,מסמן על רב המוצרים
7290006546500,פרי גליל,פרי הגליל-1,צ'יפס זיגזג 800פג,ברקודים חדשים,מסמן על רב המוצרים
7290006546517,פרי גליל,פרי הגליל-1,סטייק צ'יפס 800פג,ברקודים חדשים,מסמן על רב המוצרים
7290006546524,פרי גליל,פרי הגליל-1,צ'יפס מובחר 800פג,ברקודים חדשים,מסמן על רב המוצרים
7290006546647,פרי גליל,ויטה-2,מרק עוף 400ל.מנס ויטה,ברקודים חדשים,מסמן על רב המוצרים
7290006546654,פרי גליל,ויטה-2,מרק ט.עוף 400ל.מנס ויטה,ברקודים חדשים,מסמן על רב המוצרים
7290006546661,פרי גליל,ויטה-2,מרק פטריות 400ל.מנס ויטה,ברקודים חדשים,מסמן על רב המוצרים
7290006546661,פרי גליל,ויטה-2,מרק פטריות 400ל.מנס כשלפ,ברקודים חדשים,מסמן על רב המוצרים
7290006546678,פרי גליל,ויטה-2,מרק ירקות 400ל.מנס ויטה,ברקודים חדשים,מסמן על רב המוצרים
7290006546685,פרי גליל,ויטה-2,מרק בצל 400ל.מנס ויטה,ברקודים חדשים,מסמן על רב המוצרים
7290006546685,פרי גליל,ויטה-2,מרק בצל 400ל.מנס כשלפ,ברקודים חדשים,מסמן על רב המוצרים
7290006546982,פרי גליל,פרי הגליל-1,לקט סיני 800פג,ברקודים חדשים,מסמן על רב המוצרים
7290006546999,פרי גליל,פרי הגליל-1,לקט למרק 800פג,ברקודים חדשים,מסמן על רב המוצרים
7290006567048,אסם,אסם,אסם פתיתי קוסקוס ישראלי 12*350גרם,ברקודים חדשים,
7290006567482,אסם,אסם,הבית עוגת קראמבל בטעם תות 8*350גרם,ברקודים חדשים,
7290006567581,אסם,אסם,הבית עוגת קראמבל בטעם מייפל 8*350גרם,ברקודים חדשים,
7290006583345,סלטי מיקי,סלטי מיקי,איקרה אדומה,ברקודים חדשים,
7290006652027,אסם,אסם,במבה יום הולדת מאח.12 20*15גרם,ברקודים חדשים,
7290006653475,אסם,אסם,אסם רוטב אלף האיים 6*600מל,ברקודים חדשים,
7290006653819,אסם,אסם,אסם קוסקוס דק 12*350גרם,ברקודים חדשים,
7290006653857,אסם,אסם,דובונים ארנבונים 30*40גרם,ברקודים חדשים,
7290006664037,שטראוס,מחלבה,גמדים תפוח בננה רביעייה,ברקודים חדשים,
7290006664051,שטראוס,מחלבה,אקטימל לבן 14,ברקודים חדשים,
7290006664310,שטראוס,מחלבה,סקי 3% 250 גרם,ברקודים חדשים,
7290006664402,שטראוס,מחלבה,סקי% 5 750 גרם,ברקודים חדשים,
7290006664532,שטראוס,מחלבה,דנונה תות 3%,ברקודים חדשים,
7290006664631,שטראוס,מחלבה,אקטימל 8 תות דיסני V2,ברקודים חדשים,
7290006664655,שטראוס,מחלבה,אקטימל לבן שמינייה,ברקודים חדשים,
7290006664693,שטראוס,מחלבה,דנונה אפרסק  3%,ברקודים חדשים,
7290006664990,שטראוס,מחלבה,מארז 8 חסכון - ביו 1.7% 150 גרם,ברקודים חדשים,
7290006681003,יוניליוור,קרמיסימו,קרמיסימו סורבה ת.ל. 1.33 ל',ברקודים חדשים,
7290006681003,יוניליוור,קרמיסימו,קרמיסימו סורבה ת.ל. 1.33 ל',ברקודים חדשים,
7290006681065,יוניליוור,שטראוס,"שטראוס טעמקור אקסטרא לארג' 150 מ""ל",ברקודים חדשים,
7290006681089,יוניליוור,שטראוס,"שטראוס מאגדת לייט מיני סנדויץ' 620 מ""ל",ברקודים חדשים,
7290006681249,יוניליוור,פנטסיה,ויאנטה פנטזיה מוקה וניל פרווה 1.1 ל',ברקודים חדשים,
7290006681553,יוניליוור,שטראוס,"שטראוס קרמבו וניל 800 מ""ל",ברקודים חדשים,
7290006681553,יוניליוור,שטראוס,"שטראוס קרמבו וניל 800 מ""ל",ברקודים חדשים,
7290006681560,יוניליוור,שטראוס,"שטראוס קרמבו מוקה 800 מ""ל",ברקודים חדשים,
7290006681560,יוניליוור,שטראוס,"שטראוס קרמבו מוקה 800 מ""ל",ברקודים חדשים,
7290006681577,יוניליוור,אסקימו,"אסקימו מאגדת לימון דובדבן 800 מ""ל",ברקודים חדשים,
7290006681577,יוניליוור,אסקימו,"אסקימו מאגדת לימון דובדבן 800 מ""ל",ברקודים חדשים,
7290006681843,יוניליוור,שטראוס,"שטראוס מאגדת לייט פרי 420 מ""ל",ברקודים חדשים,
7290006681843,יוניליוור,שטראוס,"שטראוס מאגדת לייט פרי 420 מ""ל",ברקודים חדשים,
7290006681904,יוניליוור,שטראוס,"שטראוס מאגדת מצופים ו.ב.ש. 860 מ""ל",ברקודים חדשים,
7290006681904,יוניליוור,שטראוס,"שטראוס מאגדת מצופים ו.ב.ש. 860 מ""ל",ברקודים חדשים,
7290006681959,יוניליוור,שטראוס,שטראוס פסיפלורה תות 5.5 ל',ברקודים חדשים,
7290006681959,יוניליוור,שטראוס,שטראוס פסיפלורה תות 5.5 ל',ברקודים חדשים,
7290006681980,יוניליוור,קרמיסימו,קרמיסימו סורבה פסיפלורה 1.33 ל',ברקודים חדשים,
7290006681980,יוניליוור,קרמיסימו,קרמיסימו סורבה פסיפלורה 1.33 ל',ברקודים חדשים,
7290006736147,סלטי מיקי,סלטי מיקי,חומוס מסעדות מסבחה,ברקודים חדשים,
7290006736154,סלטי מיקי,סלטי מיקי,חומוס מסעדות מסבחה חריף,ברקודים חדשים,
7290006736161,סלטי מיקי,סלטי מיקי,חומוס מסעדות ירושלמי,ברקודים חדשים,
7290006736413,סלטי מיקי,סלטי מיקי,החומוסיה- חומוס טחינה,ברקודים חדשים,
7290006736420,סלטי מיקי,סלטי מיקי,החומוסיה- חומוס צנובר,ברקודים חדשים,
7290006736536,סלטי מיקי,סלטי מיקי,סלט תירס,ברקודים חדשים,
7290006736642,סלטי מיקי,סלטי מיקי,החומוסיה- חומוס חריף,ברקודים חדשים,
7290006736802,סלטי מיקי,סלטי מיקי,הרינג כבוש עם בצל,ברקודים חדשים,
7290006736826,סלטי מיקי,סלטי מיקי,פילה מטיאס בשמן קנולה,ברקודים חדשים,
7290006736833,סלטי מיקי,סלטי מיקי,פילה מטיאס עם בצל בשמן קנולה,ברקודים חדשים,
7290006736925,סלטי מיקי,סלטי מיקי,איקרה לבנה,ברקודים חדשים,
7290006755469,אסם,אסם,טבעול שניצל תירס 99 קלוריות 6*630ג.חדש,ברקודים חדשים,
7290006764058,טמפו,נשר לבן,נשר לבן חוזר 500 בקבוק 20 יח',ברקודים חדשים,
7290006764065,טמפו,נ.מאלט,נשר מאלט חוזר 500 בקבוק 20 יח',ברקודים חדשים,
7290006764072,טמפו,"ג""ס",גולדסטאר חוזר 500 בקבוק 20 יח',ברקודים חדשים,
7290006764102,טמפו,"ג""ס",גולדסטאר חוזר 500 שישייה בסקט,ברקודים חדשים,
7290006764263,טמפו,"ג""ס",גולדסטאר חוזר 330 בקבוק 24 יח',ברקודים חדשים,
7290006764348,טמפו,מ.סטאר,מאלטסטאר 1.5 ליטר תריסר,ברקודים חדשים,
7290006764485,טמפו,נ.מאלט,"נשר מאלט ח""פ 330 בקבוק שישייה",ברקודים חדשים,
7290006764737,טמפו,נ.מאלט,דיאט נשר מאלט חוזר 500 בקבוק 20 יח',ברקודים חדשים,
7290006770028,פרי גליל,ויטה-2,מרק עוף 400ויטה כשלפ,ברקודים חדשים,מסמן על רב המוצרים
7290006770035,פרי גליל,ויטה-2,מרק ט.עוף 400ויטה כשלפ,ברקודים חדשים,מסמן על רב המוצרים
7290006770257,פרי גליל,ויטה-2,מרק ט.עוף 1.15קג ויטה כשלפ,ברקודים חדשים,מסמן על רב המוצרים
7290006770257,פרי גליל,ויטה-2,מרק ט.עוף 1.15קג ויטה,ברקודים חדשים,מסמן על רב המוצרים
7290006770370,פרי גליל,ויטה-2,מרק מעולה 1קג ויטה,ברקודים חדשים,מסמן על רב המוצרים
7290006770370,פרי גליל,ויטה-2,מרק מעולה 1קג נארז.א.פ,ברקודים חדשים,מסמן על רב המוצרים
7290006770370,פרי גליל,ויטה-2,מרק מעולה 1קג כשלפ,ברקודים חדשים,מסמן על רב המוצרים
7290006770547,פרי גליל,פרי הגליל-1,לקט לחמין 800גרם פג,ברקודים חדשים,מסמן על רב המוצרים
7290006770561,פרי גליל,פרי הגליל-1,לקט לקוסקוס 800פג,ברקודים חדשים,מסמן על רב המוצרים
7290006784315,קומפלקס כימיקליים,קומפלקס כימיקליים,רצפות ווקס 4 ליטר,ברקודים חדשים,
7290006784322,קומפלקס כימיקליים,קומפלקס כימיקליים,"סנט מוריץ נירוסטה 400 מ""ל",ברקודים חדשים,
7290006784339,קומפלקס כימיקליים,קומפלקס כימיקליים,"תרסיס רהיט 300 מ""ל",ברקודים חדשים,
7290006784346,קומפלקס כימיקליים,קומפלקס כימיקליים,קצף לניקוי שטיחים,ברקודים חדשים,
7290006784360,קומפלקס כימיקליים,קומפלקס כימיקליים,חלונית 1 ליטר-אריזת ענק,ברקודים חדשים,
7290006784506,קומפלקס כימיקליים,קומפלקס כימיקליים,"מסיר כתמים 750 מ""ל OXY",ברקודים חדשים,
7290006784544,קומפלקס כימיקליים,קומפלקס כימיקליים,C360 קוטל תיקנים/זוחלים,ברקודים חדשים,
7290006784551,קומפלקס כימיקליים,קומפלקס כימיקליים,C 365 קוטל מעופפים,ברקודים חדשים,
7290006811455,סלטי שמיר,סלטי שמיר,"חציל תאילנדי 2ק""ג",ברקודים חדשים,
7290006811967,סלטי שמיר,סלטי שמיר,"חמוצים סיני 4.8ק""ג",ברקודים חדשים,
7290006811974,סלטי שמיר,סלטי שמיר,"מעורב מזרחי 4.8ק""ג",ברקודים חדשים,
7290006811998,סלטי שמיר,סלטי שמיר,"כרוב כבוש (דלי) 4.5ק""ג",ברקודים חדשים,
7290006822192,מבשלות בירה ישראליות,פריגת,חמוציות דיאט טהור בק' פט 1 ליטר 15 קרטון,ברקודים חדשים,
7290006822192,מבשלות בירה ישראליות,פריגת,חמוציות דיאט טהור בק' 1 ל' 15 קרטון-כשלפ,ברקודים חדשים,
7290006855183,"טבעית מוצרים מן הטבע בע""מ-",ברבריא,ברבריא מארז 4 חטיפים בר תמרים אגוזי מלך ושומשום מלא,ברקודים חדשים,
7290006855206,"טבעית מוצרים מן הטבע בע""מ-",ברבריא,ברבריא מארז 4 חטיפים בר שזיפים קוקוס ואוכמניות,ברקודים חדשים,
7290006855244,"טבעית מוצרים מן הטבע בע""מ-",ברבריא,ברבריא מארז 4 חטיפים בר אגוזים שקדים צימוקים ודבש,ברקודים חדשים,
7290006855251,"טבעית מוצרים מן הטבע בע""מ-",ברבריא,ברבריא מארז 4 חטיפים בר קשיו אגוזי מלך חמוציות וסילן,ברקודים חדשים,
7290006869128,החברה המרכזית,טרה,לרוויה 1.5% - 1 ליטר,ברקודים חדשים,
7290006869449,החברה המרכזית,טרה,לבן 150 גרם 3%  (פ),ברקודים חדשים,
7290006869593,החברה המרכזית,טרה,"גבינה לבנה 2 ק""ג 5% ",ברקודים חדשים,
7290006869609,החברה המרכזית,טרה,"חמאה בבלוק 25  ק""ג  - רבנות (מחיר לק""ג) ",ברקודים חדשים,
7290006869784,החברה המרכזית,טרה,"גבינה שמנה 9% 2 ק""ג ",ברקודים חדשים,
7290006869821,החברה המרכזית,טרה,שמנת חמוצה - 17 ליטר ,ברקודים חדשים,
7290006869920,החברה המרכזית,משק צוריאל,"גבינת שמנת 30% טבעי 1.9 ק""ג",ברקודים חדשים,
7290006936059,קליר,קליר,"משחת כלים 20% לימון 3.5 ק""ג",ברקודים חדשים,
7290006982704,אסם,אסם,ציפסי מאח.בדצ.6 10*20גרם,ברקודים חדשים,
7290006983176,אסם,אסם,לחמית שיפון 10*230גרם,ברקודים חדשים,
7290006983206,אסם,אסם,אסם פלאפל בקלי קלות 8*180גרם,ברקודים חדשים,
7290006983527,אסם,אסם,הבית עוגת תפוחי עץ עם פירורים 8*400גרם,ברקודים חדשים,
7290006983763,אסם,אסם,הבית עוגת שוקולד 8*400גרם,ברקודים חדשים,
7290006983770,אסם,אסם,הבית עוגת שיש 8*400גרם,ברקודים חדשים,
7290006983787,אסם,אסם,הבית עוגת שוקולד צ'יפס 8*400גרם,ברקודים חדשים,
7290006983794,אסם,אסם,הבית עוגת תפוז 8*400גרם,ברקודים חדשים,
7290006984647,אסם,אסם,אסם חטיפי פריכונים מלוח גלי 12*80גרם,ברקודים חדשים,
7290006987420,המברשת רוחמה,המברשת רוחמה,"מטאטא כביש פלסטיק 30 ס""מ",ברקודים חדשים,
7290006989062,המברשת רוחמה,המברשת רוחמה,מטאטא ג'וליה גוף פלסטיק,ברקודים חדשים,
7290006989079,המברשת רוחמה,המברשת רוחמה,מברשת שטיחים 525,ברקודים חדשים,
7290006989079,המברשת רוחמה,המברשת רוחמה,מברשת שטיחים 525,ברקודים חדשים,
7290006989086,המברשת רוחמה,המברשת רוחמה,מברשת אבק סיב ארוך 201,ברקודים חדשים,
7290006989086,המברשת רוחמה,המברשת רוחמה,מברשת אבק סיב ארוך 201,ברקודים חדשים,
7290006989116,המברשת רוחמה,המברשת רוחמה,סט שירותים מיכל מרובע 334,ברקודים חדשים,
7290006989123,המברשת רוחמה,המברשת רוחמה,יעה נצמד+פס גומי-המברשת,ברקודים חדשים,
7290006989130,המברשת רוחמה,המברשת רוחמה,"מטאטא כביש פלסטיק 60 ס""מ",ברקודים חדשים,
7290006989178,המברשת רוחמה,המברשת רוחמה,מטאטא פז צבעוני גוף פלסטיק,ברקודים חדשים,
7290006989246,המברשת רוחמה,המברשת רוחמה,מטאטא מירלה גוף פלסטיק,ברקודים חדשים,
7290006989253,המברשת רוחמה,המברשת רוחמה,מטאטא חום גוף פלסטיק,ברקודים חדשים,
7290006989277,המברשת רוחמה,המברשת רוחמה,יעה מפח מגלוון,ברקודים חדשים,
7290006989284,המברשת רוחמה,המברשת רוחמה,יעה+מקל עומד תומר,ברקודים חדשים,
7290006989321,המברשת רוחמה,המברשת רוחמה,דלי צבעוני 12 ליטר עם פייה,ברקודים חדשים,
7290006989338,המברשת רוחמה,המברשת רוחמה,"מטאטא כביש פלסטיק 40 ס""מ",ברקודים חדשים,
7290006989345,המברשת רוחמה,המברשת רוחמה,מברשת זפת+ידית 110,ברקודים חדשים,
7290006989352,המברשת רוחמה,המברשת רוחמה,מברשת זפת פירמידה ללא הברגה,ברקודים חדשים,
7290006989413,המברשת רוחמה,המברשת רוחמה,מברשת סיוד 900,ברקודים חדשים,
7290006989437,המברשת רוחמה,המברשת רוחמה,"מטאטא כביש פלסטיק 50 ס""מ",ברקודים חדשים,
7290006989635,המברשת רוחמה,המברשת רוחמה,"מברשת שטיפת מכוניות 24 ס""מ",ברקודים חדשים,
7290006989666,המברשת רוחמה,המברשת רוחמה,מטאטא קרצוף שרובר מאי,ברקודים חדשים,
7290006989680,המברשת רוחמה,המברשת רוחמה,מטאטא קרצוף שרובר צהוב,ברקודים חדשים,
7290006989772,המברשת רוחמה,המברשת רוחמה,כרית יפנית שישייה VISH,ברקודים חדשים,
7290006992161,אסם,אסם,מטרנה דייסת קורנפלור פרוביוטיקה 12*200ג,ברקודים חדשים,
7290006992185,אסם,אסם,מטרנה דייסת אורז פרוביוטיקה 12*200גרם,ברקודים חדשים,
7290006992192,אסם,אסם,מטרנה דייסת סולת פרוביוטיקה 12*200גרם,ברקודים חדשים,
7290006992208,אסם,אסם,מטרנה דייסת דגנים פרוביוטיקה 12*200גרם,ברקודים חדשים,
7290006992390,אסם,אסם,מטרנה דייסת וניל פרוביוטיקה 12*200גרם,ברקודים חדשים,
7290006992390,אסם,אסם,מטרנה דייסת וניל פרוביוטי. כשלפ 12*200ג,ברקודים חדשים,
7290006992864,ביופט,"לה-קט - משווק ע""י דיפלומט","להקט חתלתולים 2.85 ק""ג",ברקודים חדשים,
7290008000239,כצט,כצט,פמינה קוקוס,ברקודים חדשים,
7290008000246,כצט,כצט,פמינה אלוורה,ברקודים חדשים,
7290008000796,כצט,כצט,משחת שיניים סופרמן,ברקודים חדשים,
7290008000826,כצט,כצט,משחת שיניים ברבי,ברקודים חדשים,
7290008018654,יוניליוור,פינוק,"שמפו פינוק שמפו לילדים 700 מ""ל",ברקודים חדשים,
7290008018661,יוניליוור,פינוק,פינוק מרכך נספג RO מרכך לילדים 700 מ,ברקודים חדשים,
7290008018678,יוניליוור,פינוק,"פינוק שמפו לילדים 2 ב-1 700 מ""ל",ברקודים חדשים,
7290008021043,יוניליוור,פינוק,"פינוק שמפו לשיער רגיל 700 מ""ל",ברקודים חדשים,
7290008021050,יוניליוור,פינוק,פינוק שמפו יבש 700ML,ברקודים חדשים,
7290008021104,יוניליוור,פינוק,"פינוק מרכך נספג RO רגיל 700 מ""ל",ברקודים חדשים,
7290008021111,יוניליוור,פינוק,"פינוק מרכך נספג RO לשיער יבש 700 מ""ל",ברקודים חדשים,
7290008021135,יוניליוור,פינוק,פינוק רגיל שמפו 2 ב -1 700ML,ברקודים חדשים,
7290008021142,יוניליוור,פינוק,"פינוק שמפו 2 ב-1 לשיער יבש 700 מ""ל",ברקודים חדשים,
7290008023542,יוניליוור,סיף,סיף רצפות יסמין 4 ל,ברקודים חדשים,
7290008023542,יוניליוור,סיף,סיף רצפות יסמין 4 ל,ברקודים חדשים,
7290008101004,א.ל יצור תבלינים - תבליני מימון,"תבלינים 1 ק""ג","הל שלם 1 ק""ג",ברקודים חדשים,
7290008101011,א.ל יצור תבלינים - תבליני מימון,"תבלינים 1 ק""ג","תבלין לפיצה 1 ק""ג שקית",ברקודים חדשים,
7290008101073,א.ל יצור תבלינים - תבליני מימון,"תבלינים 1 ק""ג","כמון שלם 1 ק""ג שקית",ברקודים חדשים,
7290008101080,א.ל יצור תבלינים - תבליני מימון,"תבלינים 1 ק""ג","ראס אל חנות 1 ק""ג שקית",ברקודים חדשים,
7290008101103,א.ל יצור תבלינים - תבליני מימון,"תבלינים 1 ק""ג","תבלין לטוסקנה 1 ק""ג צנצנת",ברקודים חדשים,
7290008101172,א.ל יצור תבלינים - תבליני מימון,"תבלינים 1 ק""ג","תבלין לשווארמה צהוב 1ק""ג שקית",ברקודים חדשים,
7290008101219,א.ל יצור תבלינים - תבליני מימון,"תבלינים 1 ק""ג","תבלין לפרגיות 1 ק""ג שקית",ברקודים חדשים,
7290008101295,א.ל יצור תבלינים - תבליני מימון,"תבלינים 1 ק""ג","פפריקה גרוסה 1 ק""ג שקית",ברקודים חדשים,
7290008101363,א.ל יצור תבלינים - תבליני מימון,"תבלינים 1 ק""ג","פלפל יבש מתוק  1 ק""ג",ברקודים חדשים,
7290008101882,א.ל יצור תבלינים - תבליני מימון,"1 ק""ג מאפית","גרעיני דלעת  קלוף 1 ק""ג",ברקודים חדשים,
7290008101899,א.ל יצור תבלינים - תבליני מימון,"1 ק""ג מאפית","קוואקר שיבולת שועל 1 ק""ג",ברקודים חדשים,
7290008101905,א.ל יצור תבלינים - תבליני מימון,"1 ק""ג מאפית","גרעיני פישתן 1 ק""ג",ברקודים חדשים,
7290008101912,א.ל יצור תבלינים - תבליני מימון,"1 ק""ג מאפית","שומשום  1 ק""ג שקית",ברקודים חדשים,
7290008101929,א.ל יצור תבלינים - תבליני מימון,"1 ק""ג מאפית","גרעיני חמניות קלוף 1 ק""ג",ברקודים חדשים,
7290008101936,א.ל יצור תבלינים - תבליני מימון,"1 ק""ג מאפית","פרג תפזורת 1 ק""ג",ברקודים חדשים,
7290008104050,כצט,כצט,פמינה קלאסי,ברקודים חדשים,
7290008154222,עוף טוב,עוף טוב,שניצלונים בציפוי מעודן,ברקודים חדשים,
7290008190640,"כרמית תעשיות ממתקים בע""מ","כרמית תעשיות ממתקים בע""מ",אגו וופל שוקולד לבן וקרם אגוזים  110 גר,ברקודים חדשים,מסמן על אריזות
7290008190664,"כרמית תעשיות ממתקים בע""מ","כרמית תעשיות ממתקים בע""מ",אגו וופל שוקולד חלב וקרם אגוזים 110 גר,ברקודים חדשים,מסמן על אריזות
7290008190909,"כרמית תעשיות ממתקים בע""מ","כרמית תעשיות ממתקים בע""מ",מיני קוקיס שוקו ציפס 600 גר',ברקודים חדשים,מסמן על אריזות
7290008263375,מילוז,הרדוף,רסק עגבניות 4X100 אורגני,ברקודים חדשים,
7290008263719,אחדות ביתר לטחינה,הרדוף,טחינה 400 גרם אורגני,ברקודים חדשים,
7290008263726,אחדות ביתר לטחינה,הרדוף,טחינה 400 גרם מלאה אורגני,ברקודים חדשים,
7290008263924,אחדות ביתר לטחינה,הרדוף,"טחינה מלאה 1 ק""ג אורגני",ברקודים חדשים,
7290008330107,יוניליוור,בדין,בדין סגול 4 ליטר,ברקודים חדשים,
7290008330107,יוניליוור,בדין,בדין סגול 4 ליטר,ברקודים חדשים,
7290008330459,יוניליוור,דאב,דאב קרם ידיים רגיל 100ML,ברקודים חדשים,
7290008334570,טיבון ויל,טיבון ויל,רצועות לטחינה,ברקודים חדשים,
7290008336024,טיבון ויל,טיבון ויל,המבורגר מהיר 100 גרם,ברקודים חדשים,
7290008336390,טיבון ויל,טיבון ויל,חזה בקר כבוש חלק ריא,ברקודים חדשים,
7290008336550,טיבון ויל,טיבון ויל,שניצלוני שומ אמיתי מ,ברקודים חדשים,
7290008337342,טיבון ויל,טיבון ויל,נקנקיות עוף 18 מהדרי,ברקודים חדשים,
7290008341127,טיבון ויל,טיבון ויל,רצ' לטחינה חלק ריאה,ברקודים חדשים,
7290008341608,טיבון ויל,טיבון ויל,סטקסס 250 100% בשר,ברקודים חדשים,
7290008344258,טיבון ויל,טיבון ויל,המבורגר מזרחי 400 גר,ברקודים חדשים,
7290008344272,טיבון ויל,טיבון ויל,המבורגר 100% 400 גרם,ברקודים חדשים,
7290008344333,טיבון ויל,טיבון ויל,המבורגר תפזורת,ברקודים חדשים,
7290008344388,טיבון ויל,טיבון ויל,שניצל 150 ג' מטוגן,ברקודים חדשים,
7290008344463,טיבון ויל,טיבון ויל,המבורגר חלק ריאה,ברקודים חדשים,
7290008344753,טיבון ויל,טיבון ויל,כתף בקר קר' חלק ריאה,ברקודים חדשים,
7290008344937,טיבון ויל,טיבון ויל,צ'ונגו קמח מצה,ברקודים חדשים,
7290008345828,טיבון ויל,טיבון ויל,נגיסי עוף מטוגן תפז,ברקודים חדשים,
7290008345897,טיבון ויל,טיבון ויל,טבעות עוף מטוגן תפז,ברקודים חדשים,
7290008345910,טיבון ויל,טיבון ויל,קבב תפזורת,ברקודים חדשים,
7290008345941,טיבון ויל,טיבון ויל,סטיק עין 200 גרם,ברקודים חדשים,
7290008348508,טיבון ויל,טיבון ויל,צוריסוס 60 גרם מוסדי,ברקודים חדשים,
7290008415071,אסם,אסם,סלטי צבר חומוס עם טחינה 12*150גרם,ברקודים חדשים,
7290008415514,אסם,אסם,סלטי צבר חומוס עם חריף 12*150גרם,ברקודים חדשים,
7290008415576,אסם,אסם,צבר חומוס ש.פ.6*850גרם מחמ.14.90שח,ברקודים חדשים,
7290008464024,טמפו,"ג""ס UNFILTERED","גולדסטאר לא מסונן פחית 500 מ""ל 24 יח'",ברקודים חדשים,
7290008464116,טמפו,"ג""ס UNFILTERED",גולדסטאר לא מסונן 20 ליטר חבית,ברקודים חדשים,
7290008464130,טמפו,"ג""ס UNFILTERED","גולדסטאר לא מסונן ח""פ 330 בקבוק שישייה",ברקודים חדשים,
7290008464222,טמפו,מכבי חזקה,מכבי חזקה 7.9% 500 פחית 24 יח',ברקודים חדשים,
7290008464314,טמפו,סודה טמפו,"סודה כשל""פ 250 מ""ל בקבוק 24 יח'",ברקודים חדשים,
7290008464321,טמפו,סודה מיקסרים,"מי טוניק 250 מ""ל בקבוק 24 יח'",ברקודים חדשים,
7290008464345,טמפו,"ג""ס","גולדסטאר ח""פ 330 בקבוק 24 יח'",ברקודים חדשים,
7290008464468,טמפו,"ג""ס",גולדסטאר 500 פחית 24 יח',ברקודים חדשים,
7290008464475,טמפו,מכבי,מכבי 500 פחית 24 יח',ברקודים חדשים,
7290008464697,טמפו,מכבי חזקה,"מכבי חזקה 7.9% ח""פ 330 בקבוק שישייה",ברקודים חדשים,
7290008464703,טמפו,מכבי,"מכבי ח""פ 330 בקבוק שישייה",ברקודים חדשים,
7290008464734,טמפו,"ג""ס SlowBrew","גולדסטאר SLOW BREW ח""פ 330 בקבוק שישייה",ברקודים חדשים,
7290008464741,טמפו,"ג""ס","גולדסטאר ח""פ 330 בקבוק שישייה",ברקודים חדשים,
7290008464895,טמפו,ג'אמפ,ג'אמפ תפוזים 330 בקבוק 24 יח',ברקודים חדשים,
7290008464901,טמפו,ג'אמפ,ג'אמפ אשכוליות 330 בקבוק 24 יח',ברקודים חדשים,
7290008464918,טמפו,ג'אמפ,ג'אמפ תות בננה 330 בקבוק 24 יח',ברקודים חדשים,
7290008464956,טמפו,ג'אמפ,ג'אמפ דיאט אשכוליות 330 בקבוק 24 יח,ברקודים חדשים,
7290008464963,טמפו,ג'אמפ,ג'אמפ ענבים 330 בקבוק 24 יח',ברקודים חדשים,
7290008464987,טמפו,סודה טמפו,סודה 1.5 ליטר שישייה,ברקודים חדשים,
7290008493307,מאיר בייגל,מאיר בייגל,בייגלה שמיניות מלח מופחת שומן מאיר בייגל (400 גרם),ברקודים חדשים,מסמן בפועל
7290008493314,מאיר בייגל,מאיר בייגל,בייגלה שמיניות מלח מאיר בייגל (400 גרם),ברקודים חדשים,מסמן בפועל
7290008493338,מאיר בייגל,מאיר בייגל,בייגלה טבעות מלח מאיר בייגל (400 גרם),ברקודים חדשים,מסמן בפועל
7290008493345,מאיר בייגל,מאיר בייגל,בייגלה מקלות מלח מאיר בייגל (400 גרם),ברקודים חדשים,מסמן בפועל
7290008493352,מאיר בייגל,מאיר בייגל,בייגלה שמיניות שומשום מאיר בייגל (330 גרם),ברקודים חדשים,מסמן בפועל
7290008493369,מאיר בייגל,מאיר בייגל,בייגלה טבעות שומשום מאיר בייגל (330 גרם),ברקודים חדשים,מסמן בפועל
7290008493376,מאיר בייגל,מאיר בייגל,בייגלה אצבעות שומשום מאיר בייגל (330 גרם),ברקודים חדשים,מסמן בפועל
7290008493383,מאיר בייגל,מאיר בייגל,שמיניות מלח מאיר בייגל (80 גרם),ברקודים חדשים,מסמן בפועל
7290008493390,מאיר בייגל,מאיר בייגל,גריסיני בטעם טבעי מאיר בייגל (200 גרם),ברקודים חדשים,מסמן בפועל
7290008493406,מאיר בייגל,מאיר בייגל,גריסיני שומשום מאיר בייגל (175 גרם),ברקודים חדשים,מסמן בפועל
7290008493413,מאיר בייגל,מאיר בייגל,פירורי גריסיני מאיר בייגל (200 גרם),ברקודים חדשים,מסמן בפועל
7290008493420,מאיר בייגל,מאיר בייגל,בייגלה שמיניות מלח מאיר בייגל (300 גרם),ברקודים חדשים,מסמן בפועל
7290008493437,מאיר בייגל,מאיר בייגל,בייגלה טבעות ללא תוספת מלח מאיר בייגל (300 גרם),ברקודים חדשים,מסמן בפועל
7290008493482,מאיר בייגל,מאיר בייגל,בייגלה גדול שומשום מאיר בייגל (300 גרם),ברקודים חדשים,מסמן בפועל
7290008493499,מאיר בייגל,מאיר בייגל,בייגלה שטוחלה מלח מאיר בייגל (350 גרם),ברקודים חדשים,מסמן בפועל
7290008493505,מאיר בייגל,מאיר בייגל,בייגלה שטוחלה שומשום מאיר בייגל (300 גרם),ברקודים חדשים,מסמן בפועל
7290008493512,מאיר בייגל,מאיר בייגל,בייגלה שטוחלה מלח מאיר בייגל (60 גרם),ברקודים חדשים,מסמן בפועל
7290008493574,מאיר בייגל,מאיר בייגל,בייגלה שטוחלה פינוקים מאיר בייגל (300 גרם),ברקודים חדשים,מסמן בפועל
7290008493635,מאיר בייגל,מאיר בייגל,בייגלה שטוחלה מלח מאיר בייגל (60x6 גרם),ברקודים חדשים,מסמן בפועל
7290008493642,מאיר בייגל,מאיר בייגל,בייגלה שטוחלה מלח מחיטה מלאה מאיר בייגל (300 גרם),ברקודים חדשים,מסמן בפועל
7290008493659,מאיר בייגל,מאיר בייגל,פתי בייגל טעם וניל מאיר בייגל (180 גרם),ברקודים חדשים,מסמן בפועל
7290008493666,מאיר בייגל,מאיר בייגל,פתי בייגל טעם קינמון מאיר בייגל (180 גרם),ברקודים חדשים,מסמן בפועל
7290008493673,מאיר בייגל,מאיר בייגל,פתי בייגל טעם שוקו מאיר בייגל (180 גרם),ברקודים חדשים,מסמן בפועל
7290008493710,מאיר בייגל,מאיר בייגל,פירורי גריסיני זהב מאיר בייגל (200 גרם),ברקודים חדשים,מסמן בפועל
7290008493758,מאיר בייגל,מאיר בייגל,פירורי גריסיני מאיר בייגל (650 גרם),ברקודים חדשים,מסמן בפועל
7290008493765,מאיר בייגל,מאיר בייגל,בייגלה שטוחלה שומשום צ'ילי מתוק מאיר בייגל (300 גרם),ברקודים חדשים,מסמן בפועל
7290008493826,מאיר בייגל,מאיר בייגל,בייגלה ישראלי בטעם זעתר ושומשום מאיר בייגל (300 גרם),ברקודים חדשים,מסמן בפועל
7290008493833,מאיר בייגל,מאיר בייגל,בייגלה ישראלי בטעם פלאפל אסלי מאיר בייגל (300 גרם),ברקודים חדשים,מסמן בפועל
7290008493840,מאיר בייגל,מאיר בייגל,בייגלה ישראלי בטעם חריף מזרחי מאיר בייגל (300 גרם),ברקודים חדשים,מסמן בפועל
7290008493857,מאיר בייגל,מאיר בייגל,בייגלה ישראלי בטעם בצל על האש מאיר בייגל (300 גרם),ברקודים חדשים,מסמן בפועל
7290008535212,תפוגן,תפוגן,טוגן זיג זג 800 גרם,ברקודים חדשים,
7290008636018,מיה מוצרי מזון,מיה מוצרי מזון,כפתורי שוקולד גרם שמינייה,ברקודים חדשים,
7290008636636,מיה מוצרי מזון,מיה מוצרי מזון,מיץ תפוזים בבקבוק 1ליטר,ברקודים חדשים,מסמן על אריזות
7290008636650,מיה מוצרי מזון,מיה מוצרי מזון,קמח מצה 500גרם,ברקודים חדשים,מסמן על אריזות
7290008636704,מיה מוצרי מזון,מיה מוצרי מזון,קונפיטורה משמש 340גרם,ברקודים חדשים,מסמן על אריזות
7290008644112,שטראוס,אחלה,מטבוחה יום יום 125 גרם ,ברקודים חדשים,כן
7290008644235,שטראוס,אחלה,עלי בייבי 120 ג ירקות שטראוס,ברקודים חדשים,
7290008644839,שטראוס,אחלה,"חסה ערבית,אייסברג 300 ג ירקות שטראוס",ברקודים חדשים,
7290008644945,שטראוס,אחלה,סלט המושבה 450 ג ירקות שטראוס,ברקודים חדשים,
7290008645935,שטראוס,אחלה,חומוס 750 גרם ,ברקודים חדשים,כן
7290008645935,שטראוס,אחלה,חומוס 750 מ.צהובה,ברקודים חדשים,כן
7290008690164,החברה המרכזית,קוקה קולה,דיאט קולה לימון 1.5 ליטר,ברקודים חדשים,
7290008690713,מבשלות בירה ישראליות,פריגת,חמוציות טהור בק' פט 1 ליטר 15 קרטון,ברקודים חדשים,
7290008690713,מבשלות בירה ישראליות,פריגת,"חמוציות טהור בק' 1 ליטר 15 קרטון-כשל""פ",ברקודים חדשים,
7290008693134,שטראוס,מחלבה,דניאלה תות,ברקודים חדשים,
7290008711210,ביסקול,מפיץ נאופרם,BISCOL NUTRI קליאו קרם ידיים חום,ברקודים חדשים,
7290008711845,ביסקול,מפיץ נאופרם,BISCOL קליאו קרם גוף פנינה ורוד,ברקודים חדשים,
7290008745345,שטראוס,ממתקים - נצרת,ממרח פרה מגדים/12קופ/500גר,ברקודים חדשים,
7290008746038,שטראוס,ממתקים - נצרת,בונ' לב חלב 162 גר' במילוי קרם אגוזים,ברקודים חדשים,
7290008747424,שטראוס,ממתקים - נצרת,שוק.פרה במלוי תות./12טבל/100גר,ברקודים חדשים,
7290008747431,שטראוס,ממתקים - נצרת,שוק  פרה מגדים במילוי תות 50ג,ברקודים חדשים,
7290008748384,שטראוס,ממתקים - נצרת,ספלנדיד מריר 70% בדצ ללג,ברקודים חדשים,
7290008749152,שטראוס,ממתקים - נצרת,בפל 104 /1.250 קילו,ברקודים חדשים,
7290008749152,שטראוס,ממתקים - נצרת,בפל 104 מדבקה,ברקודים חדשים,
7290008749343,שטראוס,ממתקים - נצרת,בפלות שחור לבן 400  בדצ,ברקודים חדשים,
7290008749954,שטראוס,ממתקים - נצרת,טוב טעם 20יח'מגדים/8שק'/600ג,ברקודים חדשים,
7290008750264,שטראוס,ממתקים - נצרת,מאסט ללס דודבדבן מגדים 28ג,ברקודים חדשים,
7290008750400,שטראוס,ממתקים - נצרת,שוקולד פרה לבן עם עוגיות,ברקודים חדשים,
7290008750677,שטראוס,ממתקים - נצרת,פרה במלוי תות מגדים/12טבל/100,ברקודים חדשים,
7290008753876,שטראוס,ממתקים - נצרת,בפלות גבינה פירורים בדצ,ברקודים חדשים,
7290008753883,שטראוס,ממתקים - נצרת,בפלות טראפלס ופירורים בדצ,ברקודים חדשים,
7290008753982,שטראוס,ממתקים - נצרת,שוקולד אוורירי חלב,ברקודים חדשים,
7290008754033,שטראוס,ממתקים - נצרת,ממרח פרה 850ג/6יח'/850גר,ברקודים חדשים,
7290008754040,שטראוס,ממתקים - נצרת,ממרח פרה 850 מגדים/6יח'/850ג,ברקודים חדשים,
7290008754415,שטראוס,ממתקים - נצרת,מאסט מגדים ספירמינט ללס 28ג,ברקודים חדשים,
7290008754422,שטראוס,ממתקים - נצרת,מאסט מגדים פפירמינט ללס 28ג,ברקודים חדשים,
7290008754613,שטראוס,ממתקים - נצרת,רולדת שוקולד מצופה/9רולדה/350ג,ברקודים חדשים,
7290008754682,שטראוס,ממתקים - נצרת,רולדת קוקוס מצופה/9רולדה/350ג,ברקודים חדשים,
7290008775731,אסם,אסם,אסם רוטב וינגרט 9*290מל,ברקודים חדשים,
7290008775816,אסם,אסם,ערגליות שוקולד 6*300גרם,ברקודים חדשים,
7290008775823,אסם,אסם,ערגליות תות שדה 6*300גרם,ברקודים חדשים,
7290008792233,שניב,שניב,טואלט טאצ' 40 מהדורת חג,ברקודים חדשים,
7290008792240,שניב,שניב,טואלט טאצ' 48,ברקודים חדשים,
7290008792257,שניב,שניב,טאצ' מפיון,ברקודים חדשים,
7290008792264,שניב,שניב,מפיות טאצ' 100,ברקודים חדשים,
7290008792691,שניב,שניב,טואלט מותג 40,ברקודים חדשים,
7290008801010,יקבי כרמל,יקבי כרמל,קברנה /מרלו,ברקודים חדשים,
7290008801119,יקבי כרמל,יקבי כרמל,סוביניון בלאן,ברקודים חדשים,
7290008801157,יקבי כרמל,יקבי כרמל,מרלו,ברקודים חדשים,
7290008801157,יקבי כרמל,יקבי כרמל,מרלו,ברקודים חדשים,
7290008801430,יקבי כרמל,יקבי כרמל,"תירוש אדום 750 מ""ל",ברקודים חדשים,
7290008801454,יקבי כרמל,יקבי כרמל,ישן נושן,ברקודים חדשים,
7290008801461,יקבי כרמל,יקבי כרמל,הנצחון,ברקודים חדשים,
7290008801478,יקבי כרמל,יקבי כרמל,טופז זהב,ברקודים חדשים,
7290008801522,יקבי כרמל,יקבי כרמל,קונקורד,ברקודים חדשים,
7290008801539,יקבי כרמל,יקבי כרמל,כרמל 120,ברקודים חדשים,
7290008801546,יקבי כרמל,יקבי כרמל,מוסקט מתוק,ברקודים חדשים,
7290008801843,יקבי כרמל,יקבי כרמל,קברנה סוביניון,ברקודים חדשים,
7290008801843,יקבי כרמל,יקבי כרמל,קברנה סוביניון,ברקודים חדשים,
7290008801850,יקבי כרמל,יקבי כרמל,אמרלד ריזלינג,ברקודים חדשים,
7290008802291,יקבי כרמל,יקבי כרמל,מרלו,ברקודים חדשים,
7290008802512,יקבי כרמל,יקבי כרמל,וינו יין אדום יבש,ברקודים חדשים,
7290008802529,יקבי כרמל,יקבי כרמל,וינו יין לבן יבש,ברקודים חדשים,
7290008802895,יקבי כרמל,יקבי כרמל,קברנה סוביניון,ברקודים חדשים,
7290008803014,יקבי כרמל,יקבי כרמל,כרמל הוק,ברקודים חדשים,
7290008803021,יקבי כרמל,יקבי כרמל,כרמל אדום עתיק,ברקודים חדשים,
7290008803090,יקבי כרמל,יקבי כרמל,מרלו,ברקודים חדשים,
7290008804189,יקבי כרמל,יקבי כרמל,קברנה סוביניון,ברקודים חדשים,
7290008804271,יקבי כרמל,יקבי כרמל,אדום יבש,ברקודים חדשים,
7290008804332,יקבי כרמל,יקבי כרמל,שיראז,ברקודים חדשים,
7290008804455,יקבי כרמל,יקבי כרמל,רוזה,ברקודים חדשים,
7290008804462,יקבי כרמל,יקבי כרמל,מוסקט קינוח,ברקודים חדשים,
7290008804745,יקבי כרמל,יקבי כרמל,גוורצטרמינר,ברקודים חדשים,
7290008804769,יקבי כרמל,יקבי כרמל,קברנה/מרלו/שיראז,ברקודים חדשים,
7290008805049,יקבי כרמל,יקבי כרמל,רוזה,ברקודים חדשים,
7290008805384,יקבי כרמל,יקבי כרמל,מוסקטו,ברקודים חדשים,
7290008805520,יקבי כרמל,יקבי כרמל,קברנה /מרלו,ברקודים חדשים,
7290008805964,יקבי כרמל,יקבי כרמל,קברנה שיראז,ברקודים חדשים,
7290008806305,יוניליוור,שטראוס,"שטראוס פצפצים 111 מ""ל",ברקודים חדשים,
7290008806428,יוניליוור,שטראוס,שטראוס טריפול שוקולד 5.5 ל',ברקודים חדשים,
7290008806497,יוניליוור,שטראוס,שטראוס סורבה לימון 5.5 ל',ברקודים חדשים,
7290008806497,יוניליוור,שטראוס,שטראוס סורבה לימון 5.5 ל',ברקודים חדשים,
7290008806800,יוניליוור,שטראוס,שטראוס בננה 5.5 ל',ברקודים חדשים,
7290008806800,יוניליוור,שטראוס,שטראוס בננה 5.5 ל',ברקודים חדשים,
7290008806909,יוניליוור,קרמיסימו,קרמיסימו לייט שוקו וניל 1.33 ל',ברקודים חדשים,
7290008806909,יוניליוור,קרמיסימו,קרמיסימו לייט שוקו וניל 1.33 ל',ברקודים חדשים,
7290008806961,יוניליוור,קרמיסימו,קרמיסימו שוקולד פרה 1.33 ל',ברקודים חדשים,
7290008806961,יוניליוור,קרמיסימו,קרמיסימו שוקולד פרה 1.33 ל',ברקודים חדשים,
7290008806985,יוניליוור,קרמיסימו,"קרמיסימו נשנושים פרווה 955 מ""ל",ברקודים חדשים,
7290008806985,יוניליוור,קרמיסימו,"קרמיסימו נשנושים פרווה 955 מ""ל",ברקודים חדשים,
7290008844925,המברשת רוחמה,המברשת רוחמה,סט קולבים 6 יחידות,ברקודים חדשים,
7290008909167,מבשלות בירה ישראליות,פריגת,ענבים מרלו בק' פט עגול 1.5 12 קרטון,ברקודים חדשים,
7290008909167,מבשלות בירה ישראליות,פריגת,"ענבים מרלו בק' פט 1.5 12 קרטון-כשל""פ",ברקודים חדשים,
7290008909440,החברה המרכזית,קוקה קולה,פאנטה אורנג' מנגו 1.5 ליטר,ברקודים חדשים,
7290008909587,החברה המרכזית,קוקה קולה,רביעיית פאנטה אורנג' 1.5 ליטר,ברקודים חדשים,
7290008909846,החברה המרכזית,קוקה קולה,"קולה ZERO פח 330 מ""ל",ברקודים חדשים,
7290008909846,החברה המרכזית,קוקה קולה,"ק""ק זירו פח נמוך 330 מ""ל מבצע",ברקודים חדשים,
7290008909853,החברה המרכזית,קוקה קולה,"קולה ZERO בקבוק 500 מ""ל",ברקודים חדשים,
7290008909860,החברה המרכזית,קוקה קולה,קולה ZERO 1.5 ליטר,ברקודים חדשים,
7290008909877,החברה המרכזית,קוקה קולה,קולה ZERO שישיות 1.5 ליטר,ברקודים חדשים,
7290008909884,החברה המרכזית,קוקה קולה,"קולה ZERO קלאסי 350 מ""ל",ברקודים חדשים,
7290008975155,אסם,אסם,מטרנה אקסטרה קר סנסיטיב 12*400גרם,ברקודים חדשים,
7290008975551,אסם,אסם,מטרנה מהדרין חיסכון שלב 3 12*700גרם,ברקודים חדשים,
7290008975780,ביופט,"בוזנו - משווק ע""י דיפלומט","בונזו גזע קטן 3 ק""ג ",ברקודים חדשים,
7290008975780,ביופט,"בוזנו - משווק ע""י דיפלומט","בונזו גזע קטן 3+1 ק""ג ",ברקודים חדשים,
7290009164848,טיבון ויל,טיבון ויל,840ג GRILL קבב מזרחי,ברקודים חדשים,
7290009164916,טיבון ויל,טיבון ויל,GRIL 840קבב בקר כבש,ברקודים חדשים,
7290009165142,טיבון ויל,טיבון ויל,שיפודי פרגית 500 שופ,ברקודים חדשים,
7290009165210,טיבון ויל,טיבון ויל,נקנקיות סלצ'יצה 1קג,ברקודים חדשים,
7290009165388,טיבון ויל,טיבון ויל,GRIL840מינ המב ריבאנ,ברקודים חדשים,
7290009168112,טיבון ויל,טיבון ויל,GRILהמ ריב אנטר 640ג,ברקודים חדשים,
7290010002016,א.ל יצור תבלינים - תבליני מימון,תבלינים 100 גרם,כוסברה טחונה 100 גרם,ברקודים חדשים,
7290010002023,א.ל יצור תבלינים - תבליני מימון,תבלינים 100 גרם,כורכום הודי טחון 100 גרם,ברקודים חדשים,
7290010002030,א.ל יצור תבלינים - תבליני מימון,תבלינים 100 גרם,כמון 100 גרם,ברקודים חדשים,
7290010002047,א.ל יצור תבלינים - תבליני מימון,תבלינים 100 גרם,מלח לימון 200 גרם,ברקודים חדשים,
7290010002061,א.ל יצור תבלינים - תבליני מימון,תבלינים 100 גרם,פלפל לבן טחון 100 גרם,ברקודים חדשים,
7290010002078,א.ל יצור תבלינים - תבליני מימון,תבלינים 100 גרם,פלפל שחור טחון 100 גרם,ברקודים חדשים,
7290010002092,א.ל יצור תבלינים - תבליני מימון,תבלינים 100 גרם,פלפל שחור גרוס דק 90 גרם,ברקודים חדשים,
7290010002108,א.ל יצור תבלינים - תבליני מימון,תבלינים 100 גרם,פלפל שחור גרוס גס 90 גרם,ברקודים חדשים,
7290010002122,א.ל יצור תבלינים - תבליני מימון,תבלינים 100 גרם,פפריקה הונגרית מתוקה 100 גרם,ברקודים חדשים,
7290010002139,א.ל יצור תבלינים - תבליני מימון,תבלינים 100 גרם,פפריקה הונגרית חריפה 100 גרם,ברקודים חדשים,
7290010002146,א.ל יצור תבלינים - תבליני מימון,תבלינים 100 גרם,פפריקה מרוקאית מתוקה 100 גרם,ברקודים חדשים,
7290010002153,א.ל יצור תבלינים - תבליני מימון,תבלינים 100 גרם,פפריקה מרוקאית חריפה 100 גרם,ברקודים חדשים,
7290010002191,א.ל יצור תבלינים - תבליני מימון,תבלינים 100 גרם,מקלות קינמון 50 גרם,ברקודים חדשים,
7290010002207,א.ל יצור תבלינים - תבליני מימון,תבלינים 100 גרם,קינמון טחון 100 גרם,ברקודים חדשים,
7290010002214,א.ל יצור תבלינים - תבליני מימון,תבלינים 100 גרם,צ'ילי גרוס 70גרם,ברקודים חדשים,
7290010002245,א.ל יצור תבלינים - תבליני מימון,תבלינים 100 גרם,תערובת להכנת סחוג תימני 100 גרם,ברקודים חדשים,
7290010002283,א.ל יצור תבלינים - תבליני מימון,תבלינים 100 גרם,תיבול על האש 100 גרם,ברקודים חדשים,
7290010002290,א.ל יצור תבלינים - תבליני מימון,תבלינים 100 גרם,תיבול לשווארמה 100 גרם,ברקודים חדשים,
7290010002306,א.ל יצור תבלינים - תבליני מימון,תבלינים 100 גרם,תיבול לקציצות 100 גרם,ברקודים חדשים,
7290010002313,א.ל יצור תבלינים - תבליני מימון,תבלינים 100 גרם,ראס אל חנות 100 גרם,ברקודים חדשים,
7290010002320,א.ל יצור תבלינים - תבליני מימון,תבלינים 100 גרם,תיבול לגריל עוף 100 גרם,ברקודים חדשים,
7290010002337,א.ל יצור תבלינים - תבליני מימון,תבלינים 100 גרם,תיבול לסטייק 100 גרם,ברקודים חדשים,
7290010002344,א.ל יצור תבלינים - תבליני מימון,תבלינים 100 גרם,תיבול לדג 100 גרם,ברקודים חדשים,
7290010002351,א.ל יצור תבלינים - תבליני מימון,תבלינים 100 גרם,זעתר ושומשום 100 גרם,ברקודים חדשים,
7290010002368,א.ל יצור תבלינים - תבליני מימון,תבלינים 100 גרם,תערובת חוויג' למרק 100 גרם,ברקודים חדשים,
7290010002375,א.ל יצור תבלינים - תבליני מימון,תבלינים 100 גרם,קארי 100 גרם,ברקודים חדשים,
7290010002382,א.ל יצור תבלינים - תבליני מימון,תבלינים 100 גרם,אורגנו 40 גרם,ברקודים חדשים,
7290010002399,א.ל יצור תבלינים - תבליני מימון,תבלינים 100 גרם,בזיליקום 40 גרם,ברקודים חדשים,
7290010002405,א.ל יצור תבלינים - תבליני מימון,תבלינים 100 גרם,טימין הררי 40 גרם,ברקודים חדשים,
7290010002429,א.ל יצור תבלינים - תבליני מימון,תבלינים 100 גרם,עלי דפנה 20 גרם צנצנת,ברקודים חדשים,
7290010002436,א.ל יצור תבלינים - תבליני מימון,תבלינים 100 גרם,פטרוזיליה 25 גרם,ברקודים חדשים,
7290010002443,א.ל יצור תבלינים - תבליני מימון,תבלינים 100 גרם,רוזמרין 40 גרם,ברקודים חדשים,
7290010002450,א.ל יצור תבלינים - תבליני מימון,תבלינים 100 גרם,שמיר 25 גרם,ברקודים חדשים,
7290010002481,א.ל יצור תבלינים - תבליני מימון,תבלינים 100 גרם,שום טחון 100 גרם,ברקודים חדשים,
7290010002498,א.ל יצור תבלינים - תבליני מימון,תבלינים 100 גרם,שום גבישי 120 גרם,ברקודים חדשים,
7290010002597,א.ל יצור תבלינים - תבליני מימון,תבלינים 100 גרם,כוסברה ירוקה 30 גרם,ברקודים חדשים,
7290010002658,א.ל יצור תבלינים - תבליני מימון,תבלינים 100 גרם,פלפל יבש מתוק 150 גרם,ברקודים חדשים,
7290010002726,א.ל יצור תבלינים - תבליני מימון,תבלינים 100 גרם,תיבול לפרגיות 100 גרם,ברקודים חדשים,
7290010002894,א.ל יצור תבלינים - תבליני מימון,תערובות מיוצרות,"פפריקה מעושנת 1 ק""ג",ברקודים חדשים,
7290010002979,א.ל יצור תבלינים - תבליני מימון,מעוקרים,"שבבי בצל 1 ק""ג מעוקר",ברקודים חדשים,
7290010003051,א.ל יצור תבלינים - תבליני מימון,צנצנות 250 גרם,פפריקה הונגרית מתוקה 400 גרם,ברקודים חדשים,
7290010003075,א.ל יצור תבלינים - תבליני מימון,צנצנות 250 גרם,פפריקה מרוקאית מתוקה 400 גרם,ברקודים חדשים,
7290010003082,א.ל יצור תבלינים - תבליני מימון,"תבלינים 1 ק""ג","פלפל שחור גרוס גס 1 ק""ג צנצנת-",ברקודים חדשים,
7290010003112,א.ל יצור תבלינים - תבליני מימון,"תבלינים 1 ק""ג","מדרס קארי 1 ק""ג צנצנת",ברקודים חדשים,
7290010003136,א.ל יצור תבלינים - תבליני מימון,מעוקרים,"צ'ילי 1 ק""ג מעוקר",ברקודים חדשים,
7290010003174,א.ל יצור תבלינים - תבליני מימון,"תבלינים 1 ק""ג","שום גבישי 1 ק""ג צנצנת",ברקודים חדשים,
7290010003181,א.ל יצור תבלינים - תבליני מימון,מעוקרים,"חוויג למרק 1 ק""ג מעוקר",ברקודים חדשים,
7290010003242,א.ל יצור תבלינים - תבליני מימון,מעוקרים,"זנגביל 1 ק""ג מעוקר",ברקודים חדשים,
7290010003259,א.ל יצור תבלינים - תבליני מימון,מעוקרים,"פלפל אנגלי שלם 1 ק""ג מעוקר",ברקודים חדשים,
7290010003266,א.ל יצור תבלינים - תבליני מימון,מעוקרים,"פלפל שחור גרוס גס 1 ק""ג מעוקר",ברקודים חדשים,
7290010003426,א.ל יצור תבלינים - תבליני מימון,מעוקרים,"מדרס קארי 1 ק""ג מעוקר",ברקודים חדשים,
7290010003488,א.ל יצור תבלינים - תבליני מימון,"תבלינים 1 ק""ג","קייג`ין לעוף 1 ק""ג שקית",ברקודים חדשים,
7290010003686,א.ל יצור תבלינים - תבליני מימון,תבלינים שקיות 80 גרם,עלי דפנה שקית 20 גרם - חדש,ברקודים חדשים,
7290010003693,א.ל יצור תבלינים - תבליני מימון,תבלינים שקיות 80 גרם,פפריקה מתוקה שקית 80 גרם - חדש,ברקודים חדשים,
7290010003709,א.ל יצור תבלינים - תבליני מימון,תבלינים שקיות 80 גרם,פלפל שחור טחון שקית 50 גרם - חדש  ,ברקודים חדשים,
7290010003723,א.ל יצור תבלינים - תבליני מימון,מעוקרים,"אורגנו 1 ק""ג מעוקר",ברקודים חדשים,
7290010003730,א.ל יצור תבלינים - תבליני מימון,מעוקרים,"קצח 1 ק""ג מעוקר",ברקודים חדשים,
7290010003747,א.ל יצור תבלינים - תבליני מימון,מעוקרים,"תבלין לשווארמה 1 ק""ג מעוקר",ברקודים חדשים,
7290010003754,א.ל יצור תבלינים - תבליני מימון,תבלינים שקיות 80 גרם,כמון שקית 50 גרם - חדש,ברקודים חדשים,
7290010003761,א.ל יצור תבלינים - תבליני מימון,תבלינים שקיות 80 גרם,כורכום שקית 80 גרם - חדש  ,ברקודים חדשים,
7290010003778,א.ל יצור תבלינים - תבליני מימון,תבלינים שקיות 80 גרם,תיבול לגריל עוף שקית 80 גרם - חדש,ברקודים חדשים,
7290010003792,א.ל יצור תבלינים - תבליני מימון,תבלינים שקיות 80 גרם,מלח לימון שקית 100 גרם - חדש,ברקודים חדשים,
7290010003808,א.ל יצור תבלינים - תבליני מימון,תבלינים שקיות 80 גרם,זעתר ושומשום שקית 80 גרם - חדש,ברקודים חדשים,
7290010003815,א.ל יצור תבלינים - תבליני מימון,תבלינים 100 גרם,פלפל שטה 150 גרם שקית,ברקודים חדשים,
7290010003822,א.ל יצור תבלינים - תבליני מימון,תבלינים שקיות 80 גרם,פפריקה חריפה שקית 80 גרם - חדש,ברקודים חדשים,
7290010003839,א.ל יצור תבלינים - תבליני מימון,תבלינים שקיות 80 גרם,קינמון טחון שקית 80 גרם - חדש  ,ברקודים חדשים,
7290010003846,א.ל יצור תבלינים - תבליני מימון,תבלינים שקיות 80 גרם,אורגנו שקית 20 גרם - חדש  ,ברקודים חדשים,
7290010003990,א.ל יצור תבלינים - תבליני מימון,תבלינים שקיות 80 גרם,פטרוזיליה שקית 20 גרם - חדש  ,ברקודים חדשים,
7290010004003,א.ל יצור תבלינים - תבליני מימון,"תבלינים 1 ק""ג","פפריקה מתוקה 1 ק""ג צנצנת",ברקודים חדשים,
7290010004010,א.ל יצור תבלינים - תבליני מימון,"תבלינים 1 ק""ג","פפריקה חריפה 1 ק""ג צנצנת",ברקודים חדשים,
7290010004027,א.ל יצור תבלינים - תבליני מימון,"תבלינים 1 ק""ג",אגוז מוסקט טחון צנצנת ,ברקודים חדשים,
7290010004034,א.ל יצור תבלינים - תבליני מימון,"תבלינים 1 ק""ג","כמון 1 ק""ג צנצנת",ברקודים חדשים,
7290010004041,א.ל יצור תבלינים - תבליני מימון,"תבלינים 1 ק""ג","כורכום 1 ק""ג צנצנת",ברקודים חדשים,
7290010004058,א.ל יצור תבלינים - תבליני מימון,"תבלינים 1 ק""ג",שום טחון 1קג צנצנת,ברקודים חדשים,
7290010004065,א.ל יצור תבלינים - תבליני מימון,"תבלינים 1 ק""ג",פלפל שחור טחון 1 קג צנצנת,ברקודים חדשים,
7290010004089,א.ל יצור תבלינים - תבליני מימון,"תבלינים 1 ק""ג",פלפל לבן טחון 1 קג צנצנת,ברקודים חדשים,
7290010004102,א.ל יצור תבלינים - תבליני מימון,"תבלינים 1 ק""ג","תבלין גריל עוף 1 ק""ג צנצנת",ברקודים חדשים,
7290010004133,א.ל יצור תבלינים - תבליני מימון,"תבלינים 1 ק""ג",פלפל אנגלי טחון 1 קג צנצנת ,ברקודים חדשים,
7290010004140,א.ל יצור תבלינים - תבליני מימון,"תבלינים 1 ק""ג","תבלין צלי בקר 1 ק""ג צנצנת",ברקודים חדשים,
7290010004157,א.ל יצור תבלינים - תבליני מימון,"תבלינים 1 ק""ג","חוויג למרק 1 ק""ג צנצנת",ברקודים חדשים,
7290010004171,א.ל יצור תבלינים - תבליני מימון,"תבלינים 1 ק""ג",זעתר ושומשום 1 קג צנצנת,ברקודים חדשים,
7290010004195,א.ל יצור תבלינים - תבליני מימון,"תבלינים 1 ק""ג",תבלין לשווארמה  1קג צנצנת- אדום,ברקודים חדשים,
7290010004225,א.ל יצור תבלינים - תבליני מימון,"תבלינים 1 ק""ג",קימל טחון 1 קג שקית,ברקודים חדשים,
7290010004249,א.ל יצור תבלינים - תבליני מימון,"תבלינים 1 ק""ג","קינמון טחון 1 ק""ג צנצנת ",ברקודים חדשים,
7290010004270,א.ל יצור תבלינים - תבליני מימון,"תבלינים 1 ק""ג",פלפל אנגלי טחון 1 קג שקית,ברקודים חדשים,
7290010004300,א.ל יצור תבלינים - תבליני מימון,"תבלינים 1 ק""ג","שודניה (שטה) טחון 1ק""ג שקית",ברקודים חדשים,
7290010004317,א.ל יצור תבלינים - תבליני מימון,מעוקרים,שטה שלם  מעוקר,ברקודים חדשים,
7290010004348,א.ל יצור תבלינים - תבליני מימון,צנצנות 250 גרם,פפריקה מתוקה 250 גרם,ברקודים חדשים,
7290010004355,א.ל יצור תבלינים - תבליני מימון,מעוקרים,אגוז מוסקט טחון מעוקר,ברקודים חדשים,
7290010004362,א.ל יצור תבלינים - תבליני מימון,"תבלינים 1 ק""ג",סודה לשתיה 1 קג שקית,ברקודים חדשים,
7290010004409,א.ל יצור תבלינים - תבליני מימון,מעוקרים,"כוסברה טחונה 1 ק""ג מעוקר",ברקודים חדשים,
7290010004478,א.ל יצור תבלינים - תבליני מימון,מעוקרים,"בהרט 1 ק""ג מעוקר",ברקודים חדשים,
7290010004508,א.ל יצור תבלינים - תבליני מימון,"תבלינים 1 ק""ג","מעורב ירושלמי 1 ק""ג צנצנת  ",ברקודים חדשים,
7290010004522,א.ל יצור תבלינים - תבליני מימון,"תבלינים 1 ק""ג","פילדלפיה גריל אמריקאי 1 ק""ג צנצנת ",ברקודים חדשים,
7290010004539,א.ל יצור תבלינים - תבליני מימון,"תבלינים 1 ק""ג","קייג`ין לעוף 1 ק""ג צנצנת ",ברקודים חדשים,
7290010004584,א.ל יצור תבלינים - תבליני מימון,"תבלינים 1 ק""ג","ראס אל חנות 1 ק""ג צנצנת ",ברקודים חדשים,
7290010004591,א.ל יצור תבלינים - תבליני מימון,"תבלינים 1 ק""ג","תבלין לדג 1 ק""ג צנצנת  ",ברקודים חדשים,
7290010004614,א.ל יצור תבלינים - תבליני מימון,"תבלינים 1 ק""ג","תבלין לסטייק 1 ק""ג צנצנת ",ברקודים חדשים,
7290010004621,א.ל יצור תבלינים - תבליני מימון,"תבלינים 1 ק""ג","תבלין לעמבה 1 ק""ג צנצנת ",ברקודים חדשים,
7290010004652,א.ל יצור תבלינים - תבליני מימון,"תבלינים 1 ק""ג",פלפל שחור גרוס דק 1 קג צנצנת,ברקודים חדשים,
7290010004683,א.ל יצור תבלינים - תבליני מימון,"תבלינים 1 ק""ג","תבלין לפרגיות 1 ק""ג צנצנת ",ברקודים חדשים,
7290010004690,א.ל יצור תבלינים - תבליני מימון,"תבלינים 1 ק""ג","תבלין לשווארמה צהוב 1ק""ג צנצנת ",ברקודים חדשים,
7290010004713,א.ל יצור תבלינים - תבליני מימון,"תבלינים 1 ק""ג","פפריקה מרוקאית מתוקה 1 ק""ג צנצנת",ברקודים חדשים,
7290010004843,א.ל יצור תבלינים - תבליני מימון,מעוקרים,"פלפל לבן טחון 1 ק""ג מעוקר",ברקודים חדשים,
7290010004850,א.ל יצור תבלינים - תבליני מימון,מעוקרים,"זעתר ושומשום 1 ק""ג מעוקר-שקית",ברקודים חדשים,
7290010004867,א.ל יצור תבלינים - תבליני מימון,מעוקרים,"פפריקה חריפה 1 ק""ג מעוקר",ברקודים חדשים,
7290010004928,א.ל יצור תבלינים - תבליני מימון,מעוקרים,"פלפל שחור גרוס דק 1 ק""ג מעוקר",ברקודים חדשים,
7290010004935,א.ל יצור תבלינים - תבליני מימון,מעוקרים,"תבלין גריל עוף 1 ק""ג  מעוקר",ברקודים חדשים,
7290010004942,א.ל יצור תבלינים - תבליני מימון,מעוקרים,"כורכום 1 ק""ג שקית מעוקר",ברקודים חדשים,
7290010004966,א.ל יצור תבלינים - תבליני מימון,מעוקרים,"כמון 1 ק""ג מעוקר-שקית",ברקודים חדשים,
7290010004973,א.ל יצור תבלינים - תבליני מימון,מעוקרים,"פלפל שחור טחון 1 ק""ג מעוקר-שקית",ברקודים חדשים,
7290010004980,א.ל יצור תבלינים - תבליני מימון,מעוקרים,"פפריקה מתוקה 1 ק""ג מעוקר",ברקודים חדשים,
7290010023141,ויסוצקי,ויסוצקי,לימונענע - הגן הקסום,ברקודים חדשים,
7290010023578,ויסוצקי,ויסוצקי,מרווה לימונית - ניחוחות הגליל,ברקודים חדשים,
7290010023622,ויסוצקי,ויסוצקי,100/1כחול בנגיעת נענע C2000,ברקודים חדשים,
7290010023943,ויסוצקי,ויסוצקי,רוייבוש קינמון וניל T.Tשמינייה,ברקודים חדשים,
7290010115938,שטראוס,ממתקים - נצרת,פתיבר שוקו 500 גר' 2018,ברקודים חדשים,
7290010116348,שטראוס,ממתקים - נצרת,מיקס מעורב מגדים.390/1שק'/390ג',ברקודים חדשים,
7290010116348,שטראוס,ממתקים - נצרת,מיקס ירוק 390ג מגדים מדבקה 2,ברקודים חדשים,
7290010116355,שטראוס,ממתקים - נצרת,מיני פסק זמן מגדים 400ג/1שק'/400ג',ברקודים חדשים,
7290010116379,שטראוס,ממתקים - נצרת,שקית מיני כיף כף מגדים 400ג חדש,ברקודים חדשים,
7290010116386,שטראוס,ממתקים - נצרת,מיני מקופלת מגדים 400 גר' ללא גלוטן,ברקודים חדשים,
7290010126323,פרי גליל,יד המלך-30,חציל במיונז 400גר,ברקודים חדשים,מסמן על רב המוצרים
7290010126330,פרי גליל,יד המלך-30,תירס במיונז 400גר,ברקודים חדשים,מסמן על רב המוצרים
7290010126408,פרי גליל,יד המלך-30,חציל בטחינה 400גר,ברקודים חדשים,מסמן על רב המוצרים
7290010126477,פרי גליל,יד המלך-30,טחינה ירוקה 400גר,ברקודים חדשים,מסמן על רב המוצרים
7290010126484,פרי גליל,יד המלך-30,מטבוחה 400גר,ברקודים חדשים,מסמן על רב המוצרים
7290010126491,פרי גליל,יד המלך-30,סלק 400גר,ברקודים חדשים,מסמן על רב המוצרים
7290010126507,פרי גליל,יד המלך-30,סלט טורקי 400גר,ברקודים חדשים,מסמן על רב המוצרים
7290010126583,פרי גליל,יד המלך-30,חציל טבעי 400גר,ברקודים חדשים,מסמן על רב המוצרים
7290010126873,פרי גליל,יד המלך-30,קולוסלו 400גר,ברקודים חדשים,מסמן על רב המוצרים
7290010126897,פרי גליל,יד המלך-30,כרוב שוודי 400גר,ברקודים חדשים,מסמן על רב המוצרים
7290010126958,פרי גליל,יד המלך-30,"תפו""א במיונז 400גר",ברקודים חדשים,מסמן על רב המוצרים
7290010126972,פרי גליל,יד המלך-30,טחינה לבנה 400גר,ברקודים חדשים,מסמן על רב המוצרים
7290010153473,מיה מוצרי מזון,מיה מוצרי מזון,לדר אננס 100גרם,ברקודים חדשים,מסמן על אריזות
7290010153480,מיה מוצרי מזון,מיה מוצרי מזון,לדר פאפיה 100גרם,ברקודים חדשים,מסמן על אריזות
7290010153725,מיה מוצרי מזון,מיה מוצרי מזון,קונפיטורה דובדבן 340גרם,ברקודים חדשים,מסמן על אריזות
7290010153756,מיה מוצרי מזון,מיה מוצרי מזון,מארז שפיצים 15גרם חדש,ברקודים חדשים,
7290010153763,מיה מוצרי מזון,מיה מוצרי מזון,שפיצים 50גרם,ברקודים חדשים,
7290010153770,מיה מוצרי מזון,מיה מוצרי מזון,ציפוי לשניצל פיקנטי 500גר,ברקודים חדשים,מסמן על אריזות
7290010153787,מיה מוצרי מזון,מיה מוצרי מזון,ציפוי לשניצל עם שום 500גר,ברקודים חדשים,מסמן על אריזות
7290010153794,מיה מוצרי מזון,מיה מוצרי מזון,ציפוי לשניצל עם עשבי תיבול,ברקודים חדשים,מסמן על אריזות
7290010153800,מיה מוצרי מזון,מיה מוצרי מזון,ציפוי לשניצל עם תיבול עדין,ברקודים חדשים,מסמן על אריזות
7290010153817,מיה מוצרי מזון,מיה מוצרי מזון,ריבת חלב אמיתי 400גרם,ברקודים חדשים,מסמן על אריזות
7290010153824,מיה מוצרי מזון,מיה מוצרי מזון,צבעוני שוקולד צימקאו 20גר,ברקודים חדשים,
7290010153879,מיה מוצרי מזון,מיה מוצרי מזון,ריבת חלב בטעם שמנת 400גרם,ברקודים חדשים,מסמן על אריזות
7290010153893,מיה מוצרי מזון,מיה מוצרי מזון,ריבת חלב בטעם שוקולד 400ג,ברקודים חדשים,מסמן על אריזות
7290010153978,מיה מוצרי מזון,מיה מוצרי מזון,קונפיטורה שזיפים 340גרם,ברקודים חדשים,מסמן על אריזות
7290010237593,טמפו,נ.מאלט,"נשר מאלט 330 מ""ל פחית 24 יח'",ברקודים חדשים,
7290010237623,טמפו,נ.מאלט,נשר מאלט 1.5 ליטר תריסר,ברקודים חדשים,
7290010237630,טמפו,נ.מאלט,דיאט נשר מאלט 1.5 ליטר תריסר,ברקודים חדשים,
7290010237753,טמפו,נ.מאלט,נשר מאלט 1.5 ליטר רביעייה,ברקודים חדשים,
7290010237784,טמפו,שנדי,"שנדי לימון ליים 330 מ""ל בקבוק שישייה",ברקודים חדשים,
7290010314140,אסם,אסם,טבעול חזה בגריל צמחי 6*630גרם-חדש,ברקודים חדשים,
7290010320935,תנובה,תנובה,פרוסות מוצרלה תנובה,ברקודים חדשים,
7290010328246,אחדות ביתר לטחינה,אחווה,טחינה משומשום מלא 500 גרם,ברקודים חדשים,מסמן בפועל
7290010328253,אחדות ביתר לטחינה,אחווה,טחינה גולמית 500 גרם בפלסטיק,ברקודים חדשים,מסמן בפועל
7290010328345,אחדות ביתר לטחינה,אחווה,חלוה 50 גרם בקופסה,ברקודים חדשים,מסמן בפועל
7290010328468,אחדות ביתר לטחינה,אחווה,חטיפי מיני חלוה בטעמים 18 יח' במגש,ברקודים חדשים,מסמן בפועל
7290010328505,אחדות ביתר לטחינה,אחווה,חטיפי מיני חלוה ללא תוספת סוכר 15 יח' במגש,ברקודים חדשים,מסמן בפועל
7290010328598,אחדות ביתר לטחינה,אחווה,פינגרס-חטיפי חלוה בטעם וניל 126 גרם,ברקודים חדשים,מסמן בפועל
7290010328604,אחדות ביתר לטחינה,אחווה,פינגרס חטיפי חלוה עם פיסטוק 126 גרם,ברקודים חדשים,מסמן בפועל
7290010328611,אחדות ביתר לטחינה,אחווה,פינגרס-חטיפי חלוה עם פולי קקאו 126 גרם,ברקודים חדשים,מסמן בפועל
7290010328628,אחדות ביתר לטחינה,אחווה,פינגרס-חטיפי חלוה ללא סוכר עם שקדים 126 גרם,ברקודים חדשים,מסמן בפועל
7290010328727,אחדות ביתר לטחינה,אחווה,ממרח טחינה עם שוקולד 400 גרם,ברקודים חדשים,מסמן בפועל
7290010328734,אחדות ביתר לטחינה,אחווה,ממרח טחינה עם סילאן 400 גרם,ברקודים חדשים,מסמן בפועל
7290010328765,אחדות ביתר לטחינה,אחווה,חלוה 50 גרם שוקו וניל בקופסא,ברקודים חדשים,מסמן בפועל
7290010328789,אחדות ביתר לטחינה,אחווה,עוגה בטעם וניל אחדות 350 גרם,ברקודים חדשים,מסמן בפועל
7290010328796,אחדות ביתר לטחינה,אחווה,עוגה בטעם שוקולד אחדות 350 גרם,ברקודים חדשים,מסמן בפועל
7290010328802,אחדות ביתר לטחינה,אחווה,עוגת שוקוציפס אחדות 350 גרם,ברקודים חדשים,מסמן בפועל
7290010328819,אחדות ביתר לטחינה,אחווה,ממרח טחינה עם שוקולד ללא תוספת סוכר 400 גרם,ברקודים חדשים,מסמן בפועל
7290010329595,"כרמית תעשיות ממתקים בע""מ","כרמית תעשיות ממתקים בע""מ",אגו וופל דאבל שוקו 110 גר,ברקודים חדשים,מסמן על אריזות
7290010329977,"כרמית תעשיות ממתקים בע""מ","כרמית תעשיות ממתקים בע""מ",מטבעות מריר 42ג' ברשת ,ברקודים חדשים,מסמן על אריזות
7290010329984,"כרמית תעשיות ממתקים בע""מ","כרמית תעשיות ממתקים בע""מ",שוקולד ציפס 60% מוצקי קקאו 250גרם 16Xשקיות,ברקודים חדשים,
7290010471669,שטראוס,מחלבה,דנונה בר תות קורנפלקס,ברקודים חדשים,
7290010472307,שטראוס,מחלבה,גמד8 שתיה ת.בננה דיסני,ברקודים חדשים,
7290010472390,שטראוס,מחלבה,מארז 8 דני שוקולד,ברקודים חדשים,
7290010472765,שטראוס,מחלבה,4 גמדים תות,ברקודים חדשים,
7290010546053,"מנדל טי אם סחר ושיווק בע""מ",מנדל גרנולה,גרנולה ללא תוספת סוכר,ברקודים חדשים,מסמן בפועל
7290010546152,"מנדל טי אם סחר ושיווק בע""מ",מנדל גרנולה,גרנולה תמרים,ברקודים חדשים,מסמן בפועל
7290010546169,"מנדל טי אם סחר ושיווק בע""מ",מנדל גרנולה,גרנולה שקדים וצימוקים,ברקודים חדשים,מסמן בפועל
7290010546336,"מנדל טי אם סחר ושיווק בע""מ",מנדל גרנולה,גרנולה בסילאן ללא תוספת סוכר,ברקודים חדשים,מסמן בפועל
7290010546558,"מנדל טי אם סחר ושיווק בע""מ",מנדל גרנולה,גרנולה חלבה תמרים,ברקודים חדשים,מסמן בפועל
7290010546565,"מנדל טי אם סחר ושיווק בע""מ",מנדל גרנולה,גרנולה שוקולד,ברקודים חדשים,מסמן בפועל
7290010569038,יוניליוור,שטראוס,שטראוס אחמ 5 טעמים ת.ל.ב.מ.פ. שרבט 2 ל',ברקודים חדשים,
7290010569038,יוניליוור,שטראוס,שטראוס אחמ 5 טעמים ת.ל.ב.מ.פ. שרבט 2 ל',ברקודים חדשים,
7290010569052,יוניליוור,שטראוס,שטראוס אחמ 5 טעמים ש.ק.מ.ו.פ. חלבי 2 ל',ברקודים חדשים,
7290010569052,יוניליוור,שטראוס,שטראוס אחמ 5 טעמים ש.ק.מ.ו.פ. חלבי 2 ל',ברקודים חדשים,
7290010569069,יוניליוור,שטראוס,שטראוס אחמ 3 טעמים ש.ו.ת. פרווה 2 ל',ברקודים חדשים,
7290010569069,יוניליוור,שטראוס,שטראוס אחמ 3 טעמים ש.ו.ת. פרווה 2 ל',ברקודים חדשים,
7290010569120,יוניליוור,שטראוס,"שטראוס פסק זמן 380 מ""ל",ברקודים חדשים,
7290010569533,יוניליוור,שטראוס,"שטראוס לייט אפרסק 96 מ""ל",ברקודים חדשים,
7290010569878,יוניליוור,שטראוס,"שטראוס קינוח וניל שוקולד פרווה 96 מ""ל",ברקודים חדשים,
7290010569878,יוניליוור,שטראוס,"שטראוס קינוח וניל שוקולד פרווה 96 מ""ל",ברקודים חדשים,
7290010569953,יוניליוור,אסקימו,"אסקימו דובדבן אננס מגזר 80 מ""ל",ברקודים חדשים,
7290010569953,יוניליוור,אסקימו,"אסקימו דובדבן אננס מגזר 80 מ""ל",ברקודים חדשים,
7290010569977,יוניליוור,מגנום,"מגנום מיני קלסיק מגזר 70 מ""ל",ברקודים חדשים,
7290010711147,נועם אורים,Shiny,גליל מטליות אקולוגי Shiny,ברקודים חדשים,
7290010711208,נועם אורים,Shiny,גליל מטליות צהוב 40) Shiny יח'),ברקודים חדשים,
7290010711338,נועם אורים,המותג,המותג: 4 סחבות 50/80,ברקודים חדשים,
7290010711345,נועם אורים,המותג,המותג: 6 סחבות מגולגלות 50/70,ברקודים חדשים,
7290010711932,נועם אורים,Shiny,9 מטליות רב שימושיות פרימיום Shiny,ברקודים חדשים,
7290010740512,אסם,אסם,טבעול שניצל דק מן הצומח 8*700גרם,ברקודים חדשים,
7290010814244,"כרמית תעשיות ממתקים בע""מ","כרמית תעשיות ממתקים בע""מ",שלשות שוקולד מריר 85 גרם*3 בלמינט *18 בקרטון,ברקודים חדשים,
7290010814251,"כרמית תעשיות ממתקים בע""מ","כרמית תעשיות ממתקים בע""מ",שלשות שוקולד חלב 85 גר*3 בלמינט * 18 בקרטון,ברקודים חדשים,
7290010814268,"כרמית תעשיות ממתקים בע""מ","כרמית תעשיות ממתקים בע""מ",שלשות שוקולד לבן 85 גר*3 בלמינט * 18 בקרטון,ברקודים חדשים,
7290010814695,"כרמית תעשיות ממתקים בע""מ","כרמית תעשיות ממתקים בע""מ",שוקולד מריר פרווה ללא סוכר 85ג12X בדיס'2X בקרטון,ברקודים חדשים,
7290010814701,"כרמית תעשיות ממתקים בע""מ","כרמית תעשיות ממתקים בע""מ",שוקולד חלב ללא סוכר 85ג12X בדיס'2Xבקרטון,ברקודים חדשים,
7290010822010,טמפו,ג'אמפ,"ג'אמפ תפוזים 500 מ""ל בקבוק 20 יח' 2015",ברקודים חדשים,
7290010822027,טמפו,ג'אמפ,"ג'אמפ אשכוליות 500 מ""ל בקבוק 20 יח' 2015",ברקודים חדשים,
7290010822034,טמפו,ג'אמפ,"ג'אמפ ענבים 500 מ""ל בקבוק 20 יח' 2015",ברקודים חדשים,
7290010929993,המברשת רוחמה,המברשת רוחמה,מטאטא 232 גוף עץ בוק,ברקודים חדשים,
7290010931330,שטראוס,אחלה,מטבוחה 500,ברקודים חדשים,כן
7290010931330,שטראוס,אחלה,מטבוחה 575 גרם,ברקודים חדשים,כן
7290010945146,החברה המרכזית,טרה,קוטג' 3%  250 גרם ,ברקודים חדשים,
7290010945306,החברה המרכזית,טרה,חלב בקרטון 3% 2 ליטר  (פ),ברקודים חדשים,
7290010945450,החברה המרכזית,טרה,גבינה לבנה 3% - 250 גרם (פ),ברקודים חדשים,
7290010945481,החברה המרכזית,טרה,גבינה לבנה 5% - 500 גרם (פ),ברקודים חדשים,
7290010970056,"ג.מ. טעם הארץ בע""מ",טעמים,"שמן זית כתית מעולה 750 מ""ל",ברקודים חדשים,מסמן בפועל
7290010970063,"ג.מ. טעם הארץ בע""מ",טעמים,"שמן שומשום כבישה קרה 500 מ""ל",ברקודים חדשים,מסמן בפועל
7290010970070,"ג.מ. טעם הארץ בע""מ",טעמים,"שמן זית פיקואל כתית מעולה 750 מ""ל",ברקודים חדשים,מסמן בפועל
7290010970100,"ג.מ. טעם הארץ בע""מ",טעמים,"שמן שומשום כבישה קרה 250 מ""ל",ברקודים חדשים,מסמן בפועל
7290010970179,"ג.מ. טעם הארץ בע""מ",טעמים,דבש פרחי בר צנצנת 350 גר',ברקודים חדשים,מסמן בפועל
7290010970186,"ג.מ. טעם הארץ בע""מ",טעמים,"דבש פרחי בר צנצנת 1 ק""ג",ברקודים חדשים,מסמן בפועל
7290010970193,"ג.מ. טעם הארץ בע""מ",טעמים,סילאן טבעי צנצנת 900 גר',ברקודים חדשים,מסמן בפועל
7290010970223,"ג.מ. טעם הארץ בע""מ",טעמים,"חומץ יין אדום 500 מ""ל",ברקודים חדשים,מסמן בפועל
7290010970230,"ג.מ. טעם הארץ בע""מ",טעמים,"חומץ פירות הדר 500 מ""ל",ברקודים חדשים,מסמן בפועל
7290010970247,"ג.מ. טעם הארץ בע""מ",טעמים,"שמן זית כתית מעולה 500 מ""ל",ברקודים חדשים,מסמן בפועל
7290010970254,"ג.מ. טעם הארץ בע""מ",טעמים,"חומץ יין לבן 500 מ""ל",ברקודים חדשים,מסמן בפועל
7290010970261,"ג.מ. טעם הארץ בע""מ",טעמים,"חומץ תפוחי עץ 500 מ""ל",ברקודים חדשים,מסמן בפועל
7290010970278,"ג.מ. טעם הארץ בע""מ",טעמים,"חומץ פירות יער אדומים 500 מ""ל",ברקודים חדשים,מסמן בפועל
7290010970360,"ג.מ. טעם הארץ בע""מ",טעמים, שמן זית כתית מעולה 1 ליטר,ברקודים חדשים,מסמן בפועל
7290010970438,"ג.מ. טעם הארץ בע""מ",טעמים,"שמן זית סורי כתית מעולה 750 מ""ל",ברקודים חדשים,מסמן בפועל
7290010970445,"ג.מ. טעם הארץ בע""מ",טעמים,"שמן זית פישולין כתית מעולה 750 מ""ל",ברקודים חדשים,מסמן בפועל
7290010970513,"ג.מ. טעם הארץ בע""מ",טעמים,שמן זית בתרסיס 200 גר',ברקודים חדשים,מסמן בפועל
7290010970520,"ג.מ. טעם הארץ בע""מ",טעמים,שמן קנולה בטעם חמאה 200 גר',ברקודים חדשים,מסמן בפועל
7290010970537,"ג.מ. טעם הארץ בע""מ",טעמים,שמן קנולה בתרסיס 200 גר',ברקודים חדשים,מסמן בפועל
7290010970544,"ג.מ. טעם הארץ בע""מ",טעמים,"שמן אבוקדו טעם מעודן 500 מ""ל",ברקודים חדשים,מסמן בפועל
7290010970551,"ג.מ. טעם הארץ בע""מ",טעמים,"שמן אבוקדו טעם מעודן 250 מ""ל",ברקודים חדשים,מסמן בפועל
7290010970568,"ג.מ. טעם הארץ בע""מ",טעמים,"שמן בוטנים כבישה קרה 500 מ""ל",ברקודים חדשים,מסמן בפועל
7290010970575,"ג.מ. טעם הארץ בע""מ",טעמים,"שמן בוטנים כבישה קרה 250 מ""ל",ברקודים חדשים,מסמן בפועל
7290010970667,"ג.מ. טעם הארץ בע""מ",טעמים,"שמן סובין אורז 500 מ""ל",ברקודים חדשים,מסמן בפועל
7290010970759,"ג.מ. טעם הארץ בע""מ",טעמים,"מלבי 250 מ""ל",ברקודים חדשים,מסמן בפועל
7290010970773,"ג.מ. טעם הארץ בע""מ",טעמים,"מי ורדים 250 מ""ל",ברקודים חדשים,מסמן בפועל
7290010970773,"ג.מ. טעם הארץ בע""מ",טעמים,סילאן טבעי בקבוק לחיץ 350 גר',ברקודים חדשים,מסמן בפועל
7290010970780,"ג.מ. טעם הארץ בע""מ",טעמים,סילאן טבעי צנצנת 350 גר',ברקודים חדשים,מסמן בפועל
7290010970797,"ג.מ. טעם הארץ בע""מ",טעמים,"רוטב בטעם רימונים 250 מ""ל",ברקודים חדשים,מסמן בפועל
7290010970889,"ג.מ. טעם הארץ בע""מ",טעמים,דבש פרחי בר בקבוק לחיץ 350 גר',ברקודים חדשים,מסמן בפועל
7290010970902,"ג.מ. טעם הארץ בע""מ",טעמים,"רוזטה משקה שקדים 500 מ""ל",ברקודים חדשים,מסמן בפועל
7290010970919,"ג.מ. טעם הארץ בע""מ",טעמים,"מלבי 500 מ""ל",ברקודים חדשים,מסמן בפועל
7290010970926,"ג.מ. טעם הארץ בע""מ",טעמים,"מי ורדים 500 מ""ל",ברקודים חדשים,מסמן בפועל
7290011016821,מבשלות בירה ישראליות,פריגת,תפוחים Light בק' פט 1.5 12 קרטון,ברקודים חדשים,
7290011017606,החברה המרכזית,קוקה קולה,פאנטה לימונדה 1.5 ליטר,ברקודים חדשים,
7290011017866,החברה המרכזית,קוקה קולה,"סליק קוקה קולה 330 מ""ל",ברקודים חדשים,
7290011017866,החברה המרכזית,קוקה קולה,"סליק קוקה קולה 330 מ""ל מבצע",ברקודים חדשים,
7290011017873,החברה המרכזית,קוקה קולה,"סליק קולה ZERO 330 מ""ל",ברקודים חדשים,
7290011017873,החברה המרכזית,קוקה קולה,"סליק קולה ZERO 330 מ""ל מבצע",ברקודים חדשים,
7290011017880,החברה המרכזית,קוקה קולה,"סליק דיאט קוקה קולה 330 מ""ל",ברקודים חדשים,
7290011017880,החברה המרכזית,קוקה קולה,"סליק דק""ק 330 מ""ל מבצע",ברקודים חדשים,
7290011018184,החברה המרכזית,קוקה קולה,FUZE tea אפרסק 0.5 ליטר,ברקודים חדשים,
7290011018191,החברה המרכזית,קוקה קולה,FUZE tea דיאט אפרסק 0.5 ליטר,ברקודים חדשים,
7290011018214,החברה המרכזית,קוקה קולה,FUZE tea מנגו אננס 0.5 ליטר,ברקודים חדשים,
7290011018245,החברה המרכזית,קוקה קולה,"FUZE tea אפרסק זכוכית 330 מ""ל",ברקודים חדשים,
7290011018252,החברה המרכזית,קוקה קולה,FUZE tea מנגו אננס 1.5 ליטר,ברקודים חדשים,
7290011018276,החברה המרכזית,קוקה קולה,FUZE tea אקזוטי 1.5 ליטר,ברקודים חדשים,
7290011018283,החברה המרכזית,קוקה קולה,FUZE tea אפרסק 1.5 ליטר,ברקודים חדשים,
7290011018306,החברה המרכזית,קוקה קולה,FUZE tea דיאט אפרסק 1.5 ליטר,ברקודים חדשים,
7290011018313,החברה המרכזית,קוקה קולה,FUZE tea רביעיות אפרסק 1.5 ליטר,ברקודים חדשים,
7290011018443,החברה המרכזית,קוקה קולה,"סליק פאנטה אורנג' 330 מ""ל",ברקודים חדשים,
7290011018443,החברה המרכזית,קוקה קולה,"סליק פאנטה אורנג' 330 מ""ל מבצע",ברקודים חדשים,
7290011018467,החברה המרכזית,קוקה קולה,"סליק פאנטה אקזוטיק 330 מ""ל",ברקודים חדשים,
7290011018467,החברה המרכזית,קוקה קולה,"סליק פאנטה אקזוטיק 330 מ""ל מבצע",ברקודים חדשים,
7290011018580,החברה המרכזית,קוקה קולה,FUZE tea ענבים 1.5 ליטר,ברקודים חדשים,
7290011018597,החברה המרכזית,קוקה קולה,FUZE tea ענבים 0.5 ליטר,ברקודים חדשים,
7290011018610,החברה המרכזית,קוקה קולה,FUZE tea אפרסק שישיות 1.5 ליטר,ברקודים חדשים,
7290011018832,החברה המרכזית,קוקה קולה,"מארז ק""ק 6 פח FRIDGE-PACK",ברקודים חדשים,
7290011018832,החברה המרכזית,קוקה קולה,"ק""ק 6 FRIDGE-PACK מבצע",ברקודים חדשים,
7290011018917,החברה המרכזית,קוקה קולה,מארז ZERO 6 פח FRIDGE-PACK,ברקודים חדשים,
7290011018917,החברה המרכזית,קוקה קולה,"מארז ק""ק ZERO 6 פח FRIDGE-PACK מבצע",ברקודים חדשים,
7290011018924,החברה המרכזית,קוקה קולה,"מארז דק""ק 6 פח FRIDGE-PACK",ברקודים חדשים,
7290011018924,החברה המרכזית,קוקה קולה,דקק 6 פח FRIDGE Pack מבצע,ברקודים חדשים,
7290011018931,החברה המרכזית,קוקה קולה,"קוקה קולה 250 מ""ל",ברקודים חדשים,
7290011065102,א.ל יצור תבלינים - תבליני מימון,מעוקרים,"שום טחון 1 ק""ג מעוקר",ברקודים חדשים,
7290011065263,א.ל יצור תבלינים - תבליני מימון,"תבלינים 1 ק""ג","זעתר טחון 1 ק""ג",ברקודים חדשים,
7290011065270,א.ל יצור תבלינים - תבליני מימון,"תבלינים 1 ק""ג","כוכב אניס 1 ק""ג",ברקודים חדשים,
7290011065416,א.ל יצור תבלינים - תבליני מימון,מטחנות,פלפל שחור מטחנה 60 גרם,ברקודים חדשים,
7290011065423,א.ל יצור תבלינים - תבליני מימון,מטחנות,מלח ים מטחנה 130 גרם,ברקודים חדשים,
7290011065430,א.ל יצור תבלינים - תבליני מימון,מטחנות,צ'ילי מטחנה 50 גרם,ברקודים חדשים,
7290011065447,א.ל יצור תבלינים - תבליני מימון,מטחנות,תבלין לפיצה מטחנה חדשה - 50 גרם,ברקודים חדשים,
7290011065454,א.ל יצור תבלינים - תבליני מימון,"תבלינים 1 ק""ג",טימין 500 גרם שקית,ברקודים חדשים,
7290011065461,א.ל יצור תבלינים - תבליני מימון,"תבלינים 1 ק""ג",כוסברה ירוקה עלים 500 גרם שקית,ברקודים חדשים,
7290011065478,א.ל יצור תבלינים - תבליני מימון,"תבלינים 1 ק""ג",רוזמרין 500 גרם שקית,ברקודים חדשים,
7290011065485,א.ל יצור תבלינים - תבליני מימון,"תבלינים 1 ק""ג",עלי דפנה 500 גרם שקית,ברקודים חדשים,
7290011065508,א.ל יצור תבלינים - תבליני מימון,"תבלינים 1 ק""ג",בזיליקום 500 גרם שקית,ברקודים חדשים,
7290011065515,א.ל יצור תבלינים - תבליני מימון,"תבלינים 1 ק""ג",פטרוזיליה 500 גרם שקית,ברקודים חדשים,
7290011065522,א.ל יצור תבלינים - תבליני מימון,"תבלינים 1 ק""ג",שמיר 500 גרם שקית,ברקודים חדשים,
7290011065553,א.ל יצור תבלינים - תבליני מימון,"תבלינים 1 ק""ג","גרגירי אניס 1 ק""ג",ברקודים חדשים,
7290011065607,א.ל יצור תבלינים - תבליני מימון,"תבלינים 1 ק""ג","אגוז מוסקט שלם 1 ק""ג",ברקודים חדשים,
7290011065829,א.ל יצור תבלינים - תבליני מימון,מטחנות,פלפל ארבע עונות 60 גרם,ברקודים חדשים,
7290011065836,א.ל יצור תבלינים - תבליני מימון,"תבלינים 1 ק""ג","זרעי צ'יה 1 ק""ג",ברקודים חדשים,
7290011065850,א.ל יצור תבלינים - תבליני מימון,"תבלינים 1 ק""ג","לימון פרסי שחור 1 ק""ג",ברקודים חדשים,
7290011065898,א.ל יצור תבלינים - תבליני מימון,"תבלינים 1 ק""ג","קינמון שלם 20 ס""מ 1 ק""ג",ברקודים חדשים,
7290011065911,א.ל יצור תבלינים - תבליני מימון,מעוקרים,בזיליקום 500 גרם- מעוקר,ברקודים חדשים,
7290011065928,א.ל יצור תבלינים - תבליני מימון,מעוקרים,טימין 500 גרם- מעוקר,ברקודים חדשים,
7290011065935,א.ל יצור תבלינים - תבליני מימון,מעוקרים,כוסברה ירוקה עלים 500 גרם שקית- מעוקר,ברקודים חדשים,
7290011065942,א.ל יצור תבלינים - תבליני מימון,מעוקרים,פטרוזיליה 500 גרם שקית- מעוקר,ברקודים חדשים,
7290011065959,א.ל יצור תבלינים - תבליני מימון,מעוקרים,רוזמרין 500 גרם שקית- מעוקר,ברקודים חדשים,
7290011065966,א.ל יצור תבלינים - תבליני מימון,מעוקרים,שמיר 500 גרם שקית- מעוקר,ברקודים חדשים,
7290011066031,א.ל יצור תבלינים - תבליני מימון,"1 ק""ג מאפית","מיזרה צבעוני 1 ק""ג שקית",ברקודים חדשים,
7290011066499,א.ל יצור תבלינים - תבליני מימון,מעוקרים,"סומק 1 ק""ג מעוקר",ברקודים חדשים,
7290011066543,א.ל יצור תבלינים - תבליני מימון,מעוקרים,"עלי דפנה 1 ק""ג מעוקר",ברקודים חדשים,
7290011066574,א.ל יצור תבלינים - תבליני מימון,מעוקרים,"שיני שום 1 ק""ג מעוקר",ברקודים חדשים,
7290011081256,יוניליוור,שטראוס,שטראוס אחמ 4 טעמים ש.ו.ת.ב. 2 ל',ברקודים חדשים,
7290011081256,יוניליוור,שטראוס,שטראוס אחמ 4 טעמים ש.ו.ת.ב. 2 ל',ברקודים חדשים,
7290011081393,יוניליוור,שטראוס,"שטראוס גמדים 72 מ""ל",ברקודים חדשים,
7290011081492,יוניליוור,קרמיסימו,קרמיסימו 3 שוקולדים 1.33 ל',ברקודים חדשים,
7290011081492,יוניליוור,קרמיסימו,קרמיסימו 3 שוקולדים 1.33 ל',ברקודים חדשים,
7290011081690,יוניליוור,קרמיסימו,קרמיסימו ש.ו. צ'יפ פרווה 1.33 ל',ברקודים חדשים,
7290011081690,יוניליוור,קרמיסימו,קרמיסימו ש.ו. צ'יפ פרווה 1.33 ל',ברקודים חדשים,
7290011088392,סולגר,סולגר,SUPHERB BIOTICKID 100G,ברקודים חדשים,
7290011097004,קליר,קליר,מרכך כביסה כחול 4 ליטר 1/6 קלין,ברקודים חדשים,
7290011097011,קליר,קליר,מרכך כביסה ורוד 4 ליטר 1/6 קלין,ברקודים חדשים,
7290011097028,קליר,קליר,מרכך כביסה לבן 4 ליטר 1/6 קלין,ברקודים חדשים,
7290011097073,קליר,קליר,נוזל רצפות פריחת השדה 4 ל' 1/6 קל,ברקודים חדשים,
7290011097080,קליר,קליר,נוזל רצפות פריחת האביב 4 ליטר 1/6 קלין,ברקודים חדשים,
7290011097097,קליר,קליר,נוזל רצפות קלין מ.מ ורוד 2ל' 1/10,ברקודים חדשים,
7290011097103,קליר,קליר,נוזל רצפות קלין מ.מ סגול 2ל' 1/10,ברקודים חדשים,
7290011097134,קליר,קליר,"נוזל כלים לימון (צהוב) 850 מ""ל 1/12 קלין",ברקודים חדשים,
7290011097431,קליר,קליר,"תרסיס מנקה הכל 750 סמ""ק 1/15 קלין",ברקודים חדשים,
7290011097783,קליר,קליר,מרכך כביסה סגול 4 ליטר 1/6 קלין,ברקודים חדשים,
7290011097790,קליר,קליר,מרכך כביסה עור רגיש 4 ליטר 1/6 קלין,ברקודים חדשים,
7290011126209,ויסוצקי,ויסוצקי,תפוח וקינמון- סיידר - הגן הקסום,ברקודים חדשים,
7290011126216,ויסוצקי,ויסוצקי,רוייבוש קלאסי T.Tשמינייה,ברקודים חדשים,
7290011126223,ויסוצקי,ויסוצקי,חליטת רימונים - הגן הקסום,ברקודים חדשים,
7290011126230,ויסוצקי,ויסוצקי,"תפוח ודבש ""הגן הקסום""",ברקודים חדשים,
7290011126346,ויסוצקי,ויסוצקי,לימונית לואיזה מליסה - ניחוחות הגליל,ברקודים חדשים,
7290011126353,ויסוצקי,ויסוצקי,תפוז וקינמון-פונץ' - הגן הקסום,ברקודים חדשים,
7290011126445,ויסוצקי,ויסוצקי,צ'אי בדואי 25שקיקים,ברקודים חדשים,
7290011126452,ויסוצקי,ויסוצקי,"קמומיל ונענע ""הגן הקסום T.T C24 ""חדש 2018",ברקודים חדשים,
7290011126469,ויסוצקי,ויסוצקי,"קמומיל ודבש ""הגן הקסום T.T C24 ""חדש 2018",ברקודים חדשים,
7290011126483,ויסוצקי,ויסוצקי,תה לורד גריי,ברקודים חדשים,
7290011126490,ויסוצקי,ויסוצקי,תה רואייל גריי 25שקיקים,ברקודים חדשים,
7290011126940,ויסוצקי,ויסוצקי,תה ירוק מרווה T.Tשמינייה,ברקודים חדשים,
7290011126957,ויסוצקי,ויסוצקי,תה ירוק ארל גריי T.Tשמינייה,ברקודים חדשים,
7290011132163,טמפו,סיידר,סיידר נקטר אפרסק 330 פחית 24 יח',ברקודים חדשים,
7290011133252,טמפו,סודה בטעמים,סודה למון ליים 1.5 ליטר רביעייה,ברקודים חדשים,
7290011133368,טמפו,שנדי,"שנדי תפוח 330 מ""ל בקבוק שישייה",ברקודים חדשים,
7290011133375,טמפו,שנדי,"שנדי אפרסק 330 מ""ל בקבוק שישייה",ברקודים חדשים,
7290011150235,ביסקול,מפיץ נאופרם,"BISCOL קרם ידיים ""המותג"" 100 מ""ל",ברקודים חדשים,
7290011174040,פרי גליל,פרי הגליל-1,ג .ננסי 800פג,ברקודים חדשים,מסמן על רב המוצרים
7290011174118,פרי גליל,ויטה-2,חומוס א -2ויטה בדצ,ברקודים חדשים,מסמן על רב המוצרים
7290011174132,פרי גליל,ויטה-2,ר.ת.עץ טבעי א -2ויטה בדצ,ברקודים חדשים,מסמן על רב המוצרים
7290011174149,פרי גליל,ויטה-2,ר.ת.עץ ממותק א -2ויטה בדצ,ברקודים חדשים,מסמן על רב המוצרים
7290011174156,פרי גליל,ויטה-2,תירס א -2ויטה בדצ,ברקודים חדשים,מסמן על רב המוצרים
7290011174163,פרי גליל,ויטה-2,תירס 12אונק ויטה בדצ,ברקודים חדשים,מסמן על רב המוצרים
7290011174170,פרי גליל,ויטה-2,שע ירוקה א -2ויטה בדצ,ברקודים חדשים,מסמן על רב המוצרים
7290011174187,פרי גליל,ויטה-2,אפונה א -2ויטה בדצ,ברקודים חדשים,מסמן על רב המוצרים
7290011174194,פרי גליל,ויטה-2,א.וגזר א -2ויטה בדצ,ברקודים חדשים,מסמן על רב המוצרים
7290011174200,פרי גליל,ויטה-2,גזר גמדי ויטה 800בדצ,ברקודים חדשים,מסמן על רב המוצרים
7290011174224,פרי גליל,ויטה-2,צ'יפס 1.5ויטה בדצ,ברקודים חדשים,מסמן על רב המוצרים
7290011174248,פרי גליל,ויטה-2,שע ירוקה ויטה 800בדצ,ברקודים חדשים,מסמן על רב המוצרים
7290011174255,פרי גליל,ויטה-2,תירס ויטה 800בדצ,ברקודים חדשים,מסמן על רב המוצרים
7290011174262,פרי גליל,ויטה-2,אפונה וגזר ויטה 800בדצ,ברקודים חדשים,מסמן על רב המוצרים
7290011174279,פרי גליל,ויטה-2,אפונה ויטה 800בדצ,ברקודים חדשים,מסמן על רב המוצרים
7290011174286,פרי גליל,ויטה-2,שע שלמה ויטה 800בדצ,ברקודים חדשים,מסמן על רב המוצרים
7290011174323,פרי גליל,פרי הגליל-1,צ'יפס אמריקאי 1.5פג,ברקודים חדשים,מסמן על רב המוצרים
7290011174392,פרי גליל,ויטה-2,שע ברוטב א -2ויטה בדצ - חדש,ברקודים חדשים,מסמן על רב המוצרים
7290011174422,פרי גליל,ויטה-2,סטייק צ'יפס 1.5ויטה בדצ,ברקודים חדשים,מסמן על רב המוצרים
7290011174491,פרי גליל,ויטה-2,תירס קל א -2ויטה בדצ,ברקודים חדשים,מסמן על רב המוצרים
7290011174620,פרי גליל,כללי-999,ג .גמדי שפע 1קג בדצ,ברקודים חדשים,מסמן על רב המוצרים
7290011174781,פרי גליל,ויטה-2,רוטב שמפניון ויטה,ברקודים חדשים,מסמן על רב המוצרים
7290011174798,פרי גליל,ויטה-2,רוטב צלי ויטה,ברקודים חדשים,מסמן על רב המוצרים
7290011174804,פרי גליל,ויטה-2,רוטב פטריות ויטה,ברקודים חדשים,מסמן על רב המוצרים
7290011174866,פרי גליל,פרי הגליל-1,צ'יפס בטטה 700גר,ברקודים חדשים,מסמן על רב המוצרים
7290011174897,פרי גליל,פרי הגליל-1,אפונה עדינה 600פג,ברקודים חדשים,מסמן על רב המוצרים
7290011174903,פרי גליל,פרי הגליל-1,שע עדינה 600פג,ברקודים חדשים,מסמן על רב המוצרים
7290011174989,פרי גליל,ויטה-2,שע צהובה ויטה 800בדצ,ברקודים חדשים,מסמן על רב המוצרים
7290011194215,שטראוס,מחלבה,דניאלה בננה,ברקודים חדשים,
7290011194246,שטראוס,מחלבה,קוטג' 5% 250 גרם,ברקודים חדשים,כן
7290011194741,שטראוס,מחלבה,משקה אקטיביה 1.5% - בודד,ברקודים חדשים,
7290011254230,מיה מוצרי מזון,מיה מוצרי מזון,מארז תן צ'אפ טבעות 15גרם,ברקודים חדשים,
7290011254247,מיה מוצרי מזון,מיה מוצרי מזון,מארז תן צ'אפ גלגלים 15גרם,ברקודים חדשים,
7290011254254,מיה מוצרי מזון,מיה מוצרי מזון,נטיפים בטעם שוקולד 300גרם,ברקודים חדשים,מסמן על אריזות
7290011254261,מיה מוצרי מזון,מיה מוצרי מזון,צבעוני שוקולד 250גרם בצנצ,ברקודים חדשים,
7290011254278,מיה מוצרי מזון,מיה מוצרי מזון,מיה - סוכריות קשות בטעם פי,ברקודים חדשים,מסמן על אריזות
7290011254407,מיה מוצרי מזון,מיה מוצרי מזון,מיה - סוכריות קשות בטעם פי,ברקודים חדשים,מסמן על אריזות
7290011254452,מיה מוצרי מזון,מיה מוצרי מזון,סוכריות מנטה ללא סוכר 80ג,ברקודים חדשים,מסמן על אריזות
7290011254469,מיה מוצרי מזון,מיה מוצרי מזון,סוכריות לימון ללא סוכר 80,ברקודים חדשים,מסמן על אריזות
7290011254476,מיה מוצרי מזון,מיה מוצרי מזון,סוכריות תפוח דובדבן ללא סו,ברקודים חדשים,מסמן על אריזות
7290011254483,מיה מוצרי מזון,מיה מוצרי מזון,סוכריות אפרסק ללא סוכר 80,ברקודים חדשים,מסמן על אריזות
7290011254490,מיה מוצרי מזון,מיה מוצרי מזון,סוכריות פירות יער ללא סוכר,ברקודים חדשים,מסמן על אריזות
7290011254803,מיה מוצרי מזון,מיה מוצרי מזון,ג'לילנד טבעות פרי 125גרם,ברקודים חדשים,מסמן על אריזות
7290011254810,מיה מוצרי מזון,מיה מוצרי מזון,ג'לילנד דובונים 125גרם *,ברקודים חדשים,מסמן על אריזות
7290011254827,מיה מוצרי מזון,מיה מוצרי מזון,ג'לילנד פירות קטנים 125גר,ברקודים חדשים,מסמן על אריזות
7290011254841,מיה מוצרי מזון,מיה מוצרי מזון,ג'לילנד חמוצמוצים 125גרם,ברקודים חדשים,מסמן על אריזות
7290011254858,מיה מוצרי מזון,מיה מוצרי מזון,ג'לילנד גן חיות 125גרם *,ברקודים חדשים,מסמן על אריזות
7290011254889,מיה מוצרי מזון,מיה מוצרי מזון,ג'לילנד מספרים 25 * 60גרם,ברקודים חדשים,מסמן על אריזות
7290011254896,מיה מוצרי מזון,מיה מוצרי מזון,ג'לילנד אותיות 25גרם 0 *,ברקודים חדשים,מסמן על אריזות
7290011254902,מיה מוצרי מזון,מיה מוצרי מזון,ג'לילנד 25 * 60 ABCגרם,ברקודים חדשים,מסמן על אריזות
7290011254919,מיה מוצרי מזון,מיה מוצרי מזון,ג'לילנד גן חיות 25 * 60גר,ברקודים חדשים,מסמן על אריזות
7290011254940,מיה מוצרי מזון,מיה מוצרי מזון,קרטונית ABCסוכריות ג'לי,ברקודים חדשים,
7290011254964,מיה מוצרי מזון,מיה מוצרי מזון,מאגדת ג'לי טבעי 10 * 25גר,ברקודים חדשים,מסמן על אריזות
7290011261566,סלטי מיקי,סלטי מיקי,חומוס מסבחה,ברקודים חדשים,
7290011261986,סלטי מיקי,סלטי מיקי,חומוס מסבחה חריף,ברקודים חדשים,
7290011308094,יוניליוור,בייגל בייגל,ביג ביג שומשום חיטה מלאה 150גר,ברקודים חדשים,מסמן בפועל
7290011308117,יוניליוור,בייגל בייגל,קרקר 6 דגנים 200גר,ברקודים חדשים,מסמן בפועל
7290011308179,יוניליוור,בייגל בייגל,קרקר חיטה מלאה עם פשתן  300גר,ברקודים חדשים,מסמן בפועל
7290011308681,יוניליוור,בייגל בייגל,קרקר שום ועישבי תיבול 285 גר,ברקודים חדשים,מסמן בפועל
7290011308780,יוניליוור,בייגל בייגל,טבעות שומשום 300 גר,ברקודים חדשים,מסמן בפועל
7290011308780,יוניליוור,בייגל בייגל,טבעות שומשום 300 גר,ברקודים חדשים,מסמן בפועל
7290011308858,יוניליוור,בייגל בייגל,נשנושים שמנת בצל 60 גר,ברקודים חדשים,מסמן בפועל
7290011308865,יוניליוור,בייגל בייגל,נשנושים ביס פלאפל 60 גר,ברקודים חדשים,מסמן בפועל
7290011308872,יוניליוור,בייגל בייגל,נשנושים שמנת בצל 60 גר,ברקודים חדשים,מסמן בפועל
7290011308889,יוניליוור,בייגל בייגל,נשנושים ביס ברבקיו 60 גר,ברקודים חדשים,מסמן בפועל
7290011348267,אסם,אסם,טבעול קציצות עדשים כתומות 6*500גרם-חדש,ברקודים חדשים,
7290011349288,אסם,אסם,טבעול שניצל דק בטעם צ'ילי חריף 8*700גרם,ברקודים חדשים,
7290011407506,המברשת רוחמה,המברשת רוחמה,דלי מגבונים לניקוי כללי 400 יחידות,ברקודים חדשים,
7290011438142,יטבתה,יטבתה,"אייסקפה 350 מ""ל מהדרין",ברקודים חדשים,
7290011438395,יטבתה,יטבתה,מארז 6 שוקו 250 מל מהד פקק ספורט,ברקודים חדשים,
7290011438487,יטבתה,יטבתה,מילקשייק וניל עם סירופ שוקולד,ברקודים חדשים,
7290011442941,קומפלקס כימיקליים,קומפלקס כימיקליים,"MAXIאל סבון נוזלי שלישייה 500 מ""ל",ברקודים חדשים,
7290011447014,אסם,אסם,מטרנה דייסת סלט פירות פרוביוטיקה 12*200ג,ברקודים חדשים,
7290011447069,אסם,אסם,מטרנה טו גו מהדרין שלב 1 10*135גרם,ברקודים חדשים,
7290011447076,אסם,אסם,מטרנה טו גו מהדרין שלב 2 10*135גרם,ברקודים חדשים,
7290011447120,אסם,אסם,מטרנה מהדרין 12*700גרם,ברקודים חדשים,
7290011447267,אסם,אסם,מטרנה חלבי חיסכון שלב 1 12*700גרם,ברקודים חדשים,
7290011447281,אסם,אסם,מטרנה חלבי שלב 2 חיסכון 12*700גרם,ברקודים חדשים,
7290011447304,אסם,אסם,מטרנה חלבי שלב 3 חיסכון 12*700גרם,ברקודים חדשים,
7290011447359,אסם,אסם,מטרנה מהדרין שלב 1 חיסכון 12*700גרם,ברקודים חדשים,
7290011447373,אסם,אסם,מטרנה מהדרין שלב 2 חיסכון 12*700גרם,ברקודים חדשים,
7290011447748,ביופט,"לה-קט - משווק ע""י דיפלומט","סופר-קט 3 ק""ג בטעם אוקיאנוס וטונה",ברקודים חדשים,
7290011447908,ביופט,"לה-קט - משווק ע""י דיפלומט","סופר-קט 3 ק""ג בטעם עוף כבד",ברקודים חדשים,
7290011447946,ביופט,"בוזנו - משווק ע""י דיפלומט","בונזו גזע גדול 12 ק""ג ",ברקודים חדשים,
7290011486693,"כרמית תעשיות ממתקים בע""מ","כרמית תעשיות ממתקים בע""מ",מרשמלו מהדרין ורוד לבן 30ג'48X בקרטון,ברקודים חדשים,מסמן על אריזות
7290011515683,אסם,אסם,אקסטרים טילון וניל בדצ מאח.5 6*72גרם,ברקודים חדשים,
7290011518561,שטראוס,מחלבה,אקטימל 14 תות,ברקודים חדשים,
7290011524098,פרי גליל,ויטה-2,ריבה דובד. 680ויטה,ברקודים חדשים,מסמן על רב המוצרים
7290011524098,פרי גליל,ויטה-2,ריבה דובד. 680ויטה כשלפ,ברקודים חדשים,מסמן על רב המוצרים
7290011524104,פרי גליל,ויטה-2,ריבה מעורבת 680ויטה,ברקודים חדשים,מסמן על רב המוצרים
7290011524104,פרי גליל,ויטה-2,ריבה מעורבת 680ויטה כשלפ,ברקודים חדשים,מסמן על רב המוצרים
7290011524111,פרי גליל,ויטה-2,ריבה תפוז 680ויטה,ברקודים חדשים,מסמן על רב המוצרים
7290011524111,פרי גליל,ויטה-2,ריבה תפוז 680ויטה כשלפ,ברקודים חדשים,מסמן על רב המוצרים
7290011524128,פרי גליל,ויטה-2,ריבה משמש 680ויטה,ברקודים חדשים,מסמן על רב המוצרים
7290011524128,פרי גליל,ויטה-2,ריבה משמש 680ויטה כשלפ,ברקודים חדשים,מסמן על רב המוצרים
7290011524135,פרי גליל,ויטה-2,ריבה תות 680ויטה,ברקודים חדשים,מסמן על רב המוצרים
7290011524135,פרי גליל,ויטה-2,ריבה תות 680ויטה כשלפ,ברקודים חדשים,מסמן על רב המוצרים
7290011524425,פרי גליל,ויטה-2,ריבת שזיפים 680ויטה,ברקודים חדשים,מסמן על רב המוצרים
7290011524425,פרי גליל,ויטה-2,ריבת שזיפים 680ויטה כשלפ,ברקודים חדשים,מסמן על רב המוצרים
7290011524548,פרי גליל,פרי הגליל-1,חומוס 800פג,ברקודים חדשים,מסמן על רב המוצרים
7290011524555,פרי גליל,פרי הגליל-1,שע.לבנה 800פג - רבנות,ברקודים חדשים,מסמן על רב המוצרים
7290011524951,פרי גליל,20-GREEN @ FRESH,פולי סויה 450פג,ברקודים חדשים,מסמן על רב המוצרים
7290011524968,פרי גליל,20-GREEN @ FRESH,פולי סויה 1קג פג,ברקודים חדשים,מסמן על רב המוצרים
7290011593001,סבא חביב,סבא חביב,"שמן זית בלדי 500 מ""ל",ברקודים חדשים,מסמן בפועל
7290011593049,סבא חביב,סבא חביב,"שמן זית בלדי 250 מ""ל",ברקודים חדשים,מסמן בפועל
7290011593049,סבא חביב,סבא חביב,"שמן זית בלדי 250 מ""ל",ברקודים חדשים,מסמן בפועל
7290011593087,סבא חביב,סבא חביב,"שמן זית בלדי 750 מ""ל",ברקודים חדשים,מסמן בפועל
7290011593391,סבא חביב,סבא חביב,שמן זית בלדי 4 ליטר פח,ברקודים חדשים,מסמן בפועל
7290011593605,סבא חביב,סבא חביב,השמן של המשפחה 750 מל',ברקודים חדשים,מסמן בפועל
7290011593698,סבא חביב,סבא חביב,שמן זית ברנע 750 מל',ברקודים חדשים,מסמן בפועל
7290011593704,סבא חביב,סבא חביב,שמן זית סורי 750 מל',ברקודים חדשים,מסמן בפועל
7290011593711,סבא חביב,סבא חביב,שמן זית קורונייקי 750 מל',ברקודים חדשים,מסמן בפועל
7290011593742,סבא חביב,סבא חביב,שמן זית פיקואל 750 מל',ברקודים חדשים,מסמן בפועל
7290011593834,סבא חביב,סבא חביב,זית סורי ירוק מבוקע 300 גרם,ברקודים חדשים,מסמן בפועל
7290011593896,סבא חביב,סבא חביב,זית בלדי 300 גרם,ברקודים חדשים,מסמן בפועל
7290011598211,סנו,סנו,"סנו אנטי קאלק מרסס 750מ""ל",ברקודים חדשים,
7290011708511,המברשת רוחמה,המברשת רוחמה,דלי מגבונים לרצפה 50 יחידות,ברקודים חדשים,
7290011773090,עיסא ערטול,עיסא ערטול,אמה דלי 16 קג,ברקודים חדשים,
7290011800642,אסם,אסם,צבר מטבוחה מרוקאית 6*400גרם,ברקודים חדשים,
7290011800703,אסם,אסם,צבר פלפלים מרוקאים 6*400גרם,ברקודים חדשים,
7290011800826,אסם,אסם,צבר חציל בטחינה רפי 6*400גרם,ברקודים חדשים,
7290011800840,אסם,אסם,צבר טחינה בלאדי 6*400 גרם,ברקודים חדשים,
7290011800864,אסם,אסם,צבר חציל בלאדי 6*400גרם,ברקודים חדשים,
7290011810146,סלטי שמיר,סלטי שמיר,מטבוחה ביתית 250גרם,ברקודים חדשים,
7290011810153,סלטי שמיר,סלטי שמיר,כרוב אדום 250גרם,ברקודים חדשים,
7290011810191,סלטי שמיר,סלטי שמיר,חומוס דרוזי 500גרם,ברקודים חדשים,
7290011810252,סלטי שמיר,סלטי שמיר,חציל במיונז ביתי 250גרם,ברקודים חדשים,
7290011810634,סלטי שמיר,סלטי שמיר,חציל בטחינה מסעדות 250גרם,ברקודים חדשים,
7290011810726,סלטי שמיר,סלטי שמיר,חומוס אבו גוש עם חריף 250גרם,ברקודים חדשים,
7290011830830,סנקי,השדה,צ'יקי מאנקי 20 גרם,ברקודים חדשים,
7290011860271,תפוגן,תפוגן,ביסבול טבעי 700 גרם,ברקודים חדשים,
7290011860301,תפוגן,תפוגן,ביסבול תירס 700 גרם,ברקודים חדשים,
7290011860325,תפוגן,תפוגן,ביסבול בצל 700 גרם,ברקודים חדשים,
7290011889289,יוניליוור,אסקימו,"אסקימו משמש אננס 80 מ""ל",ברקודים חדשים,
7290011889289,יוניליוור,אסקימו,"אסקימו משמש אננס 80 מ""ל",ברקודים חדשים,
7290011889326,יוניליוור,שטראוס,"שטראוס יחידתי מגזר 100 מ""ל",ברקודים חדשים,
7290011889326,יוניליוור,שטראוס,"שטראוס יחידתי מגזר 100 מ""ל",ברקודים חדשים,
7290011889418,יוניליוור,שטראוס,"שטראוס מאגדת לייט וניל רב""ח 354 מ""ל",ברקודים חדשים,
7290011889524,יוניליוור,שטראוס,"שטראוס מצופה שוקו בננה 86 מ""ל",ברקודים חדשים,
7290011889524,יוניליוור,שטראוס,"שטראוס מצופה שוקו בננה 86 מ""ל",ברקודים חדשים,
7290011889630,יוניליוור,מגנום,"מגנום גולד 120 מ""ל",ברקודים חדשים,
7290011889715,יוניליוור,שטראוס,שטראוס מיקס יוגורט 5 ל',ברקודים חדשים,
7290011889869,יוניליוור,שטראוס,שטראוס אחמ עוגיות צ'יפ פרווה 2 ל',ברקודים חדשים,
7290011920647,קליר,קליר,נוזל רצפות פריחת גן עדן 4 ל' 1/6 קל,ברקודים חדשים,
7290011931155,ביסקול,מפיץ נאופרם,"BISCOL אזורה אלסבון 750 מ""ל בודד",ברקודים חדשים,
7290011931162,ביסקול,מפיץ שטראוס,"סוכרזית סוכרלוז נוזלי 220 מ""ל (גרפיקה מנוקדת)",ברקודים חדשים,מסמן בפועל
7290011931179,ביסקול,מפיץ נאופרם,"BISCOL אזורה שמפו 750 מ""ל בודד",ברקודים חדשים,
7290011931186,ביסקול,מפיץ נאופרם,"BISCOL אזורה מרכך 750 מ""ל בודד",ברקודים חדשים,
7290011931193,ביסקול,מפיץ שטראוס,סוכרזית סוכרלוז כפית לכפית 100 גר' (גרפיקה מנוקדת),ברקודים חדשים,מסמן בפועל
7290011931865,ביסקול,מפיץ נאופרם,BISCOL 09 אזורה משחה לתינוק,ברקודים חדשים,
7290011959692,אסם,אסם,נסטלה ביסקולידה ביג בדצ 36*72גרם,ברקודים חדשים,
7290011971618,מילוז,הרדוף,רסק עגבניות 330X2 אורגני,ברקודים חדשים,
7290011971632,מילוז,הרדוף,עגבניות מרוסקות 300X2 אורגני,ברקודים חדשים,
7290011993009,סלטי מיקי,סלטי מיקי,טחינה לבנה,ברקודים חדשים,
7290011993016,סלטי מיקי,סלטי מיקי,חציל תאילנדי,ברקודים חדשים,
7290011993023,סלטי מיקי,סלטי מיקי,גזר מרוקאי,ברקודים חדשים,
7290011993030,סלטי מיקי,סלטי מיקי,חציל על האש במיונז,ברקודים חדשים,
7290011993047,סלטי מיקי,סלטי מיקי,סלט טורקי,ברקודים חדשים,
7290011993054,סלטי מיקי,סלטי מיקי,חומוס מסעדות,ברקודים חדשים,
7290011993078,סלטי מיקי,סלטי מיקי,קוביות חציל בטחינה,ברקודים חדשים,
7290011993092,סלטי מיקי,סלטי מיקי,חציל על האש,ברקודים חדשים,
7290011993108,סלטי מיקי,סלטי מיקי,חציל פיקנטי,ברקודים חדשים,
7290011993115,סלטי מיקי,סלטי מיקי,חציל בטעם כבד,ברקודים חדשים,
7290011993160,סלטי מיקי,סלטי מיקי,סלט ביצים,ברקודים חדשים,
7290011993184,סלטי מיקי,סלטי מיקי,סלט טונה בירקות,ברקודים חדשים,
7290011993207,סלטי מיקי,סלטי מיקי,טונה פריקסה,ברקודים חדשים,
7290012025013,סלטי שמיר,סלטי שמיר,איקרא לבנה מיוחדת 250גרם פרימיום,ברקודים חדשים,
7290012025020,סלטי שמיר,סלטי שמיר,איקרא אדומה מיוחדת 250גרם פרימיום,ברקודים חדשים,
7290012025457,סלטי שמיר,סלטי שמיר,כרוב אדום 625גרם,ברקודים חדשים,
7290012025822,סלטי שמיר,סלטי שמיר,סלק אסלי 400גרם,ברקודים חדשים,
7290012025839,סלטי שמיר,סלטי שמיר,מטבוחה אסלי 400גרם,ברקודים חדשים,
7290012052163,רפאלוס,רפאלוס,גרנולה רפאל - אגוזים זרעים ופירות,ברקודים חדשים,מסמן בפועל
7290012052170,רפאלוס,רפאלוס,גרנולה רפאל - ללא סוכר אגוזים ופירות,ברקודים חדשים,מסמן בפועל
7290012052194,רפאלוס,רפאלוס,גרנולה רפאל - פירות יער וקשיו,ברקודים חדשים,מסמן בפועל
7290012052200,רפאלוס,רפאלוס,גרנולה רפאל - אגוזים זרעים ופירות,ברקודים חדשים,מסמן בפועל
7290012052217,רפאלוס,רפאלוס,גרנולה רפאל - ללא סוכר אגוזים ופירות,ברקודים חדשים,מסמן בפועל
7290012052224,רפאלוס,רפאלוס,גרנולה רפאל - חלבה תמרים ושקדים,ברקודים חדשים,מסמן בפועל
7290012052231,רפאלוס,רפאלוס,גרנולה רפאל - פירות יער וקשיו,ברקודים חדשים,מסמן בפועל
7290012052309,רפאלוס,רפאלוס,גרנולה תענוג - בננה צימוק שקד,ברקודים חדשים,מסמן בפועל
7290012052316,רפאלוס,רפאלוס,גרנולה תענוג - שפע פירות,ברקודים חדשים,מסמן בפועל
7290012052323,רפאלוס,רפאלוס,תענוג מוזלי מיקס לא קלוי,ברקודים חדשים,מסמן בפועל
7290012052330,רפאלוס,רפאלוס,גרנולה תענוג - חלבה,ברקודים חדשים,מסמן בפועל
7290012052347,רפאלוס,רפאלוס,תענוג - ללא תוספת סוכר - צימוקים ושקדים,ברקודים חדשים,מסמן בפועל
7290012052354,רפאלוס,רפאלוס,גרנולה רפאל - שוקולד ואגוזי לוז,ברקודים חדשים,מסמן בפועל
7290012052361,רפאלוס,רפאלוס,גרנולה רפאל - מוזלי,ברקודים חדשים,מסמן בפועל
7290012052385,רפאלוס,רפאלוס,גרנולה רפאל - מוזלי,ברקודים חדשים,מסמן בפועל
7290012052460,רפאלוס,רפאלוס,צ'וקולומומו - מיקס זרעים לסלט - אורגינל,ברקודים חדשים,מסמן בפועל
7290012052477,רפאלוס,רפאלוס,צ'וקולומומו - מיקס זרעים לסלט - עשבי תיבול,ברקודים חדשים,מסמן בפועל
7290012052484,רפאלוס,רפאלוס,פוזיטיב פ. יער ואגוזים שישיה,ברקודים חדשים,מסמן בפועל
7290012052491,רפאלוס,רפאלוס,פוזיטיב חלבה תמר שקד שישיה,ברקודים חדשים,מסמן בפועל
7290012052507,רפאלוס,רפאלוס,פוזיטיב שוקולד שישיה,ברקודים חדשים,מסמן בפועל
7290012052552,רפאלוס,רפאלוס,ריבועי תענוג - בוטנים וחמוציות ללא תוספת סוכר,ברקודים חדשים,מסמן בפועל
7290012052576,רפאלוס,רפאלוס,ריבועי תענוג - קוקוס שברי קקאו ללא תוספת סוכר,ברקודים חדשים,מסמן בפועל
7290012052590,רפאלוס,רפאלוס,ריבועי תענוג - שומשום וציה ללא תוספת סוכר,ברקודים חדשים,מסמן בפועל
7290012052613,רפאלוס,רפאלוס,פוזיטיב מיקס שישיה,ברקודים חדשים,מסמן בפועל
7290012052682,רפאלוס,רפאלוס,פתיתי שיבולת שועל עבה,ברקודים חדשים,מסמן בפועל
7290012052699,רפאלוס,רפאלוס,פתיתי שיבולת שועל דק,ברקודים חדשים,מסמן בפועל
7290012052729,רפאלוס,רפאלוס,פתיתי כוסמין,ברקודים חדשים,מסמן בפועל
7290012052743,רפאלוס,רפאלוס,פתיתי שיפון,ברקודים חדשים,מסמן בפועל
7290012052798,רפאלוס,רפאלוס,"צוקלומומו מוסדי - שקית 1 ק""ג",ברקודים חדשים,מסמן בפועל
7290012052880,רפאלוס,רפאלוס,7 דגנים - חטיף חלבה 7 יח' 140 גר',ברקודים חדשים,מסמן בפועל
7290012052897,רפאלוס,רפאלוס,7 דגנים - חטיף שוקולד 7 יח' 140 גר',ברקודים חדשים,מסמן בפועל
7290012052903,רפאלוס,רפאלוס,7 דגנים - חטיף מיקס פירות 7 יח' 140 גר',ברקודים חדשים,מסמן בפועל
7290012052910,רפאלוס,רפאלוס,7 דגנים - חטיף תפוח קינמון 7 יח' 140 גר',ברקודים חדשים,מסמן בפועל
7290012052927,רפאלוס,רפאלוס,כח דגנים - חטיף שוקו שוקו 7 יח' 140 גר',ברקודים חדשים,מסמן בפועל
7290012052934,רפאלוס,רפאלוס,כח דגנים - חטיף תות 7 יח' 140 גר',ברקודים חדשים,מסמן בפועל
7290012052941,רפאלוס,רפאלוס,כח דגנים - חטיף בננה 7 יח' 140 גר',ברקודים חדשים,מסמן בפועל
7290012052958,רפאלוס,רפאלוס,7 דגנים - חלבה 20 גרם,ברקודים חדשים,מסמן בפועל
7290012052965,רפאלוס,רפאלוס,7 דגנים - שוקולד 20 גרם,ברקודים חדשים,מסמן בפועל
7290012052972,רפאלוס,רפאלוס,7 דגנים - פירות 20 גרם,ברקודים חדשים,מסמן בפועל
7290012052989,רפאלוס,רפאלוס,7 דגנים - תפוח קינמון 20 גרם,ברקודים חדשים,מסמן בפועל
7290012117534,סנו,סנו,סנו מקסימה מרכך כביסה מרוכז 1 ליטר,ברקודים חדשים,
7290012139208,אסם,אסם,מטרנה אקסטרה קייר שלב 1 12*400גרם-חדש,ברקודים חדשים,
7290012139291,אסם,אסם,מטרנה אקסטרה קר טו גו שלב 1 10*135ג-חדש,ברקודים חדשים,
7290012139338,אסם,אסם,מטרנה אקסטרה קר טו גו שלב 2 10*135גרם,ברקודים חדשים,
7290012192326,או - שמונה בייבי,או - שמונה בייבי,"תחליב גוף לתינוק 200 מ""ל",ברקודים חדשים,
7290012413179,ויסוצקי,ויסוצקי,ארל גריי מעודן בטעם ברגמוט 100/1.5ללא מעטפה,ברקודים חדשים,
7290012413612,ויסוצקי,ויסוצקי,תה ירוק חמוציות T.Tשמינייה,ברקודים חדשים,
7290012413636,ויסוצקי,ויסוצקי,תה ירוק צ'אי T.Tשמינייה,ברקודים חדשים,
7290012413643,ויסוצקי,ויסוצקי,תה ירוק קמומיל T.Tשמינייה,ברקודים חדשים,
7290012413698,ויסוצקי,ויסוצקי,"חליטת דובדבנים ""הגן הקסום""",ברקודים חדשים,
7290012413704,ויסוצקי,ויסוצקי,"חליטת לימון ודבש ""הגן הקסום""",ברקודים חדשים,
7290012413919,ויסוצקי,ויסוצקי,תה ירוק תות,ברקודים חדשים,
7290012454110,מיה מוצרי מזון,מיה מוצרי מזון,מארז פופסים ברבקיו 35גר',ברקודים חדשים,
7290012454127,מיה מוצרי מזון,מיה מוצרי מזון,מארז פופסים פיקנטי 35גר',ברקודים חדשים,
7290012454134,מיה מוצרי מזון,מיה מוצרי מזון,מארז פופסים פיצה 35גרם,ברקודים חדשים,
7290012454141,מיה מוצרי מזון,מיה מוצרי מזון,מארז פופסים בצל 35גרם,ברקודים חדשים,
7290012454172,מיה מוצרי מזון,מיה מוצרי מזון,סוכריות יוגורט תות ללא סוכ,ברקודים חדשים,מסמן על אריזות
7290012454189,מיה מוצרי מזון,מיה מוצרי מזון,סוכריות יוגורט אפרסק ללא ס,ברקודים חדשים,מסמן על אריזות
7290012454196,מיה מוצרי מזון,מיה מוצרי מזון,סוכריות קפוצ'ינו ללא סוכר,ברקודים חדשים,מסמן על אריזות
7290012454202,מיה מוצרי מזון,מיה מוצרי מזון,סוכריות ריבת חלב ללא סוכר,ברקודים חדשים,מסמן על אריזות
7290012454264,מיה מוצרי מזון,מיה מוצרי מזון,תמר מג'הול 400גרם,ברקודים חדשים,מסמן על אריזות
7290012454561,מיה מוצרי מזון,מיה מוצרי מזון,קישוט לעוגה חום בצנצנת,ברקודים חדשים,מסמן על אריזות
7290012454578,מיה מוצרי מזון,מיה מוצרי מזון,קישוט לעוגה לבן צנצנת,ברקודים חדשים,מסמן על אריזות
7290012454592,מיה מוצרי מזון,מיה מוצרי מזון,סוכריות דבש לימון ללא סוכר,ברקודים חדשים,מסמן על אריזות
7290012454608,מיה מוצרי מזון,מיה מוצרי מזון,תן צ'אפ גלגלים 50גרם,ברקודים חדשים,
7290012454646,מיה מוצרי מזון,מיה מוצרי מזון,מארז פופסים פלאפל 35גרם,ברקודים חדשים,
7290012454936,מיה מוצרי מזון,מיה מוצרי מזון,סילאן 720גרם,ברקודים חדשים,מסמן על אריזות
7290012522581,אסם,אסם,טבעול שניצל תירס ללא גלוטן 6*664גרם,ברקודים חדשים,
7290012522734,אסם,אסם,טבעול טחון מן הצומח משופר 12*400גרם,ברקודים חדשים,
7290012522789,אסם,אסם,טבעול שניצל ברוקולי 99 קלוריות 6*630גרם,ברקודים חדשים,
7290012525452,אסם,אסם,אקסטרים טילון שוקו וניל בדצ 24*70גרם-חדש,ברקודים חדשים,
7290012525681,אסם,אסם,רולר בדצ 28*83גרם,ברקודים חדשים,
7290012545771,קליר,קליר,נוזל כלים עומד צהוב 750 1/12 קלין,ברקודים חדשים,
7290012545788,קליר,קליר,נוזל כלים עומד ירוק 750 1/12 קלין,ברקודים חדשים,
7290012576348,טמפו,ספיישל רזרב,"ספיישל רזרב שרדונה 750 מ""ל",ברקודים חדשים,
7290012576355,טמפו,ספיישל רזרב,"ספיישל רזרב פטי ורדו 750 מ""ל",ברקודים חדשים,
7290012576362,טמפו,ספיישל רזרב,"ספיישל רזרב קברנה סוביניון 750 מ""ל",ברקודים חדשים,
7290012576379,טמפו,ספיישל רזרב,"ספיישל רזרב מרלו 750 מ""ל",ברקודים חדשים,
7290012576386,טמפו,ספיישל רזרב,"ספיישל רזרב פינוטאז' 750 מ""ל",ברקודים חדשים,
7290012576393,טמפו,ספיישל רזרב,"ספיישל רזרב שיראז 750 מ""ל",ברקודים חדשים,
7290012576409,טמפו,ספיישל רזרב,"ספיישל רזרב סוביניון בלאן 750 מ""ל",ברקודים חדשים,
7290012576416,טמפו,רזרב,"רזרב מלבק 750 מ""ל",ברקודים חדשים,
7290012576423,טמפו,ספיישל רזרב,"ספיישל רזרב גוורצטרמינר 750 מ""ל",ברקודים חדשים,
7290012576430,טמפו,ספיישל רזרב,"ספיישל רזרב ויונייה 750  מ""ל",ברקודים חדשים,
7290012576591,טמפו,רזרב,"גוורצטרמינר רזרב 750  מ""ל",ברקודים חדשים,
7290012576607,טמפו,פרמייר,"פרמייר קברנה סוביניון אדום 750 מ""ל",ברקודים חדשים,
7290012576614,טמפו,פרמייר,"פרמייר אמרלד ריזלינג לבן 750 מ""ל",ברקודים חדשים,
7290012697081,ביסקול,מפיץ שטראוס,סוכרזית סטיוויה 100 שקיות (גרפיקה מנוקדת)- אריתריטול,ברקודים חדשים,מסמן בפועל
7290012697234,ביסקול,מפיץ שטראוס,סוכרזית סטיוויה 75 טב' (גרפיקה מנוקדת),ברקודים חדשים,מסמן בפועל
7290012697241,ביסקול,מפיץ שטראוס,"סוכרזית סטיוויה נוזלי 220 מ""ל (גרפיקה מנוקדת)",ברקודים חדשים,מסמן בפועל
7290012697302,ביסקול,מפיץ נאופרם,BISCOL 450 קרם לחות שיער מתולתל,ברקודים חדשים,
7290012697388,ביסקול,מפיץ שטראוס,סוכרזית סטיוויה כפית לכפית 100 גר' (גרפיקה מנוקדת),ברקודים חדשים,מסמן בפועל
7290012697449,ביסקול,מפיץ נאופרם,BISCOL ESNTIAL קליאו קרם ידיים ורוד,ברקודים חדשים,
7290012760006,סולגר,סולגר,SUPHERB BIOTIKID 50ML,ברקודים חדשים,
7290012760228,סולגר,סולגר,SUPHERB CO Q10 S.GEL  BDZ,ברקודים חדשים,
7290012760266,סולגר,סולגר,SUPHERB V.D1000 DROPS 20M,ברקודים חדשים,
7290012760761,סולגר,סולגר,SUPHERB D1000 (90)    BDZ,ברקודים חדשים,
7290012760792,סולגר,סולגר,SUPHERB PRE-GENTLY    BDZ,ברקודים חדשים,
7290012760853,סולגר,סולגר,SUPHERB D400 20ML     BDZ,ברקודים חדשים,
7290012760907,סולגר,סולגר,SUPHERB CALC.600V.D  BDZ,ברקודים חדשים,
7290012771040,או - שמונה בייבי,או - שמונה בייבי,"קרם תפרחת חיתולים 120 מ""ל",ברקודים חדשים,
7290012771057,או - שמונה בייבי,או - שמונה בייבי,"שמפו אל דמע 200 מ""ל",ברקודים חדשים,
7290012884528,תפוגן,תפוגן,"טוגן טבעות בצל בד""צ 600 גרם",ברקודים חדשים,
7290012884986,תפוגן,תפוגן,"צ'יפס לתנור 1.5 ק""ג 4% שומן",ברקודים חדשים,
7290012931314,נועם אורים,המותג,המותג 3 סחבות בשקית,ברקודים חדשים,
7290012931840,נועם אורים,המותג,המותג: 9 מטליות,ברקודים חדשים,
7290012935770,א.ל יצור תבלינים - תבליני מימון,מעוקרים,"תבלין לסטייק 1 ק""ג מעוקר",ברקודים חדשים,
7290012935855,א.ל יצור תבלינים - תבליני מימון,מעוקרים,"ראס אל חנות מעוקר 1 ק""ג",ברקודים חדשים,
7290012935992,א.ל יצור תבלינים - תבליני מימון,מעוקרים,"פילדלפיה 1ק""ג מעוקר",ברקודים חדשים,
7290012936333,א.ל יצור תבלינים - תבליני מימון,מעוקרים,"קייג'ין לעוף 1 ק""ג מעוקר",ברקודים חדשים,
7290012936340,א.ל יצור תבלינים - תבליני מימון,מעוקרים,תבלין לעמבה מעוקר,ברקודים חדשים,
7290012936371,א.ל יצור תבלינים - תבליני מימון,מעוקרים,"קינמון מעוקר 1 ק""ג",ברקודים חדשים,
7290012936524,א.ל יצור תבלינים - תבליני מימון,מעוקרים,"פלפל יבש מתוק 1 ק""ג מעוקר",ברקודים חדשים,
7290012936548,א.ל יצור תבלינים - תבליני מימון,מעוקרים,"שום גבישי 1 ק""ג מעוקר",ברקודים חדשים,
7290012936777,א.ל יצור תבלינים - תבליני מימון,מעוקרים,"רוזמרין 1 ק""ג מעוקר",ברקודים חדשים,
7290012936838,א.ל יצור תבלינים - תבליני מימון,תבלינים 100 גרם,הל טחון35 גרם,ברקודים חדשים,
7290012936890,א.ל יצור תבלינים - תבליני מימון,תבלינים 100 גרם,קצח 50 גרם,ברקודים חדשים,
7290012936906,א.ל יצור תבלינים - תבליני מימון,תבלינים 100 גרם,ציפורן שלם 25 גרם,ברקודים חדשים,
7290012936913,א.ל יצור תבלינים - תבליני מימון,תבלינים 100 גרם,סומק 40 גרם,ברקודים חדשים,
7290012936937,א.ל יצור תבלינים - תבליני מימון,תבלינים 100 גרם,בהרט 40 גרם,ברקודים חדשים,
7290012936944,א.ל יצור תבלינים - תבליני מימון,תבלינים 100 גרם,אגוז מוסקט טחון 40 גרם - חדש,ברקודים חדשים,
7290012983047,חצר כנרת,חצר כנרת,"סילאן 900 גרם בד""צ 34367 (מ.כחולה)",ברקודים חדשים,מסמן בפועל
7290012983153,חצר כנרת,חצר כנרת,סילאן טבעי בקבוק לחיץ 400 גרם עברית,ברקודים חדשים,מסמן בפועל
7290012983160,חצר כנרת,חצר כנרת,סילאן בקבוק לחיץ 400 גרם עברית,ברקודים חדשים,מסמן בפועל
7290012983269,חצר כנרת,חצר כנרת,סילאן 350 גרם עברית 34373,ברקודים חדשים,מסמן בפועל
7290012983276,חצר כנרת,חצר כנרת,סילאן 900 גרם עברית - 34372 (תמר כנרת),ברקודים חדשים,מסמן בפועל
7290012983320,חצר כנרת,חצר כנרת,מלית תמרים בגביע 450 גרם חתם סופר,ברקודים חדשים,מסמן בפועל
7290012983344,חצר כנרת,חצר כנרת,"מלית תמרים בגביע 450 גרם בד""ץ",ברקודים חדשים,מסמן בפועל
7290012983436,חצר כנרת,חצר כנרת,סילאן טבעי אורגני 400 גרם - כנרת,ברקודים חדשים,מסמן בפועל
7290012983610,חצר כנרת,חצר כנרת,כבוש תמרים 500 גר',ברקודים חדשים,מסמן בפועל
7290012983696,חצר כנרת,חצר כנרת,סילאן גריל בקבוק לחיץ 350 גרם,ברקודים חדשים,מסמן בפועל
7290012983702,חצר כנרת,חצר כנרת,סילאן שום-צ`ילי בקבוק לחיץ 350 גרם עברית,ברקודים חדשים,מסמן בפועל
7290012983719,חצר כנרת,חצר כנרת,סילאן חמוץ מתוק בקבוק לחיץ 400 גרם עברית,ברקודים חדשים,מסמן בפועל
7290012983726,חצר כנרת,חצר כנרת,סילאן חריף מתוק בקבוק לחיץ 400 גרם עברית,ברקודים חדשים,מסמן בפועל
7290013038005,טמפו,ג'אמפ,ג'אמפ תפוח 1.5 תריסר,ברקודים חדשים,
7290013038234,טמפו,א.נובה,מי נובה  2 ליטר שישייה,ברקודים חדשים,
7290013068361,שמן זית אליעד,שמן זית אליעד,"ש.זית כתית מעולה - קלאסי 750 מ""ל",ברקודים חדשים,
7290013068378,שמן זית אליעד,שמן זית אליעד,ש.זית כתית מעולה פח 2 ליטר - קלאסי,ברקודים חדשים,
7290013068682,שמן זית אליעד,שמן זית אליעד,"ש.זית כתית מעולה - פירותי מאוזן 750 מ""ל",ברקודים חדשים,
7290013068699,שמן זית אליעד,שמן זית אליעד,"ש.זית כתית מעולה - עשיר ןיחודי 750 מ""ל",ברקודים חדשים,
7290013068705,שמן זית אליעד,שמן זית אליעד,"ש.זית כתית מעולה - מודגש קטיפתי 750 מ""ל",ברקודים חדשים,
7290013083661,אסם,אסם,מטרנה אקסטרה קר שלב 1 חסכון 12*700ג-חדש,ברקודים חדשים,
7290013083678,אסם,אסם,מטרנה אקסטרה קר שלב 2 חסכון 12*700גרם,ברקודים חדשים,
7290013083685,אסם,אסם,מטרנה אקסטרה קר שלב 3 חסכון 12*700גרם,ברקודים חדשים,
7290013144140,א.ל יצור תבלינים - תבליני מימון,מימונס,תערובת סופגניות 600 גרם,ברקודים חדשים,
7290013144157,א.ל יצור תבלינים - תבליני מימון,מימונס,סחלב 130 גרם,ברקודים חדשים,
7290013144164,א.ל יצור תבלינים - תבליני מימון,מימונס,סחלב 400 גרם,ברקודים חדשים,
7290013144171,א.ל יצור תבלינים - תבליני מימון,מימונס,תערובת עוגת שוקולד פרווה 560 גרם-,ברקודים חדשים,
7290013144188,א.ל יצור תבלינים - תבליני מימון,מימונס,תערובת בראוניס 600 גרם,ברקודים חדשים,
7290013144195,א.ל יצור תבלינים - תבליני מימון,מימונס,תערובת כדורי שוקולד 500 גרם,ברקודים חדשים,
7290013144201,א.ל יצור תבלינים - תבליני מימון,מימונס,תערובת פנקייק 400 גרם,ברקודים חדשים,
7290013144218,א.ל יצור תבלינים - תבליני מימון,מוצרי מימונס,תערובת עוגת וניל 560 גרם,ברקודים חדשים,
7290013144225,א.ל יצור תבלינים - תבליני מימון,מימונס,תערובת עוגת שיש 560 גרם,ברקודים חדשים,
7290013144232,א.ל יצור תבלינים - תבליני מימון,מוצרי מימונס,פודינג וניל 80 גרם,ברקודים חדשים,
7290013144249,א.ל יצור תבלינים - תבליני מימון,מימונס,פודינג שוקולד 95 גרם,ברקודים חדשים,
7290013144263,א.ל יצור תבלינים - תבליני מימון,מימונס,מלבי 112גרם,ברקודים חדשים,
7290013144270,א.ל יצור תבלינים - תבליני מימון,מימונס,קרם  פטיסייר 100 גרם,ברקודים חדשים,
7290013144287,א.ל יצור תבלינים - תבליני מימון,מימונס,ג'לי תות 85 גרם,ברקודים חדשים,
7290013144393,א.ל יצור תבלינים - תבליני מימון,מימונס,תמצית וניל 50 גרם,ברקודים חדשים,
7290013144409,א.ל יצור תבלינים - תבליני מימון,מימונס,תמצית בטעם רום 50 גרם,ברקודים חדשים,
7290013144416,א.ל יצור תבלינים - תבליני מימון,מימונס,תמצית שקדים 50 גרם,ברקודים חדשים,
7290013144447,א.ל יצור תבלינים - תבליני מימון,מימונס,תמצית בטעם תפוז,ברקודים חדשים,
7290013144508,א.ל יצור תבלינים - תבליני מימון,מימונס,תמצית בטעם ורדים,ברקודים חדשים,
7290013144515,א.ל יצור תבלינים - תבליני מימון,מימונס,צבע מאכל צהוב 50 גרם,ברקודים חדשים,
7290013144522,א.ל יצור תבלינים - תבליני מימון,מימונס,צבע מאכל ירוק 50 גרם,ברקודים חדשים,
7290013144539,א.ל יצור תבלינים - תבליני מימון,מימונס,צבע מאכל אדום 50 גרם,ברקודים חדשים,
7290013144560,א.ל יצור תבלינים - תבליני מימון,מימונס,צבע מאכל כחול 50 גרם,ברקודים חדשים,
7290013144966,א.ל יצור תבלינים - תבליני מימון,מימונס,"פודינג בטעם וניל צרפתי 1 ק""ג צנצנת",ברקודים חדשים,
7290013145017,א.ל יצור תבלינים - תבליני מימון,מימונס,אגוז מלך קלוף 100 גרם,ברקודים חדשים,
7290013145024,א.ל יצור תבלינים - תבליני מימון,מוצרי מימונס,אגוז מלך טחון 100 גרם,ברקודים חדשים,
7290013145031,א.ל יצור תבלינים - תבליני מימון,מימונס,ברס- אגוזי לוז מסוכרים 100 גרם,ברקודים חדשים,
7290013145048,א.ל יצור תבלינים - תבליני מימון,מימונס,צנוברים 100 גרם,ברקודים חדשים,
7290013145055,א.ל יצור תבלינים - תבליני מימון,מימונס,פרג שלם 100 גרם,ברקודים חדשים,
7290013145079,א.ל יצור תבלינים - תבליני מימון,מימונס,שקד טבעי גרוס 100 גרם,ברקודים חדשים,
7290013145093,א.ל יצור תבלינים - תבליני מימון,מימונס,שקד מולבן גרוס 100 גרם,ברקודים חדשים,
7290013145109,א.ל יצור תבלינים - תבליני מימון,מימונס,שקד מולבן טחון 100 גרם,ברקודים חדשים,
7290013145116,א.ל יצור תבלינים - תבליני מימון,מימונס,שקד מולבן מקלות 100 גרם,ברקודים חדשים,
7290013145123,א.ל יצור תבלינים - תבליני מימון,מימונס,שקד מולבן פרוס 100 גרם,ברקודים חדשים,
7290013145130,א.ל יצור תבלינים - תבליני מימון,מימונס,שקד מולבן חצוי 100 גרם,ברקודים חדשים,
7290013145161,א.ל יצור תבלינים - תבליני מימון,מימונס,פקאן מסוכר 100 גרם,ברקודים חדשים,
7290013145178,א.ל יצור תבלינים - תבליני מימון,מימונס,קוקוס טחון לבן 100 גרם,ברקודים חדשים,
7290013145192,א.ל יצור תבלינים - תבליני מימון,מימונס,שומשום 100 גרם,ברקודים חדשים,
7290013145215,א.ל יצור תבלינים - תבליני מימון,מימונס,שומשום 400 גרם,ברקודים חדשים,
7290013145246,א.ל יצור תבלינים - תבליני מימון,מוצרי מימונס,גרעין חמנייה קלוף 100 גרם,ברקודים חדשים,
7290013145451,א.ל יצור תבלינים - תבליני מימון,מימונס,"קקאו דל שומן  10-12% , 150 גרם",ברקודים חדשים,
7290013145468,א.ל יצור תבלינים - תבליני מימון,מימונס,"קקאו דל שומן 10-12%, 500 גרם",ברקודים חדשים,
7290013145529,א.ל יצור תבלינים - תבליני מימון,מימונס,סוכריות צבעוניות לקישוט 90 גרם,ברקודים חדשים,
7290013145536,א.ל יצור תבלינים - תבליני מימון,מימונס,סוכריות בטעם שוקולד לקישוט,ברקודים חדשים,
7290013145567,א.ל יצור תבלינים - תבליני מימון,מימונס,מיני מיני עדשים 90 גרם,ברקודים חדשים,
7290013145574,א.ל יצור תבלינים - תבליני מימון,מימונס,ערכה לקישוט (מזרה עיגולים) 100 גרם,ברקודים חדשים,
7290013145598,א.ל יצור תבלינים - תבליני מימון,מימונס,טיפות לקישוט,ברקודים חדשים,
7290013145628,א.ל יצור תבלינים - תבליני מימון,מימונס,סוכריות צבעוניות לקישוט 200 גרם,ברקודים חדשים,
7290013145635,א.ל יצור תבלינים - תבליני מימון,מימונס,פודינג וניל מאגדת ,ברקודים חדשים,
7290013145659,א.ל יצור תבלינים - תבליני מימון,מימונס,ג'לי בטעם לימון 85 גרם,ברקודים חדשים,
7290013145673,א.ל יצור תבלינים - תבליני מימון,מימונס,"קמח שמרים מימונס 1 ק""ג- חצי מזמן התפיחה",ברקודים חדשים,
7290013145680,א.ל יצור תבלינים - תבליני מימון,מימונס,קמח שמרים לפיצה ופוקאצ'ה,ברקודים חדשים,
7290013145710,א.ל יצור תבלינים - תבליני מימון,מימונס,דובדבנים מסוכרים,ברקודים חדשים,
7290013145727,א.ל יצור תבלינים - תבליני מימון,מימונס,קליפות הדרים מסוכרים,ברקודים חדשים,
7290013145734,א.ל יצור תבלינים - תבליני מימון,מימונס,בצק סוכר לבן משובח,ברקודים חדשים,
7290013145826,א.ל יצור תבלינים - תבליני מימון,מימונס,פודינג בטעם וניל לבן במיוחד 80 גרם-,ברקודים חדשים,
7290013145833,א.ל יצור תבלינים - תבליני מימון,מימונס,פודינג שוקולד בלגי 95 גרם,ברקודים חדשים,
7290013145864,א.ל יצור תבלינים - תבליני מימון,מימונס,"ג'לטין טהור אבקה בד""צ-28גרם",ברקודים חדשים,
7290013145871,א.ל יצור תבלינים - תבליני מימון,מימונס,שמרים יבשים סטיק 11 גרם 5 יח',ברקודים חדשים,
7290013145901,א.ל יצור תבלינים - תבליני מימון,מימונס,סודה לשתיה,ברקודים חדשים,
7290013145918,א.ל יצור תבלינים - תבליני מימון,מימונס,אבקת סוכר,ברקודים חדשים,
7290013145949,א.ל יצור תבלינים - תבליני מימון,מימונס,אבקת סוכר פטנט 250גרם,ברקודים חדשים,
7290013145970,א.ל יצור תבלינים - תבליני מימון,מוצרי מימונס,קורנפלור בשקית 200 גרם,ברקודים חדשים,
7290013146120,א.ל יצור תבלינים - תבליני מימון,מימונס,תערובת לכדורי שוקולד 1 קג,ברקודים חדשים,
7290013146281,א.ל יצור תבלינים - תבליני מימון,מימונס,"כשל""פ- תערובת לעוגה בטעם שוקולד 560גרם",ברקודים חדשים,
7290013146304,א.ל יצור תבלינים - תבליני מימון,מימונס,קורנפלור 500 גרם,ברקודים חדשים,
7290013146854,א.ל יצור תבלינים - תבליני מימון,מימונס,קוקוס לבן טחון 400גרם,ברקודים חדשים,
7290013170934,אסם,אסם,ויטמינצ'יק מהד.קיץ אבטיח מלן12*1ליטר-חדש,ברקודים חדשים,
7290013189097,המברשת רוחמה,המברשת רוחמה,מטאטא שחור אדום גוף פלסטיק,ברקודים חדשים,
7290013189103,המברשת רוחמה,המברשת רוחמה,מטאטא מירלה גוף פלסטיק,ברקודים חדשים,
7290013189103,המברשת רוחמה,המברשת רוחמה,מטאטא מירלה גוף פלסטיק,ברקודים חדשים,
7290013189110,המברשת רוחמה,המברשת רוחמה,מטאטא 232 גוף עץ בוק,ברקודים חדשים,
7290013189127,המברשת רוחמה,המברשת רוחמה,מטאטא 028/7 גוף עץ בוק,ברקודים חדשים,
7290013189134,המברשת רוחמה,המברשת רוחמה,מטאטא שיער סוס 28/7 גוף עץ,ברקודים חדשים,
7290013189172,המברשת רוחמה,המברשת רוחמה,סט שירותים מעוצב,ברקודים חדשים,
7290013189189,המברשת רוחמה,המברשת רוחמה,מטאטא קרצוף שרובר צהוב,ברקודים חדשים,
7290013189219,המברשת רוחמה,המברשת רוחמה,מטאטא טופ גוף עץ,ברקודים חדשים,
7290013189226,המברשת רוחמה,המברשת רוחמה,"מטאטא כביש פלסטיק 40 ס""מ",ברקודים חדשים,
7290013189233,המברשת רוחמה,המברשת רוחמה,"מטאטא אולמות פלסטיק 40 ס""מ ",ברקודים חדשים,
7290013189271,המברשת רוחמה,המברשת רוחמה,יעה נצמד ללא גומי - המברשת      ,ברקודים חדשים,
7290013189288,המברשת רוחמה,המברשת רוחמה,"מגב פלסטיק קסם 40 ס""מ",ברקודים חדשים,
7290013189288,המברשת רוחמה,המברשת רוחמה,"מגב פלסטיק קסם 40 ס""מ",ברקודים חדשים,
7290013189295,המברשת רוחמה,המברשת רוחמה,"מגב פלסטיק דיסקברי 40 ס""מ",ברקודים חדשים,
7290013189301,המברשת רוחמה,המברשת רוחמה,"מגב פלסטיק קסם 50 ס""מ",ברקודים חדשים,
7290013189301,המברשת רוחמה,המברשת רוחמה,"מגב פלסטיק קסם 50 ס""מ",ברקודים חדשים,
7290013189318,המברשת רוחמה,המברשת רוחמה,"מגב פלסטיק קסם 60 ס""מ",ברקודים חדשים,
7290013189677,המברשת רוחמה,המברשת רוחמה,"מטאטא כביש עץ 30 ס""מ",ברקודים חדשים,
7290013189738,המברשת רוחמה,המברשת רוחמה,מגירון אפור 3 קומות המברשת,ברקודים חדשים,
7290013189745,המברשת רוחמה,המברשת רוחמה,מגירון אפור 4 קומות המברשת,ברקודים חדשים,
7290013189752,המברשת רוחמה,המברשת רוחמה,מגירון אפור 5 קומות המברשת,ברקודים חדשים,
7290013250018,הילה קוסמטיקה הרבליסטית,הילה קוסמטיקה הרבליסטית,תחליב ניקוי קלנדולה לניקוי והסרת איפור,ברקודים חדשים,מסמן
7290013250025,הילה קוסמטיקה הרבליסטית,הילה קוסמטיקה הרבליסטית,מי פנים הממליס וורדים לחיזוק ומתיחת העור,ברקודים חדשים,
7290013250032,הילה קוסמטיקה הרבליסטית,הילה קוסמטיקה הרבליסטית,סבון פנים לבנדר לאיזון והרגעת העור,ברקודים חדשים,מסמן
7290013250049,הילה קוסמטיקה הרבליסטית,הילה קוסמטיקה הרבליסטית,קרם לחות גרניום לאיזון עור הפנים,ברקודים חדשים,
7290013250056,הילה קוסמטיקה הרבליסטית,הילה קוסמטיקה הרבליסטית,קרם לחות קמומיל ולבונה לאיזון והרגעת העור,ברקודים חדשים,
7290013250063,הילה קוסמטיקה הרבליסטית,הילה קוסמטיקה הרבליסטית,קרם לחות זרעי רימונים למיצוק ומתיחת העור,ברקודים חדשים,מסמן
7290013250070,הילה קוסמטיקה הרבליסטית,הילה קוסמטיקה הרבליסטית,קרם לחות ורדים להזנה וריכוך,ברקודים חדשים,
7290013250087,הילה קוסמטיקה הרבליסטית,הילה קוסמטיקה הרבליסטית,קרם לילה משקם קומפרי,ברקודים חדשים,
7290013250094,הילה קוסמטיקה הרבליסטית,הילה קוסמטיקה הרבליסטית,קרם לחות קלנדולה וקמומיל לאחר גילוח- לגבר,ברקודים חדשים,
7290013250100,הילה קוסמטיקה הרבליסטית,הילה קוסמטיקה הרבליסטית,מסכת חימר ואצות לניקוי עמוק ופילינג,ברקודים חדשים,
7290013250117,הילה קוסמטיקה הרבליסטית,הילה קוסמטיקה הרבליסטית,מסכת אובליפיכה להזנה מוגברת- ללא שטיפה,ברקודים חדשים,
7290013250124,הילה קוסמטיקה הרבליסטית,הילה קוסמטיקה הרבליסטית,קרם עיניים נר הלילה לשיקום וחידוש,ברקודים חדשים,
7290013250131,הילה קוסמטיקה הרבליסטית,הילה קוסמטיקה הרבליסטית,תרחיף אכניצאה מרוכז לטיפול נקודתי,ברקודים חדשים,מסמן
7290013250148,הילה קוסמטיקה הרבליסטית,הילה קוסמטיקה הרבליסטית,אקנקיט - הערכה המושלמת לעור שמן/בעייתי/אקנה,ברקודים חדשים,מסמן
7290013250193,הילה קוסמטיקה הרבליסטית,הילה קוסמטיקה הרבליסטית,קרם הגנה אולטימטיבי SPF50,ברקודים חדשים,
7290013250209,הילה קוסמטיקה הרבליסטית,הילה קוסמטיקה הרבליסטית,בושם טבעי FOREST,ברקודים חדשים,מסמן
7290013250216,הילה קוסמטיקה הרבליסטית,הילה קוסמטיקה הרבליסטית,בושם טבעי BLOOM,ברקודים חדשים,מסמן
7290013250223,הילה קוסמטיקה הרבליסטית,הילה קוסמטיקה הרבליסטית,סרום נרולי למיצוק והזנה,ברקודים חדשים,מסמן
7290013250230,הילה קוסמטיקה הרבליסטית,הילה קוסמטיקה הרבליסטית,סרום לימון לשיקום והבהרה,ברקודים חדשים,מסמן
7290013267085,יוניליוור,שטראוס,"שטראוס מאגדת לייט מיני שוקולד 420 מ""ל",ברקודים חדשים,
7290013267283,יוניליוור,מגנום,"מגנום מיני שוקולד לבן מגזר 70 מ""ל",ברקודים חדשים,
7290013267313,יוניליוור,אסקימו,"אסקימו קרחון לימונענע 82 מ""ל",ברקודים חדשים,
7290013267313,יוניליוור,אסקימו,"אסקימו קרחון לימונענע 82 מ""ל",ברקודים חדשים,
7290013267399,יוניליוור,סולרו,"סולרו מאגדת מיני פרווה יצוא 420 מ""ל",ברקודים חדשים,
7290013267610,יוניליוור,שטראוס,שטראוס סורבה מנגו 5.5 ל',ברקודים חדשים,
7290013267610,יוניליוור,שטראוס,שטראוס סורבה מנגו 5.5 ל',ברקודים חדשים,
7290013267665,יוניליוור,סולרו,"מאגדות סולרו 350 מ""ל",ברקודים חדשים,
7290013267665,יוניליוור,סולרו,"מאגדות סולרו 350 מ""ל",ברקודים חדשים,
7290013267726,יוניליוור,מגנום,"מגנום דואט שוקולד עם נוגט 134 מ""ל",ברקודים חדשים,
7290013267726,יוניליוור,מגנום,"מגנום דואט שוקולד עם נוגט 134 מ""ל",ברקודים חדשים,
7290013267764,יוניליוור,שטראוס,שטראוס מיקס וניל פרווה 5 ל',ברקודים חדשים,
7290013267764,יוניליוור,שטראוס,שטראוס מיקס וניל פרווה 5 ל',ברקודים חדשים,
7290013268891,סנו,סנו,סנו אוקסיג'ן ג'ל להסרת כתמים 3 ליטר,ברקודים חדשים,
7290013268907,סנו,סנו,סנו מקסימה ג'ל כביסה 3 ליטר,ברקודים חדשים,
7290013283177,קומפלקס כימיקליים,קומפלקס כימיקליים,סבון נוזלי 1 ליטר משאבה,ברקודים חדשים,
7290013361004,פרי גליל,פרי הגליל-1,טונה 160במים פג כשלפ,ברקודים חדשים,מסמן על רב המוצרים
7290013361004,פרי גליל,פרי הגליל-1,טונה 160במים פג,ברקודים חדשים,מסמן על רב המוצרים
7290013361011,פרי גליל,פרי הגליל-1,טונה 160בשמן פג כשלפ,ברקודים חדשים,מסמן על רב המוצרים
7290013361011,פרי גליל,פרי הגליל-1,טונה 160בשמן פג,ברקודים חדשים,מסמן על רב המוצרים
7290013361028,פרי גליל,פרי הגליל-1,טונה 160בשמן קנולה פג כשלפ,ברקודים חדשים,מסמן על רב המוצרים
7290013361028,פרי גליל,פרי הגליל-1,טונה 160בשמן קנולה פג,ברקודים חדשים,מסמן על רב המוצרים
7290013361035,פרי גליל,פרי הגליל-1,טונה 160בשמן זית פג,ברקודים חדשים,מסמן על רב המוצרים
7290013361103,פרי גליל,פרי הגליל-1,מארז טונה 160X4במים פג כשלפ,ברקודים חדשים,מסמן על רב המוצרים
7290013361103,פרי גליל,פרי הגליל-1,מארז טונה 160X4במים פג,ברקודים חדשים,מסמן על רב המוצרים
7290013361110,פרי גליל,פרי הגליל-1,מארז טונה 160X4בשמן פג כשלפ,ברקודים חדשים,מסמן על רב המוצרים
7290013361110,פרי גליל,פרי הגליל-1,מארז טונה 160X4בשמן פג,ברקודים חדשים,מסמן על רב המוצרים
7290013361172,פרי גליל,פרי הגליל-1,מארז טונה 160X4בשמן קנולה פג כשלפ,ברקודים חדשים,מסמן על רב המוצרים
7290013361172,פרי גליל,פרי הגליל-1,מארז טונה 160X4בשמן קנולה פג,ברקודים חדשים,מסמן על רב המוצרים
7290013361455,פרי גליל,20-GREEN @ FRESH,תירס א-GREEN & FRESH 2,ברקודים חדשים,מסמן על רב המוצרים
7290013361813,פרי גליל,פרי הגליל-1,פטריות שלמות 450פג,ברקודים חדשים,מסמן על רב המוצרים
7290013361820,פרי גליל,פרי הגליל-1,פטריות חתוכות 450פג,ברקודים חדשים,מסמן על רב המוצרים
7290013361981,פרי גליל,פרי הגליל-1,צ'יפס קטרינג 2פג,ברקודים חדשים,מסמן על רב המוצרים
7290013361998,פרי גליל,פרי הגליל-1,סטייק צ'יפס 2קג פג,ברקודים חדשים,מסמן על רב המוצרים
7290013412010,DPL,מפיץ נאופרם,איי פרש מסיר איפור 25 יח' חדש,ברקודים חדשים,
7290013412409,DPL,מפיץ נאופרם,נועם סופגנית FREE - 15,ברקודים חדשים,
7290013412423,DPL,מפיץ נאופרם,בייביסיטר טייני מידה 1  42 יח,ברקודים חדשים,
7290013412430,DPL,מפיץ נאופרם,בייביסיטר טייני מידה 2 50 יח,ברקודים חדשים,
7290013412966,DPL,מפיץ נאופרם,מגבון תולי רביעייה 72,ברקודים חדשים,
7290013430083,אביר הבר,בירה אלכנסדר,אלכסנדר בלונד,ברקודים חדשים,מסמן בפועל
7290013430090,אביר הבר,בירה אלכנסדר,אלכסנדר אמברה,ברקודים חדשים,מסמן בפועל
7290013430205,אביר הבר,בירה אלכנסדר,אלכסנדר בלאק,ברקודים חדשים,מסמן בפועל
7290013430250,אביר הבר,בירה אלכנסדר,אלכסנדר חיטה ישראלית,ברקודים חדשים,מסמן בפועל
7290013430304,אביר הבר,בירה אלכנסדר,אלכסנדר גרין,ברקודים חדשים,מסמן בפועל
7290013430403,אביר הבר,בירה אלכנסדר,אלכסנדר בלייזר,ברקודים חדשים,מסמן בפועל
7290013440785,אסם,אסם,נסטל.מאח.קרח.לייט למן.מנגו בדצ 6 8*70גרם,ברקודים חדשים,
7290013453006,דני וגלית,דני וגלית,300גרנולה חמוצ.קשיו ללתס,ברקודים חדשים,
7290013453013,דני וגלית,דני וגלית,230עוגיות כוסמין וגרנולה,ברקודים חדשים,
7290013453020,דני וגלית,דני וגלית,"300גרנולה תמר חלבה ללת""ס",ברקודים חדשים,
7290013453051,דני וגלית,דני וגלית,300גרנולה וניל אגוז ללתס,ברקודים חדשים,
7290013453068,דני וגלית,דני וגלית,עוגיות כוסמין פירות יער,ברקודים חדשים,
7290013453075,דני וגלית,דני וגלית,שיבולת שועל טחינה מלאה,ברקודים חדשים,
7290013453082,דני וגלית,דני וגלית,230עוג.כוסמין ושוקוצ'יפס,ברקודים חדשים,
7290013453105,דני וגלית,דני וגלית,עוגיות מרוקאיות קמח מלא,ברקודים חדשים,
7290013453112,דני וגלית,דני וגלית,ריבועי כוסמין 250 גרם,ברקודים חדשים,
7290013453136,דני וגלית,דני וגלית,230 עוגיות כוסמין תפוחים,ברקודים חדשים,
7290013453143,דני וגלית,דני וגלית,עוגיות טחינה ואגוזי לוז,ברקודים חדשים,
7290013453150,דני וגלית,דני וגלית,עוג.קוקוס ואגוזי לוז230ג,ברקודים חדשים,
7290013453174,דני וגלית,דני וגלית,קרקר משמש ואגוזי לוז170ג,ברקודים חדשים,
7290013453181,דני וגלית,דני וגלית,170 קרקר שקדים ורוזמרין,ברקודים חדשים,
7290013453235,דני וגלית,דני וגלית,עוגיות טחינה וכוסמין230ג,ברקודים חדשים,
7290013453242,דני וגלית,דני וגלית,עוגיות אניס מרוקאיות230ג,ברקודים חדשים,
7290013453259,דני וגלית,דני וגלית,230ח.חמאת קוקוס שוקוציפס,ברקודים חדשים,
7290013453266,דני וגלית,דני וגלית,מקלוני כוסמין וקצח 200 ג,ברקודים חדשים,
7290013453280,דני וגלית,דני וגלית,מקלוני כוסמין וזעתר200גר,ברקודים חדשים,
7290013453297,דני וגלית,דני וגלית,מקלוני כוסמין ובצל200גרם,ברקודים חדשים,
7290013453587,דני וגלית,דני וגלית,עוגיות גרנולה ושוקוצ'יפס,ברקודים חדשים,
7290013453594,דני וגלית,דני וגלית,230עוג.גרנולה חמוצ.וקשיו,ברקודים חדשים,
7290013453600,דני וגלית,דני וגלית,170ביסקוטי שוקולד ופירות,ברקודים חדשים,
7290013453617,דני וגלית,דני וגלית,עוגיות ביסקוטי שקדים וקוקוס לנמנעים מגלוטן 200 גר',ברקודים חדשים,
7290013453624,דני וגלית,דני וגלית,עוגיות שוקולדצ'יפס לנמנעים מגלוטן 230 גר',ברקודים חדשים,
7290013453631,דני וגלית,דני וגלית,עוגיות חמאת בוטנים ושוקולדלנמנעים מגלוטן 230 גר',ברקודים חדשים,
7290013453648,דני וגלית,דני וגלית,עוגיות פירות יער לנמנעים מגלוטן 230 גר',ברקודים חדשים,
7290013453709,רפאלוס,רפאלוס,קמח חיטה מלא אורגני,ברקודים חדשים,מסמן בפועל
7290013453716,רפאלוס,רפאלוס,קמח חיטה 70% מלא אורגני,ברקודים חדשים,מסמן בפועל
7290013453723,רפאלוס,רפאלוס,קמח שיפון מלא אורגני,ברקודים חדשים,מסמן בפועל
7290013453730,רפאלוס,רפאלוס,קמח כוסמין מלא אורגני,ברקודים חדשים,מסמן בפועל
7290013453761,רפאלוס,רפאלוס,קמח כוסמת מלא אורגני,ברקודים חדשים,מסמן בפועל
7290013453785,רפאלוס,רפאלוס,קמח כוסמין 70% מלא אורגני,ברקודים חדשים,מסמן בפועל
7290013453891,רפאלוס,רפאלוס,קמח חומוס אורגני,ברקודים חדשים,מסמן בפועל
7290013453921,רפאלוס,רפאלוס,קמח עדשים אדומות אורגני,ברקודים חדשים,מסמן בפועל
7290013453990,רפאלוס,רפאלוס,קמח טף מלא,ברקודים חדשים,מסמן בפועל
7290013464248,סולגר,סולגר,SUPHERB MAGNES CI.B6 BDZ,ברקודים חדשים,
7290013464316,סולגר,סולגר,SUPHERB Q-10 100 CAP  BDZ,ברקודים חדשים,
7290013464859,סולגר,סולגר,SUPHERB IRON KID      BDZ,ברקודים חדשים,
7290013464897,סולגר,סולגר,SUPHERB OMEGA D3 9 MONTHS,ברקודים חדשים,
7290013465009,סולגר,סולגר,SUPHERB BIO BLIS TAB (30),ברקודים חדשים,
7290013465061,סולגר,סולגר,SUPHERB VIT.B-12 1000 BDZ,ברקודים חדשים,
7290013465184,סולגר,סולגר,SUPHERB SPIRUL.600MG  BDZ,ברקודים חדשים,
7290013465702,סולגר,סולגר,SUPHERB PHYTO FEMAL   BDZ,ברקודים חדשים,
7290013465795,סולגר,סולגר,SUPHERB BIOTIC        BDZ,ברקודים חדשים,
7290013465801,סולגר,סולגר,SUPHERB BIOTIKID      BDZ,ברקודים חדשים,
7290013474155,יוניליוור,בייגל בייגל,מאגדת דגדג 240 גר,ברקודים חדשים,מסמן בפועל
7290013474377,יוניליוור,בייגל בייגל,בייגלה דקים  מלח 300 גר,ברקודים חדשים,מסמן בפועל
7290013474384,יוניליוור,בייגל בייגל,בייגלה דקים  שמנת בצל 300 גר,ברקודים חדשים,מסמן בפועל
7290013474421,יוניליוור,בייגל בייגל,בייגלה דקים  שמנת בצל 60 גר,ברקודים חדשים,מסמן בפועל
7290013474438,יוניליוור,בייגל בייגל,בייגלה דקים שומשום קלאסי 300 גר,ברקודים חדשים,מסמן בפועל
7290013521095,מאיר בייגל,השדה,בייגלה אורגני ללא תוספת מלח 200 גרם,ברקודים חדשים,
7290013521163,פרח,השדה,מיני פרכיות חצי מצופות,ברקודים חדשים,
7290013521422,סנקי,השדה,"סוכר קנים אורגני 1 ק""ג בקופסא",ברקודים חדשים,
7290013525253,סלטי שמיר,סלטי שמיר,המנה שלי טחינה מיוחדת 160גרם,ברקודים חדשים,
7290013525260,סלטי שמיר,סלטי שמיר,המנה שלי חציל במיונז 160גרם,ברקודים חדשים,
7290013525543,סלטי שמיר,סלטי שמיר,"חומוס מזרחי 1ק""ג",ברקודים חדשים,
7290013525710,סלטי שמיר,סלטי שמיר,המנה שלי חומוס עם טחינה 160גרם,ברקודים חדשים,
7290013525741,סלטי שמיר,סלטי שמיר,המנה שלי חומוס עם חריף 160גרם,ברקודים חדשים,
7290013525789,סלטי שמיר,סלטי שמיר,אריסה מרוקאית 150גרם,ברקודים חדשים,
7290013525802,סלטי שמיר,סלטי שמיר,סחוג אדום 150גרם,ברקודים חדשים,
7290013525819,סלטי שמיר,סלטי שמיר,שום כתוש 150גרם,ברקודים חדשים,
7290013534057,מיה מוצרי מזון,מיה מוצרי מזון,צ'יפס בטטה 100גרם,ברקודים חדשים,מסמן על אריזות
7290013538543,המברשת רוחמה,המברשת רוחמה,מברשת אבק סיב קצר 222,ברקודים חדשים,
7290013538550,המברשת רוחמה,המברשת רוחמה,מברשת שטיחים 525,ברקודים חדשים,
7290013538567,המברשת רוחמה,המברשת רוחמה,"מטאטא אולמות עץ 40 ס""מ",ברקודים חדשים,
7290013538581,המברשת רוחמה,המברשת רוחמה,"מטאטא כביש פלסטיק 30 ס""מ",ברקודים חדשים,
7290013566744,אסם,אסם,חמשושים ללא כוסית סוכר בדצ36*55ג,ברקודים חדשים,
7290013566867,אסם,אסם,חמשושים מאגדת ללא כוסית בדצ8 4*55ג,ברקודים חדשים,
7290013584113,החברה המרכזית,קוקה קולה,"סליק ספרייט 330 מ""ל",ברקודים חדשים,
7290013584113,החברה המרכזית,קוקה קולה,"סליק ספרייט 330 מ""ל מבצע",ברקודים חדשים,
7290013584144,החברה המרכזית,קוקה קולה,"ספרייט 500 מ""ל",ברקודים חדשים,
7290013584151,החברה המרכזית,קוקה קולה,"ספרייט קלאסי 350 מ""ל",ברקודים חדשים,
7290013584175,החברה המרכזית,קוקה קולה,ספרייט שישיות 1.5 ליטר,ברקודים חדשים,
7290013584182,החברה המרכזית,קוקה קולה,ספרייט 1.5 ליטר,ברקודים חדשים,
7290013584359,מבשלות בירה ישראליות,פריגת,תפוזים בק' פט 1.5*6 קרטון-מגזר ערבי,ברקודים חדשים,
7290013584816,מבשלות בירה ישראליות,פריגת,"לימון נענע בק' פט 1.5 12 קרטון-כשל""פ",ברקודים חדשים,
7290013584816,מבשלות בירה ישראליות,פריגת,לימון נענע בק' פט עגול 1.5 12 קרטון,ברקודים חדשים,
7290013585233,החברה המרכזית,קוקה קולה,"סליק ספרייט ZERO 330 מ""ל",ברקודים חדשים,
7290013585233,החברה המרכזית,קוקה קולה,"סליק ספרייט זירו 330 מ""ל מבצע",ברקודים חדשים,
7290013585240,החברה המרכזית,קוקה קולה,ZERO ספרייט 1.5 ליטר,ברקודים חדשים,
7290013585257,החברה המרכזית,קוקה קולה,"ZERO ספרייט 500 מ""ל",ברקודים חדשים,
7290013585264,החברה המרכזית,קוקה קולה,"ספרייט ZERO קלאסי 350 מ""ל",ברקודים חדשים,
7290013585271,החברה המרכזית,קוקה קולה,ZERO ספרייט שישיות 1.5 ליטר,ברקודים חדשים,
7290013585325,החברה המרכזית,קוקה קולה,קולה קולה שישיות - 2 ליטר,ברקודים חדשים,
7290013585325,החברה המרכזית,קוקה קולה,קוקה קולה שישיות-2 ל' שרינק,ברקודים חדשים,
7290013585356,החברה המרכזית,קוקה קולה,FUZE tea פירות יער 1.5 ליטר,ברקודים חדשים,
7290013585363,החברה המרכזית,קוקה קולה,FUZE tea פירות יער 0.5 ליטר,ברקודים חדשים,
7290013585387,החברה המרכזית,קוקה קולה,ZERO תריסר 1 ליטר,ברקודים חדשים,
7290013585394,החברה המרכזית,קוקה קולה,קוקה קולה 1 ליטר תריסר,ברקודים חדשים,
7290013585424,מבשלות בירה ישראליות,פריגת,תמר הינדי בק' פט 1.5*6 קרטון-מגזר ערבי,ברקודים חדשים,
7290013585462,החברה המרכזית,קוקה קולה,קולה ZERO שישיות - 2 ליטר,ברקודים חדשים,
7290013585462,החברה המרכזית,קוקה קולה,קולה ZERO שישיות-2 ל' שרינק,ברקודים חדשים,
7290013585486,מבשלות בירה ישראליות,פריגת,לימון נענע בק' פט 1.5*6 קרטון-מגזר ערבי,ברקודים חדשים,
7290013585493,מבשלות בירה ישראליות,פריגת,אננס פסיפלורה בק' פט עגול 1.5 12 קרטון,ברקודים חדשים,
7290013585509,מבשלות בירה ישראליות,פריגת,אפרסק בק' פט עגול 1.5 12 קרטון,ברקודים חדשים,
7290013585554,החברה המרכזית,קוקה קולה,קינלי סודה שישייה 1.5 ליטר,ברקודים חדשים,
7290013585585,מבשלות בירה ישראליות,פריגת,רימונים בק' פט עגול 1.5 12 קרטון,ברקודים חדשים,
7290013585851,מבשלות בירה ישראליות,פריגת,תפוז מנדרינה בק' פט עגול 1.5 12 קרטון,ברקודים חדשים,
7290013585851,מבשלות בירה ישראליות,פריגת,"תפוז מנדרינה בק' פט 1.5 12 קרטון-כשל""פ",ברקודים חדשים,
7290013585899,מבשלות בירה ישראליות,פריגת,"ויסוצקי לימונית לואיזה בק' 350 24-כשל""פ",ברקודים חדשים,
7290013585899,מבשלות בירה ישראליות,פריגת,ויסוצקי לימונית לואיזה בק' 350 24 מגש,ברקודים חדשים,
7290013585967,החברה המרכזית,קוקה קולה,מארז ספרייט ZERO 6 פח FRIDGE-PACK,ברקודים חדשים,
7290013585967,החברה המרכזית,קוקה קולה,ספרייט ZERO 6 פח FRIDGE-PACK מבצע,ברקודים חדשים,
7290013586117,החברה המרכזית,קוקה קולה,מארז ספרייט 6 פח FRIDGE-PACK,ברקודים חדשים,
7290013586117,החברה המרכזית,קוקה קולה,ספרייט 6 פח FRIDGE Pack מבצע,ברקודים חדשים,
7290013586285,מבשלות בירה ישראליות,פריגת,"ויסוצקי נענע בק' 350 24 מגש-כשל""פ",ברקודים חדשים,
7290013586285,מבשלות בירה ישראליות,פריגת,ויסוצקי נענע בק' 350 24 מגש,ברקודים חדשים,
7290013586407,מבשלות בירה ישראליות,פריגת,אננס פסיפלורה בק' עגול פט 0.5 24 קרטון,ברקודים חדשים,
7290013586551,החברה המרכזית,קוקה קולה,FUZE tea הרבל 1.5 אגס מרווה,ברקודים חדשים,
7290013586568,החברה המרכזית,קוקה קולה,FUZE tea הרבל 0.5 אגס מרווה,ברקודים חדשים,
7290013586575,החברה המרכזית,קוקה קולה,FUZE tea הרבל 1.5 מנגו קמומיל,ברקודים חדשים,
7290013586582,החברה המרכזית,קוקה קולה,FUZE tea הרבל 0.5 מנגו קמומיל,ברקודים חדשים,
7290013586605,מבשלות בירה ישראליות,פריגת,ויסוצקי נענע בק' 1.5 12 קרטון,ברקודים חדשים,
7290013586612,מבשלות בירה ישראליות,פריגת,ויסוצקי לימונית לואיזה בק' 1.5 12 קרטון,ברקודים חדשים,
7290013586629,מבשלות בירה ישראליות,פריגת,מיקס הדרים בק' פט עגול 1.5 12 קרטון,ברקודים חדשים,
7290013586636,מבשלות בירה ישראליות,פריגת,מיקס אשכוליות בק' פט עגול 1.5 12 קרטון,ברקודים חדשים,
7290013586643,מבשלות בירה ישראליות,פריגת,פריגת 1.5 פרדס-מארז שלישייה-סדרה 5,ברקודים חדשים,
7290013586728,מבשלות בירה ישראליות,פריגת,ויסוצקי היביסקוס בק' 1.5 12 קרטון,ברקודים חדשים,
7290013586735,מבשלות בירה ישראליות,פריגת,ויסוצקי ארל גריי בק' 1.5 12 קרטון,ברקודים חדשים,
7290013586742,מבשלות בירה ישראליות,פריגת,לימון נענע בק' פט עגול 0.5 24 קרטון,ברקודים חדשים,
7290013586742,מבשלות בירה ישראליות,פריגת,"לימון נענע בק' עגול 0.5 24 קרטון-כשל""פ",ברקודים חדשים,
7290013586773,מבשלות בירה ישראליות,פריגת,ענבים בק' עגול 0.5 24 קרטון-ללא פיקדון,ברקודים חדשים,
7290013586780,מבשלות בירה ישראליות,פריגת,אשכוליות בק' 0.5 24 קרטון-ללא פיקדון,ברקודים חדשים,
7290013591173,אסם,אסם,מטרנה לילה טוב 12*400גרם,ברקודים חדשים,
7290013591791,אסם,אסם,מטרנה טו גו מהדרין שלב 3 10*135גרם,ברקודים חדשים,
7290013591807,אסם,אסם,מטרנה אקסטרה קר טו גו שלב שלוש 10*135גרם,ברקודים חדשים,
7290013677204,מיה מוצרי מזון,מיה מוצרי מזון,תן צ'אפ כריות בטעם טבעי 50,ברקודים חדשים,
7290013677211,מיה מוצרי מזון,מיה מוצרי מזון,תן צ'אפ כריות בטעם קטשופ 0,ברקודים חדשים,
7290013677228,מיה מוצרי מזון,מיה מוצרי מזון,תן צ'אפ כריות בטעם פלאפל 0,ברקודים חדשים,
7290013677341,מיה מוצרי מזון,מיה מוצרי מזון,ג'לילנד - ג'ליבינס - תות,ברקודים חדשים,מסמן על אריזות
7290013677358,מיה מוצרי מזון,מיה מוצרי מזון,ג'לילנד - ג'ליבינס - קולה,ברקודים חדשים,מסמן על אריזות
7290013677365,מיה מוצרי מזון,מיה מוצרי מזון,ג'לילנד - ג'ליבינס - תפוז,ברקודים חדשים,מסמן על אריזות
7290013677372,מיה מוצרי מזון,מיה מוצרי מזון,ג'לילנד - ג'ליבינס - תפוח,ברקודים חדשים,מסמן על אריזות
7290013677389,מיה מוצרי מזון,מיה מוצרי מזון,ג'לילנד - ג'ליבינס - קרנבל,ברקודים חדשים,מסמן על אריזות
7290013677396,מיה מוצרי מזון,מיה מוצרי מזון,ג'לילנד חמוצמוצים 25 * 60,ברקודים חדשים,מסמן על אריזות
7290013677419,מיה מוצרי מזון,מיה מוצרי מזון,תן צ'אפ טבעות שמנת בצל 50,ברקודים חדשים,
7290013677426,מיה מוצרי מזון,מיה מוצרי מזון,תן צ'אפ גלגלים צ'ילי 50גר,ברקודים חדשים,
7290013677716,מיה מוצרי מזון,מיה מוצרי מזון,קונפיטורה ענבים 340גרם,ברקודים חדשים,מסמן על אריזות
7290013677747,מיה מוצרי מזון,מיה מוצרי מזון,שוקו של מיה 500גרם בשקית,ברקודים חדשים,מסמן על אריזות
7290013678010,פרי גליל,יד המלך-30,כרוב לבן 400גר,ברקודים חדשים,מסמן על רב המוצרים
7290013678034,פרי גליל,יד המלך-30,פלפל מרוקאי 400גר,ברקודים חדשים,מסמן על רב המוצרים
7290013678041,פרי גליל,יד המלך-30,פלפל רצועות 400גר,ברקודים חדשים,מסמן על רב המוצרים
7290013678058,פרי גליל,יד המלך-30,סלסה אדומה 400גר,ברקודים חדשים,מסמן על רב המוצרים
7290013678065,פרי גליל,יד המלך-30,חציל עם פלפל חריף 400גר,ברקודים חדשים,מסמן על רב המוצרים
7290013678171,פרי גליל,יד המלך-30,חציל המלך 400גר,ברקודים חדשים,מסמן על רב המוצרים
7290013678430,פרי גליל,יד המלך-30,חומוס מסעדות- 800גרם,ברקודים חדשים,מסמן על רב המוצרים
7290013678454,פרי גליל,יד המלך-30,חומוס טחינה- 400גרם,ברקודים חדשים,מסמן על רב המוצרים
7290013678461,פרי גליל,יד המלך-30,חומוס מסבחה- 400גרם,ברקודים חדשים,מסמן על רב המוצרים
7290013678478,פרי גליל,יד המלך-30,חומוס מסעדות 400גרם (נמוך),ברקודים חדשים,מסמן על רב המוצרים
7290013678492,פרי גליל,יד המלך-30,חומוס ביתי- 400גרם (נמוך),ברקודים חדשים,מסמן על רב המוצרים
7290013710079,רפאלוס,רפאלוס,חמאת פשתן ושומשום 300 גר',ברקודים חדשים,מסמן בפועל
7290013710215,רפאלוס,רפאלוס,"שמן פשתן בכבישה קרה 250 מ""ל",ברקודים חדשים,מסמן בפועל
7290013710222,רפאלוס,רפאלוס,"שמן קצח בכבישה קרה 250 מ""ל",ברקודים חדשים,מסמן בפועל
7290013710239,רפאלוס,רפאלוס,"שמן שומשום בכבישה קרה 250 מ""ל",ברקודים חדשים,מסמן בפועל
7290013710581,רפאלוס,רפאלוס,חמאת קוקוס בכבישה קרה 300 גר',ברקודים חדשים,מסמן בפועל
7290013710604,רפאלוס,רפאלוס,טחינת גרעיני דלעת 300 גר',ברקודים חדשים,מסמן בפועל
7290013710727,רפאלוס,רפאלוס,טחינת זרעי צ'יה 300 גר',ברקודים חדשים,מסמן בפועל
7290013710734,רפאלוס,רפאלוס,חמאת פשתן 300 גר',ברקודים חדשים,מסמן בפועל
7290013710741,רפאלוס,רפאלוס,טחינת פרג 300 גר',ברקודים חדשים,מסמן בפועל
7290013710758,רפאלוס,רפאלוס,טחינת גרעיני חמניה 300 גר',ברקודים חדשים,מסמן בפועל
7290013710789,רפאלוס,רפאלוס,טחינת ג'עלה 300 גר',ברקודים חדשים,מסמן בפועל
7290013710796,רפאלוס,רפאלוס,"שמן שומשום שחור בכבישה קרה 250 מ""ל",ברקודים חדשים,מסמן בפועל
7290013711502,פרי גליל,פרי הגליל-1,סלט טונה 160פג,ברקודים חדשים,מסמן על רב המוצרים
7290013711861,פרי גליל,טל-14,נקטר תפוחים 1ל טל,ברקודים חדשים,מסמן על רב המוצרים
7290013711885,פרי גליל,טל-14,"משק""ל לימונענע 1ל טל",ברקודים חדשים,מסמן על רב המוצרים
7290013711892,פרי גליל,טל-14,נקטר מנגו 1ל טל,ברקודים חדשים,מסמן על רב המוצרים
7290013711915,פרי גליל,טל-14,קטשופ 500ג טל ת.ויטמין,ברקודים חדשים,מסמן על רב המוצרים
7290013863676,או - שמונה בייבי,או - שמונה בייבי,ערכת מתנה:סבון שמפו שמן תחליב,ברקודים חדשים,
7290013906052,תנובה,תנובה,נקניקיות פרגיות 300 גר',ברקודים חדשים,
7290013906083,תנובה,תנובה,נקניקיות עוף 800 גרם,ברקודים חדשים,
7290013906205,תנובה,תנובה,פסטרמה עם שום וצילי 400 ג,ברקודים חדשים,
7290013906212,תנובה,תנובה,"נקניקיות  וינר 1 ק""ג",ברקודים חדשים,
7290013906229,תנובה,תנובה,נקניק הודו 750 גר',ברקודים חדשים,
7290013906236,תנובה,תנובה,סלמי גלבוע 400 גרם,ברקודים חדשים,
7290013906250,תנובה,תנובה,סלמי  מהדרין בכשרות קהילות 200גר',ברקודים חדשים,
7290013906267,תנובה,תנובה,כפרית מהדרין בכשרות קהילות 200גר',ברקודים חדשים,
7290013906281,תנובה,תנובה,"נקניקיות בכשרות קהילות  1ק""ג",ברקודים חדשים,
7290013906298,תנובה,תנובה,נקניקיות בכשרות קהילות 400 גר',ברקודים חדשים,
7290013906304,תנובה,תנובה,פסטרמה גחלים בכשרות קהילות 400 גר',ברקודים חדשים,
7290013906311,תנובה,תנובה,פסטרמה מעושנת בכשרות קהילות 400גר',ברקודים חדשים,
7290013906335,תנובה,תנובה,מארז צמד 600גרם בכשרות קהילות,ברקודים חדשים,
7290013906441,תנובה,תנובה,קבנוס 120 גר',ברקודים חדשים,
7290013906458,תנובה,תנובה,קבנוס פיקנטי 120 גר',ברקודים חדשים,
7290013906465,תנובה,תנובה,קבנוס 80 גר',ברקודים חדשים,
7290013906489,תנובה,תנובה,חטיפי קבנוס 120 גר',ברקודים חדשים,
7290013906496,תנובה,תנובה,פסטרמה עגל רומנית,ברקודים חדשים,
7290013906519,תנובה,תנובה,פרושוטו בקר,ברקודים חדשים,
7290013906533,תנובה,תנובה,סלמי  תה 100  גרם,ברקודים חדשים,
7290013906540,תנובה,תנובה,כפרית ברביקיו  100גרם,ברקודים חדשים,
7290013906557,תנובה,תנובה,נקניקיות עוף 240 גרם,ברקודים חדשים,
7290013906687,תנובה,תנובה,צמד כפרית ברביקיו דבש 600גר',ברקודים חדשים,
7290013906717,תנובה,תנובה,פסטרמה בסגנון איטלקי 120 גרם,ברקודים חדשים,
7290013906724,תנובה,תנובה,פסטרמה בסגנון מקסיקני 120 גרם,ברקודים חדשים,
7290013906892,תנובה,תנובה,מוס כבד עוף 120 כבד,ברקודים חדשים,
7290013906939,תנובה,תנובה,קורנדביף 120 גרם בכשרות הרב מחפוד,ברקודים חדשים,
7290013906946,תנובה,תנובה,פסטרמה כתף 120 גרם בכשרות הרב מחפוד,ברקודים חדשים,
7290013906953,תנובה,תנובה,פסטרמה עגל רומני 120 גרם בכשרות הרב מחפוד,ברקודים חדשים,
7290013906960,תנובה,תנובה,כתף בקר 400 גרם בכשרות הרב מחפוד,ברקודים חדשים,
7290013906991,תנובה,תנובה,סלמי מהדרין 400גר'-בכשרות הרב מחפוד,ברקודים חדשים,
7290013932174,קליר,קליר,קלין לובן אקונומיקה ג'ל לימון 4 ליטר 1/6,ברקודים חדשים,
7290013994929,סנקי,הרדוף,קוסקוס חצי מלא אורגני,ברקודים חדשים,
7290013994936,סנקי,הרדוף,קוסקוס מלא אורגני,ברקודים חדשים,
7290013994943,סנקי,הרדוף,קוסקוס אורגני,ברקודים חדשים,
7290013997043,אסם,אסם,טבעול שניצל תירס קדמ.שפ.מאח.4 2*750ג.חדש,ברקודים חדשים,
7290013997210,אסם,אסם,טבעול שניצל תירס עדה חרדית 8*750גרם-חדש,ברקודים חדשים,
7290013997357,אסם,אסם,טבעול נקנקיה צמחי עדה חרדית 8*1קג,ברקודים חדשים,
7290013997937,אסם,אסם,טבעול מיני המבורגר פטריות 6*540גרם,ברקודים חדשים,
7290014001008,משק דבורים לין,משק דבורים לין,דבש ירושלים 500 גרם,ברקודים חדשים,
7290014001008,משק דבורים לין,משק דבורים לין,דבש ירושלים 500 גרם,ברקודים חדשים,
7290014001015,משק דבורים לין,משק דבורים לין,דבש ירושלים 1000 גרם,ברקודים חדשים,
7290014001015,משק דבורים לין,משק דבורים לין,דבש ירושלים 1000 גרם,ברקודים חדשים,
7290014001671,משק דבורים לין,משק דבורים לין,טחינה אתיופית עם זרעי צ'יה 330 גרם,ברקודים חדשים,
7290014001671,משק דבורים לין,משק דבורים לין,טחינה אתיופית עם זרעי צ'יה 330 גרם,ברקודים חדשים,
7290014001787,משק דבורים לין,משק דבורים לין,ממרח חרובים עם אגוזי לוז 200 גרם,ברקודים חדשים,
7290014001787,משק דבורים לין,משק דבורים לין,ממרח חרובים עם אגוזי לוז 200 גרם,ברקודים חדשים,
7290014002074,ויסוצקי,ויסוצקי,ויסוצקידס - חליטת פטל C24שמינייה,ברקודים חדשים,
7290014002128,ויסוצקי,ויסוצקי,תה ירוק לימונית מנטה T.Tשמינייה,ברקודים חדשים,
7290014002135,ויסוצקי,ויסוצקי,תה ירוק מיקס - חדש 2017שמינייה,ברקודים חדשים,
7290014002173,ויסוצקי,ויסוצקי,חדש תה ירוק תפוז מנדרין T.T,ברקודים חדשים,
7290014002197,ויסוצקי,ויסוצקי,חליטת קמומיל ולימונית - הגן הקסום T.T C24חדש 2018,ברקודים חדשים,
7290014002203,ויסוצקי,ויסוצקי,חליטת לימונית לואיזה - הגן הקסום,ברקודים חדשים,
7290014002470,ויסוצקי,ויסוצקי,75/1.5 במעטפה,ברקודים חדשים,
7290014002579,ויסוצקי,ויסוצקי,חדש תה ירוק וניל T.Tשמינייה,ברקודים חדשים,
7290014002609,ויסוצקי,ויסוצקי,תה ירוק פטל בר T.Tשמינייה,ברקודים חדשים,
7290014002661,ויסוצקי,ויסוצקי,ארל גריי 20 שקיקים -חדש,ברקודים חדשים,
7290014002944,ויסוצקי,ויסוצקי,"חליטת חמדת השקד - ""הגן הקסום""",ברקודים חדשים,
7290014002982,ויסוצקי,ויסוצקי,תה ירוק לימונית סטיביה T.Tשמינייה,ברקודים חדשים,
7290014050273,אסם,אסם,ג'ויה שלגון וניל עוגיות בראוניז 27*90גרם,ברקודים חדשים,
7290014050310,אסם,אסם,ג'ויה שלגון שוקו אגוז 27*93גרם,ברקודים חדשים,
7290014050334,אסם,אסם,ג'ויה שלגון וניל ריבת חלב ושקדים 27*91ג,ברקודים חדשים,
7290014134744,ביסקול,מפיץ נאופרם,BISCOL קליאו תחליב רחצה פנינה סגול,ברקודים חדשים,
7290014134751,ביסקול,מפיץ נאופרם,BISCOL  קליאו תחליב רחצה פנינה ירוק,ברקודים חדשים,
7290014134768,ביסקול,מפיץ נאופרם,BISCOL  קליאו תחליב רחצה פנינה חום,ברקודים חדשים,
7290014187320,פרי גליל,ויטה-2,ר.נפוליטנה 350ויטה,ברקודים חדשים,מסמן על רב המוצרים
7290014187337,פרי גליל,ויטה-2,ר.איטלקי 350ויטה,ברקודים חדשים,מסמן על רב המוצרים
7290014187344,פרי גליל,ויטה-2,ר. פיקנטי 350ויטה,ברקודים חדשים,מסמן על רב המוצרים
7290014187351,פרי גליל,ויטה-2,ר. ע.תיבול 350ויטה,ברקודים חדשים,מסמן על רב המוצרים
7290014187368,פרי גליל,ויטה-2,ר.לשקשוקה 350ויטה,ברקודים חדשים,מסמן על רב המוצרים
7290014187375,פרי גליל,פרי הגליל-1,לקט כתום 800פג,ברקודים חדשים,מסמן על רב המוצרים
7290014187399,פרי גליל,פרי הגליל-1,ריבת תות 680פג,ברקודים חדשים,מסמן על רב המוצרים
7290014187399,פרי גליל,פרי הגליל-1,ריבת תות 680פג כשלפ,ברקודים חדשים,מסמן על רב המוצרים
7290014187429,פרי גליל,פרי הגליל-1,ריבת דובדבן 680פג,ברקודים חדשים,מסמן על רב המוצרים
7290014187436,פרי גליל,פרי הגליל-1,ריבת תפוז 680פג,ברקודים חדשים,מסמן על רב המוצרים
7290014187764,פרי גליל,ויטה-2,עגב. כתושות א- 1(ITALY),ברקודים חדשים,מסמן על רב המוצרים
7290014187771,פרי גליל,ויטה-2,עגב. מרוסקות א- 1(ITALY),ברקודים חדשים,מסמן על רב המוצרים
7290014187788,פרי גליל,ויטה-2,עגב. מקולפות א- 1(ITALY),ברקודים חדשים,מסמן על רב המוצרים
7290014187795,פרי גליל,פרי הגליל-1,פלחי תפוא 800פג,ברקודים חדשים,מסמן על רב המוצרים
7290014187825,פרי גליל,ויטה-2,עגב. קוביות א- 1(ITALY),ברקודים חדשים,מסמן על רב המוצרים
7290014187849,פרי גליל,פרי הגליל-1,ממרח בטעם כבד קלאסי 95גרם,ברקודים חדשים,מסמן על רב המוצרים
7290014187856,פרי גליל,פרי הגליל-1,ממרח טונה 160גר פג,ברקודים חדשים,מסמן על רב המוצרים
7290014187863,פרי גליל,טל-14,נקטר חמוציות 1ליטר טל,ברקודים חדשים,מסמן על רב המוצרים
7290014187917,פרי גליל,פרי הגליל-1,זית סורי מבוקע א-2,ברקודים חדשים,מסמן על רב המוצרים
7290014187924,פרי גליל,פרי הגליל-1,מיקס זיתים א- 2פג,ברקודים חדשים,מסמן על רב המוצרים
7290014187931,פרי גליל,טל-14,"משק""ל תפוזים 1.5ל",ברקודים חדשים,מסמן על רב המוצרים
7290014187955,פרי גליל,טל-14,"משק""ל אשכוליות לבן 1.5ל",ברקודים חדשים,מסמן על רב המוצרים
7290014187962,פרי גליל,טל-14,"משק""ל ענבים 1.5ל",ברקודים חדשים,מסמן על רב המוצרים
7290014187979,פרי גליל,טל-14,"משק""ל מנגו 1.5ל",ברקודים חדשים,מסמן על רב המוצרים
7290014256620,יקבי כרמל,יקבי כרמל,קריניאנו Buzz,ברקודים חדשים,
7290014256637,יקבי כרמל,יקבי כרמל,מוסקטו Buzz,ברקודים חדשים,
7290014256897,יקבי כרמל,יקבי כרמל,קריניאנו Buzz,ברקודים חדשים,
7290014256903,יקבי כרמל,יקבי כרמל,מוסקטו,ברקודים חדשים,
7290014256910,יקבי כרמל,יקבי כרמל,מוסקטו Buzz,ברקודים חדשים,
7290014256934,יקבי כרמל,יקבי כרמל,כרמל הוק,ברקודים חדשים,
7290014256958,יקבי כרמל,יקבי כרמל,וינו יין אדום יבש,ברקודים חדשים,
7290014256965,יקבי כרמל,יקבי כרמל,כרמל אדום עתיק,ברקודים חדשים,
7290014256972,יקבי כרמל,יקבי כרמל,תירוש לבן 1 ל',ברקודים חדשים,
7290014256989,יקבי כרמל,יקבי כרמל,תירוש אדום 1 ל,ברקודים חדשים,
7290014256996,יקבי כרמל,יקבי כרמל,וינו יין לבן יבש,ברקודים חדשים,
7290014258389,אסם,אסם,מטרנה מהדרין ספיישל 12*400גרם,ברקודים חדשים,
7290014258532,אסם,אסם,מטרנה דייסת דגנים 12*375גרם,ברקודים חדשים,
7290014258549,אסם,אסם,מטרנה דייסת וניל 12*375גרם,ברקודים חדשים,
7290014258716,אסם,אסם,מטרנה צמחי 12*700גרם,ברקודים חדשים,
7290014258723,אסם,אסם,מטרנה צמחי מגיל 0-12 חודשים 12*700גרם,ברקודים חדשים,
7290014258730,אסם,אסם,מטרנה צמחי מגיל שנה ואילך 12*700גרם,ברקודים חדשים,
7290014258877,אסם,אסם,מטרנה מהדרין ספיישל 12*700גרם,ברקודים חדשים,
7290014258914,אסם,אסם,מטרנה אקסטרה קר קומפורט 12*700גרם,ברקודים חדשים,
7290014258921,אסם,אסם,מטרנה אקסטרה קר 12*400גרם AR,ברקודים חדשים,
7290014258945,אסם,אסם,מטרנה אקסטרה קר קומפורט חדש 12*400גרם,ברקודים חדשים,
7290014314559,המברשת רוחמה,המברשת רוחמה,"מגב פלסטיק אלכס חד להב 50 ס""מ",ברקודים חדשים,
7290014314566,המברשת רוחמה,המברשת רוחמה,"מגב פלסטיק אלכס חד להב 60 ס""מ",ברקודים חדשים,
7290014314801,המברשת רוחמה,המברשת רוחמה,"מטאטא כביש עץ 30 ס""מ+מקל 1.5 מטר",ברקודים חדשים,
7290014314825,המברשת רוחמה,המברשת רוחמה,מטאטא צפע גוף פלסטיק,ברקודים חדשים,
7290014325036,מיה מוצרי מזון,מיה מוצרי מזון,סוכריות ג'לי עטופות שמחות,ברקודים חדשים,מסמן על אריזות
7290014325043,מיה מוצרי מזון,מיה מוצרי מזון,פודינג וניל 1ק'ג,ברקודים חדשים,מסמן על אריזות
7290014325067,מיה מוצרי מזון,מיה מוצרי מזון,מארז תן צ'אפ כריות טבעי חד,ברקודים חדשים,
7290014325074,מיה מוצרי מזון,מיה מוצרי מזון,מארז תן צ'אפ כריות קטשופ ח,ברקודים חדשים,
7290014325081,מיה מוצרי מזון,מיה מוצרי מזון,מארז תן צ'אפ כריות פלאפל ח,ברקודים חדשים,
7290014325111,מיה מוצרי מזון,מיה מוצרי מזון,מיה - לקקנים קולה לימון 20,ברקודים חדשים,מסמן על אריזות
7290014325128,מיה מוצרי מזון,מיה מוצרי מזון,מיה - לקקנים טרופיים 220ג,ברקודים חדשים,מסמן על אריזות
7290014325135,מיה מוצרי מזון,מיה מוצרי מזון,קונפיטורה אוכמניות 340גרם,ברקודים חדשים,מסמן על אריזות
7290014325142,מיה מוצרי מזון,מיה מוצרי מזון,צ'יפס 40גרם בודד,ברקודים חדשים,
7290014325159,מיה מוצרי מזון,מיה מוצרי מזון,מארז צ'יפס 40גרם רביעיות,ברקודים חדשים,
7290014325203,מיה מוצרי מזון,מיה מוצרי מזון,מארז צ'יפס 20גרם עשיריות,ברקודים חדשים,
7290014325265,מיה מוצרי מזון,מיה מוצרי מזון,מארז תן צאפ שמנת בצל 15גר,ברקודים חדשים,
7290014325272,מיה מוצרי מזון,מיה מוצרי מזון,מארז תן צ'אפ צ'ילי חדש,ברקודים חדשים,
7290014426061,כצט,כצט,משחת שיניים הלו קיטי,ברקודים חדשים,
7290014426597,כצט,כצט,משחת שיניים הלו קיטי ג'וניור,ברקודים חדשים,
7290014435346,סלטי שמיר,סלטי שמיר,חציל מרוקאי 250גרם,ברקודים חדשים,
7290014435360,סלטי שמיר,סלטי שמיר,"חומוס עם רוטב חריף 400גר""",ברקודים חדשים,
7290014435377,סלטי שמיר,סלטי שמיר,"חומוס עם רוטב מסבחה 400גר""",ברקודים חדשים,
7290014435384,סלטי שמיר,סלטי שמיר,"חומוס עם טחינה מיוחדת 400גר""",ברקודים חדשים,
7290014435391,סלטי שמיר,סלטי שמיר,"חומוס אורגינל עם גרגירים 400גר""",ברקודים חדשים,
7290014435704,סלטי שמיר,סלטי שמיר,סלמון מעושן 100גרם 7ימים,ברקודים חדשים,
7290014435773,סלטי שמיר,סלטי שמיר,"זוג מטיאס אמיתי יח 7 ""ימים",ברקודים חדשים,
7290014435803,סלטי שמיר,סלטי שמיר,"מטיאס הולנדי (פרובנציאל) עם בצל בשמן 180גר 7 ""ימים",ברקודים חדשים,
7290014435810,סלטי שמיר,סלטי שמיר,"הרינג כבוש עם בצל במרינת חמוץ מתוק 180גר 7 ""ימים",ברקודים חדשים,
7290014435827,סלטי שמיר,סלטי שמיר,"פילה מקרל מעושן בשמן (ויטהול) 180גר 7 ""ימים",ברקודים חדשים,
7290014435834,סלטי שמיר,סלטי שמיר,"מקרל מעושן פרוס בשמן 180גר 7 ""ימים",ברקודים חדשים,
7290014435841,סלטי שמיר,סלטי שמיר,"פילה מטיאס הולנדי בשמן 180גר 7 ""ימים",ברקודים חדשים,
7290014435865,סלטי שמיר,סלטי שמיר,"רולמופס רולדת הרינג כבוש 180גר 7 ""ימים",ברקודים חדשים,
7290014435872,סלטי שמיר,סלטי שמיר,"סלט הרינג עם מיונז 180גר 7 ""ימים",ברקודים חדשים,
7290014435889,סלטי שמיר,סלטי שמיר,"סלט מטיאס עם מיונז 180גר 7 ""ימים",ברקודים חדשים,
7290014435896,סלטי שמיר,סלטי שמיר,"סלט סלמון עם מיונז 180גר 7 ""ימים",ברקודים חדשים,
7290014458451,פרי גליל,ויטה-2,ר.פיצה 350ויטה,ברקודים חדשים,מסמן על רב המוצרים
7290014458604,פרי גליל,פרי הגליל-1,מיני צי'פס 400פג,ברקודים חדשים,מסמן על רב המוצרים
7290014458628,פרי גליל,טל-14,"משק""ל תפוזים 1ל",ברקודים חדשים,מסמן על רב המוצרים
7290014459007,תפוגן,תפוגן,"צ'יפס קוביות תפו""א 700 גרם",ברקודים חדשים,
7290014459137,תפוגן,תפוגן,"סטייק צ'יפס 1.5 ק""ג",ברקודים חדשים,
7290014459205,תפוגן,תפוגן,"טוגן סטייק צ'יפס 1.8 ק""ג",ברקודים חדשים,
7290014459267,תפוגן,תפוגן,"צ'יפס פרוסות סלייס 1.5ק""ג",ברקודים חדשים,
7290014459366,תפוגן,תפוגן,נאגטס תירס 600 ללא גרם,ברקודים חדשים,
7290014459373,תפוגן,תפוגן,"צ'יפס קראנצ'י לתנור 1.5 ק""ג",ברקודים חדשים,
7290014459472,תפוגן,תפוגן,"צ'יפס קלאסי 2 ק""ג",ברקודים חדשים,
7290014603028,יוניליוור,סולרו,"סולרו תות 106 מ""ל",ברקודים חדשים,
7290014603073,יוניליוור,מגנום,"מגנום מאגדת מיני דואט 420 מ""ל",ברקודים חדשים,
7290014603073,יוניליוור,מגנום,"מגנום מאגדת מיני דואט 420 מ""ל",ברקודים חדשים,
7290014603110,יוניליוור,קארט ד 'אור,"COD שוקולד פאדג' 520 מ""ל",ברקודים חדשים,
7290014603400,יוניליוור,שטראוס,"שלגון מיני וניל פרווה 62 מ""ל",ברקודים חדשים,
7290014603547,יוניליוור,קרמיסימו,קרמיסימו סנדיי שוקולד 1.33 ליטר,ברקודים חדשים,
7290014603554,יוניליוור,קרמיסימו,קרמיסימו סנדיי תות 1.33 ליטר,ברקודים חדשים,
7290014603554,יוניליוור,קרמיסימו,קרמיסימו סנדיי תות 1.33 ליטר,ברקודים חדשים,
7290014603721,יוניליוור,קורנטו,"קורנטו ריבת חלב מגזר 130 מ""ל",ברקודים חדשים,
7290014603738,יוניליוור,קורנטו,"קורנטו וניל מגזר 130 מ""ל",ברקודים חדשים,
7290014603776,יוניליוור,שטראוס,שטראוס קרמבו וניל 2 ל,ברקודים חדשים,
7290014603783,יוניליוור,שטראוס,שטראוס קרמבו מוקה 2 ל,ברקודים חדשים,
7290014603790,יוניליוור,שטראוס,שטראוס קרמבו וניל 3.2 ל,ברקודים חדשים,
7290014603813,יוניליוור,קרמיסימו,קרמיסימו פקאן 1.33 ל',ברקודים חדשים,
7290014603813,יוניליוור,קרמיסימו,קרמיסימו פקאן 1.33 ל',ברקודים חדשים,
7290014603851,יוניליוור,קארט ד 'אור,"COD עוגת גבינה 520 מ""ל",ברקודים חדשים,
7290014603899,יוניליוור,מגנום,מיני מגנום וניל 60מל,ברקודים חדשים,
7290014603905,יוניליוור,מגנום,מיני מגנום שוקולד 60מל,ברקודים חדשים,
7290014603912,יוניליוור,מגנום,מיכל שוקולד חלבי (שוקולד מגנום) 5ל,ברקודים חדשים,
7290014603929,יוניליוור,מגנום,מיכל שוקולד לבן (שוקולד מגנום) 5ל,ברקודים חדשים,
7290014603936,יוניליוור,מגנום,מיכל שוקולד מריר (שוקולד מגנום) 5ל,ברקודים חדשים,
7290014603974,יוניליוור,קארט ד 'אור,"COD אלפחורס 520 מ""ל",ברקודים חדשים,
7290014603998,יוניליוור,קארט ד 'אור,"COD  בראוניז 520 מ""ל",ברקודים חדשים,
7290014673014,א.ל יצור תבלינים - תבליני מימון,תבלינים 100 גרם,פלפל אנגלי שלם 90 גרם,ברקודים חדשים,
7290014673021,א.ל יצור תבלינים - תבליני מימון,תבלינים 100 גרם,פלפל שחור שלם 100 גרם,ברקודים חדשים,
7290014673281,א.ל יצור תבלינים - תבליני מימון,"תבלינים 1 ק""ג","פלפל לבן שלם 1 ק""ג - שקית",ברקודים חדשים,
7290014673359,א.ל יצור תבלינים - תבליני מימון,צנצנות 250 גרם,מלח לימון 400 גרם,ברקודים חדשים,
7290014673366,א.ל יצור תבלינים - תבליני מימון,צנצנות 250 גרם,כורכום טחון 250 גרם,ברקודים חדשים,
7290014673373,א.ל יצור תבלינים - תבליני מימון,צנצנות 250 גרם,פפריקה הונגרית חריפה 250 גרם,ברקודים חדשים,
7290014673380,א.ל יצור תבלינים - תבליני מימון,צנצנות 250 גרם,כמון טחון 250 גרם,ברקודים חדשים,
7290014673397,א.ל יצור תבלינים - תבליני מימון,צנצנות 250 גרם,תיבול לגריל עוף 250 גרם,ברקודים חדשים,
7290014673403,א.ל יצור תבלינים - תבליני מימון,צנצנות 250 גרם,פלפל שחור טחון 250 גרם,ברקודים חדשים,
7290014673410,א.ל יצור תבלינים - תבליני מימון,צנצנות 250 גרם,פלפל שחור גרוס דק 250 גרם,ברקודים חדשים,
7290014673434,א.ל יצור תבלינים - תבליני מימון,תבלינים שקיות 80 גרם,פלפל שחור גרוס דק שקית 80 גרם,ברקודים חדשים,
7290014673618,א.ל יצור תבלינים - תבליני מימון,תבלינים 100 גרם,זנגביל 30 גרם חדש,ברקודים חדשים,
7290014673960,א.ל יצור תבלינים - תבליני מימון,"תבלינים 1 ק""ג","תבלין על האש 1 ק""ג צנצנת ",ברקודים חדשים,
7290014725348,ביסקול,מפיץ שטראוס,סוכרזית קלאסי 100 שקיות,ברקודים חדשים,מסמן בפועל
7290014725867,ביסקול,מפיץ נאופרם,"BISCOL אזורה תחליב רחצה קלאסיק 750 מ""ל",ברקודים חדשים,
7290014725874,ביסקול,מפיץ נאופרם,"BISCOL אזורה תחליב רחצה פרש 750 מ""ל",ברקודים חדשים,
7290014725881,ביסקול,מפיץ נאופרם,"BISCOL אזורה תחליב רחצה אלגנט 750 מ""ל",ברקודים חדשים,
7290014725924,ביסקול,מפיץ שטראוס,סוכרזית סוכרלוז  100 שקיות (גרפיקה מנוקדת),ברקודים חדשים,מסמן בפועל
7290014745360,עוף טוב,עוף טוב,שניצל ביתי רובין,ברקודים חדשים,
7290014745391,עוף טוב,עוף טוב,חטיפי שניצל רובין,ברקודים חדשים,
7290014745414,עוף טוב,עוף טוב,שניצל דק ענק רובין,ברקודים חדשים,
7290014745537,עוף טוב,עוף טוב,נאגטס עוף ללא אנטיביוטיקה ומ-100% רכיבים טבעיים,ברקודים חדשים,
7290014745551,עוף טוב,עוף טוב,שניצל עוף מספרים ללא אנטיביוטיקה ומ-100% רכיבים טבעיים,ברקודים חדשים,
7290014745599,עוף טוב,עוף טוב,שניצל עוף ביתי בציפוי צ'יפס ללא אנטיביוטיקה ומ-100% רכיבים טבעיים,ברקודים חדשים,
7290014745636,עוף טוב,עוף טוב,קציצות קלאסיות רובין מ-100% רכיבים טבעיים,ברקודים חדשים,
7290014745650,עוף טוב,עוף טוב,חטיפי קבנוס 130,ברקודים חדשים,
7290014745698,עוף טוב,עוף טוב,נקניקיות איכותיות חזה עוף ללא אנטיביוטיקה,ברקודים חדשים,
7290014745711,עוף טוב,עוף טוב,נקניקיות בקר אקסטרא ג'וסי,ברקודים חדשים,
7290014745735,עוף טוב,עוף טוב,נקניקיות רובין 10X2 ספר,ברקודים חדשים,
7290014745742,עוף טוב,עוף טוב,נקניקיות אריזת 6X6 ספר,ברקודים חדשים,
7290014745919,עוף טוב,עוף טוב,שניצל עוף דק קריספי ללא אנטיביוטיקה ומ-100% רכיבים טבעיים,ברקודים חדשים,
7290014746404,עוף טוב,עוף טוב,אצבעות שניצל עוף בציפוי שומשום 400 גרם מ-100% רכיבים טבעיים,ברקודים חדשים,
7290014746466,עוף טוב,עוף טוב,שניצל דק ענק 30% מופחת מלח מ-100% רכיבים טבעיים,ברקודים חדשים,
7290014746480,עוף טוב,עוף טוב,אצבעות שניצל שומשום 30% מופחת מלח מ-100% רכיבים טבעיים,ברקודים חדשים,
7290014746541,עוף טוב,עוף טוב,מיני שניצל רובין,ברקודים חדשים,
7290014746565,עוף טוב,עוף טוב,שניצל ביתי מעודן 30% מופחת מלח מ-100% רכיבים טבעיים,ברקודים חדשים,
7290014747043,עוף טוב,עוף טוב,פסטרמה חזה עוף מעושן מעוף שגדל ללא אנטיביוטיקה,ברקודים חדשים,
7290014747319,עוף טוב,עוף טוב,שניצל עוף LOVE  ללא אנטיביוטיקה ומ-100% רכיבים טבעיים,ברקודים חדשים,
7290014747333,עוף טוב,עוף טוב,"שניצל דק ענק כל""פ 650 גרם ללא אנטיביוטיקה",ברקודים חדשים,
7290014747715,עוף טוב,עוף טוב,"אצבעות שניצל עוף בציפוי שומשום ייעודי 1 ק""ג",ברקודים חדשים,
7290014747753,עוף טוב,עוף טוב,פסטרמה כמו ברומניה עם נגיעת שום,ברקודים חדשים,
7290014747777,עוף טוב,עוף טוב,פסטרמה מפולניה עסיסית במיוחד,ברקודים חדשים,
7290014747791,עוף טוב,עוף טוב,פסטרמה אמריקה סטייל עם נגיעת דבש,ברקודים חדשים,
7290014747814,עוף טוב,עוף טוב,סלמי פפרוני בטעם פיקנטי מעודן,ברקודים חדשים,
7290014747999,עוף טוב,עוף טוב,פסטרמה ברביקיו מעודנת במיוחד,ברקודים חדשים,
7290014748026,עוף טוב,עוף טוב,נקניקיות עוף 200 גרם,ברקודים חדשים,
7290014748040,עוף טוב,עוף טוב,חטיפי שניצל בציפוי מעודן 150 גרם,ברקודים חדשים,
7290014748064,עוף טוב,עוף טוב,מקלוני קבנוס 80 גרם,ברקודים חדשים,
7290014748088,עוף טוב,עוף טוב,שניצלונים בציפוי מעודן 150 גרם,ברקודים חדשים,
7290014748101,עוף טוב,עוף טוב,סלמי איטליאנו עם גרגירי חרדל,ברקודים חדשים,
7290014748132,עוף טוב,עוף טוב,קורנביף ניורקי בציפוי פיקנטי,ברקודים חדשים,
7290014748149,עוף טוב,עוף טוב,כתף בקר עסיסי בתיבול ארומטי,ברקודים חדשים,
7290014748330,עוף טוב,עוף טוב,כתף בקר עסיסי בתיבול ארומטי,ברקודים חדשים,
7290014748361,עוף טוב,עוף טוב,פסטרמה בדבש מעודנת במיוחד,ברקודים חדשים,
7290014748385,עוף טוב,עוף טוב,פסטרמה מקסיקנה בנגיעת צ'ילי,ברקודים חדשים,
7290014748408,עוף טוב,עוף טוב,עוף טוב שניצל מטוסים המטס של עוף טוב מהדורה 70 שנה,ברקודים חדשים,
7290014748422,עוף טוב,עוף טוב,עוף טוב נאגטס בתיבול פלאפל מהדורה  70 שנה,ברקודים חדשים,
7290014748446,עוף טוב,עוף טוב,עוף טוב נקנקיות עגל מהדורה 70 שנה,ברקודים חדשים,
7290014748460,עוף טוב,עוף טוב,עוף טוב פסטרמה בתיבול שווארמה מהדורה 70 שנה,ברקודים חדשים,
7290014748576,עוף טוב,עוף טוב,"שניצל שומשום 1.5 ק""ג ייעודי",ברקודים חדשים,
7290014758100,תנובה,תנובה,מאגדת יוגורט ביו 3% תנובה 8*150גרם,ברקודים חדשים,
7290014758117,תנובה,תנובה,מאגדת יוגורט ביו  1.5% תנובה 8*150 גרם,ברקודים חדשים,
7290014758148,תנובה,תנובה,גלבוע פרוס סמי מעדניה 400 גרם 22%,ברקודים חדשים,
7290014758162,תנובה,תנובה,חלב עיזים קרטון 1 ליטר,ברקודים חדשים,
7290014758179,תנובה,תנובה,שוקו תנובה 1.5 ליטר קרטון,ברקודים חדשים,
7290014758544,תנובה,תנובה,חמאה משמנת מפוסטרת 200גרם כ.בדצ,ברקודים חדשים,
7290014758681,תנובה,תנובה,קוטג תנובה 1% גביע 250 גרם,ברקודים חדשים,
7290014759237,תנובה,תנובה,יוגורט תנובה 6.5% כד 3 ליטר,ברקודים חדשים,
7290014759534,תנובה,תנובה,בולגרית למריחה פיראוס טבעי 5% 200 גרם,ברקודים חדשים,
7290014759541,תנובה,תנובה,בולגרית למריחה 5% פלפל קלוי ושום 200ג,ברקודים חדשים,
7290014759909,תנובה,תנובה,פטה עיזים 5% פיראוס גביע 250 גרם,ברקודים חדשים,
7290014759978,תנובה,תנובה,קצקבל גלעד 27% פלח 200 גרם,ברקודים חדשים,
7290014759985,תנובה,תנובה,פלח פרמזן גבע 23% 200 גרם,ברקודים חדשים,
7290014759992,תנובה,תנובה,פלח רוקפור גליל 27% 140 גרם,ברקודים חדשים,
7290014760448,תנובה,תנובה,גלבוע 22%  400 גרם,ברקודים חדשים,
7290014760516,תנובה,תנובה,צפתית מסורתית 5% סמי מעדניה 240 גרם,ברקודים חדשים,
7290014760912,תנובה,תנובה,גוש חלב 28% 400 גרם מהדרין,ברקודים חדשים,
7290014761018,תנובה,תנובה,גיל בטעם וניל 125 גרם,ברקודים חדשים,
7290014761254,תנובה,תנובה,מאגדת יוגורט תנובה 3% ביו  8*150גר בדצ,ברקודים חדשים,
7290014761698,תנובה,תנובה,עמק סמי מעדנייה 600 גרם בדצ,ברקודים חדשים,
7290014761803,תנובה,תנובה,רוויון 400 מל 1.5%,ברקודים חדשים,
7290014761889,תנובה,תנובה,שמנת מתוקה עמידה להקצפה 38% בדצ השף הלבן,ברקודים חדשים,
7290014762909,תנובה,תנובה,מוצרלה פתיתים 20% שומן 200 גרם,ברקודים חדשים,
7290014762947,תנובה,תנובה,לאבנה גלילית 11%שומן 750 גרם,ברקודים חדשים,
7290014763098,תנובה,תנובה,"קרם גבינת שמנת 5% עם פלפל, שום ובצל",ברקודים חדשים,
7290014763142,תנובה,תנובה,מילקשייק בטעם פונץ' בננה,ברקודים חדשים,
7290014763319,תנובה,תנובה,קרם גבינת שמנת 5% עירית ובצל,ברקודים חדשים,
7290014763395,תנובה,תנובה,עמק סמי מעדניה  600 גרם מהדרין,ברקודים חדשים,
7290014763418,תנובה,תנובה,יוגרט כד תנובה 4% 1.5 ליטר מהדרין,ברקודים חדשים,
7290014763494,תנובה,תנובה,חלב משק,ברקודים חדשים,
7290014763739,תנובה,תנובה,חלב דל לקטוז 1.5 ליטר,ברקודים חדשים,
7290014763777,תנובה,תנובה,שמנת מתוקה עמידה להקצפה בטעם שוקולד 32%,ברקודים חדשים,
7290014763883,תנובה,תנובה,"גבינה למאפים 9% שומן ""השף הלבן""",ברקודים חדשים,
7290014763890,תנובה,תנובה,חלב לקפה אגוזי לוז 1% שומן,ברקודים חדשים,
7290014855434,DPL,מפיץ נאופרם,בייביסיטר מגבונים 72*4 מבושם,ברקודים חדשים,
7290014855458,DPL,מפיץ נאופרם,בייביסיטר מגבונים 72*4 ללא בישום,ברקודים חדשים,
7290014855472,DPL,מפיץ נאופרם,בייביסיטר פרפורמנס (54) מידה 3,ברקודים חדשים,
7290014855489,DPL,מפיץ נאופרם,בייביסיטר פרפורמנס (48) מידה 4,ברקודים חדשים,
7290014855496,DPL,מפיץ נאופרם,בייביסיטר פרפורמנס (44) מידה 4+,ברקודים חדשים,
7290014855502,DPL,מפיץ נאופרם,בייביסיטר פרפורמנס (40) מידה 5,ברקודים חדשים,
7290014855519,DPL,מפיץ נאופרם,בייביסיטר פרפורמנס (36) מידה 6,ברקודים חדשים,
7290014855526,DPL,מפיץ נאופרם,בייביסיטר פרפורמנס נוחות מידה 3  40 יח,ברקודים חדשים,
7290014855533,DPL,מפיץ נאופרם,בייביסיטר פרפורמנס נוחות מידה 4  38 יח,ברקודים חדשים,
7290014855540,DPL,מפיץ נאופרם,בייביסיטר פרפורמנס נוחות מידה 4+  36 יח,ברקודים חדשים,
7290014855557,DPL,מפיץ נאופרם,בייביסיטר פרפורמנס נוחות מידה 5  34 יח,ברקודים חדשים,
7290014855847,DPL,מפיץ נאופרם,מ.בייביסיטר 64*3 מבושם מהדורת אביב 8 של' בקר,ברקודים חדשים,
7290014875074,אסם,אסם,טבעול שווארמה מן הצומח 12*400גרם,ברקודים חדשים,
7290014875289,אסם,אסם,טבעול שניצל תרד 99 קלוריות 6*630גרם,ברקודים חדשים,
7290014962521,כצט,כצט,משחת שיניים טפטפים 2-6,ברקודים חדשים,
7290014962538,כצט,כצט,משחת שיניים טפטפים ג'וניור,ברקודים חדשים,
7290015005548,פרי גליל,פרי הגליל-1,צ'יפס זיג זג 2קג פג,ברקודים חדשים,מסמן על רב המוצרים
7290015005555,פרי גליל,פרי הגליל-1,צ'יפס אמריקאי 2קג פג,ברקודים חדשים,מסמן על רב המוצרים
7290015005760,פרי גליל,פרי הגליל-1,מארז טונה 140X4במים פג כשלפ,ברקודים חדשים,מסמן על רב המוצרים
7290015005760,פרי גליל,פרי הגליל-1,מארז טונה 140X4במים פג,ברקודים חדשים,מסמן על רב המוצרים
7290015005777,פרי גליל,פרי הגליל-1,מארז טונה 140X4בשמן פג כשלפ,ברקודים חדשים,מסמן על רב המוצרים
7290015005777,פרי גליל,פרי הגליל-1,מארז טונה 140X4בשמן פג,ברקודים חדשים,מסמן על רב המוצרים
7290015005784,פרי גליל,פרי הגליל-1,מארז טונה 140X4בשמן קנולה פג כשלפ,ברקודים חדשים,מסמן על רב המוצרים
7290015005784,פרי גליל,פרי הגליל-1,מארז טונה 140X4בשמן קנולה פג,ברקודים חדשים,מסמן על רב המוצרים
7290015139052,"כרמית תעשיות ממתקים בע""מ","כרמית תעשיות ממתקים בע""מ","מרשמלו טוויסטר 500 ג', 9 בקרטון",ברקודים חדשים,מסמן על אריזות
7290015139229,"כרמית תעשיות ממתקים בע""מ","כרמית תעשיות ממתקים בע""מ",מטבעות חלב 42 גר' זהב וסגול ברשת ,ברקודים חדשים,מסמן על אריזות
7290015139250,"כרמית תעשיות ממתקים בע""מ","כרמית תעשיות ממתקים בע""מ","שוקולד מריר לל""ס פצפוצי אורז 85ג12X בדיס'2Xבקר'",ברקודים חדשים,
7290015139267,"כרמית תעשיות ממתקים בע""מ","כרמית תעשיות ממתקים בע""מ","שוקולד מריר לל""ס שקדים 85ג12X בדיס'2Xבקר'",ברקודים חדשים,
7290015139465,"כרמית תעשיות ממתקים בע""מ","כרמית תעשיות ממתקים בע""מ","מיקסים בייגלה מצופה שוקולד חלב 55 גר , 16 בקרטון",ברקודים חדשים,מסמן על אריזות
7290015139519,"כרמית תעשיות ממתקים בע""מ","כרמית תעשיות ממתקים בע""מ",אגו מיקס קוביות וופל 55גר*16 בקר',ברקודים חדשים,מסמן על אריזות
7290015139526,"כרמית תעשיות ממתקים בע""מ","כרמית תעשיות ממתקים בע""מ",חופשי ופל בציפוי ומילוי שוקו 125גר',ברקודים חדשים,מסמן על אריזות
7290015139533,"כרמית תעשיות ממתקים בע""מ","כרמית תעשיות ממתקים בע""מ",חופשי ופל לימון ללא ציפוי  200 גר',ברקודים חדשים,מסמן על אריזות
7290015139557,"כרמית תעשיות ממתקים בע""מ","כרמית תעשיות ממתקים בע""מ",חופשי ופל שוקו ללא ציפוי 200 גר',ברקודים חדשים,מסמן על אריזות
7290015139571,"כרמית תעשיות ממתקים בע""מ","כרמית תעשיות ממתקים בע""מ",חופשי ופל בארים בציפוי שוקולדחלב 25 גר',ברקודים חדשים,מסמן על אריזות
7290015150033,ויסוצקי,ויסוצקי,תה ירוק ספייסי נענע T.Tשמינייה,ברקודים חדשים,
7290015150095,ויסוצקי,ויסוצקי,ויסוצקידס - חליטת ענבים C24שמינייה,ברקודים חדשים,
7290015150101,ויסוצקי,ויסוצקי,ויסוצקידס - חליטת נענע C24שמינייה,ברקודים חדשים,
7290015150361,ויסוצקי,ויסוצקי,תה ירוק נענע סטיביה T.Tשמינייה,ברקודים חדשים,
7290015150583,ויסוצקי,ויסוצקי,תה ירוק לימון ודבש T.T,ברקודים חדשים,
7290015150590,ויסוצקי,ויסוצקי,תה ירוק ג'ינג'ר חריף אש T.Tשמינייה,ברקודים חדשים,
7290015150729,ויסוצקי,ויסוצקי,תה ירוק סקיני גריני T.Tשמינייה,ברקודים חדשים,
7290015150903,ויסוצקי,ויסוצקי,תה ירוק קינמון ודבש,ברקודים חדשים,
7290015150910,ויסוצקי,ויסוצקי,תה ירוק לימונית יסמין T.Tשמינייה,ברקודים חדשים,
7290015150958,ויסוצקי,ויסוצקי,חליטת נענע ומנטה,ברקודים חדשים,
7290015150965,ויסוצקי,ויסוצקי,תה שחור נענע מסאלה,ברקודים חדשים,
7290015174398,שמן זית אליעד,שמן זית אליעד,ש.זית כתית מעולה פח 1.5 ליטר - עשיר ויחודי,ברקודים חדשים,
7290015186582,פרי גליל,יד המלך-30,גזר בלימון 400גר,ברקודים חדשים,מסמן על רב המוצרים
7290015223867,עיסא ערטול,עיסא ערטול,אסותא קרם לאחר גלוח 100 מל 1/24,ברקודים חדשים,
7290015223874,עיסא ערטול,עיסא ערטול,אסותא גל רלוורה 100 מל 1/24,ברקודים חדשים,
7290015223881,עיסא ערטול,עיסא ערטול,אסותא קרם רגליים 100 מל 1/24,ברקודים חדשים,
7290015223898,עיסא ערטול,עיסא ערטול,אסותא גל אלכוהול 500 מל 1/12,ברקודים חדשים,
7290015282000,סלטי שמיר,סלטי שמיר,איקרה אדומה 200גרם 7ימים,ברקודים חדשים,
7290015282017,סלטי שמיר,סלטי שמיר,"פרוסות טונה מעושנת (עישון קר) 100גר 7 ""ימים",ברקודים חדשים,
7290015282024,סלטי שמיר,סלטי שמיר,איקרה לבנה 200גרם 7ימים,ברקודים חדשים,
7290015282031,סלטי שמיר,סלטי שמיר,חומוס עם חריף 300גרם,ברקודים חדשים,
7290015282048,סלטי שמיר,סלטי שמיר,חומוס מזרחי 300גרם,ברקודים חדשים,
7290015282123,סלטי שמיר,סלטי שמיר,חומוס טחינה 250גרם,ברקודים חדשים,
7290015282130,סלטי שמיר,סלטי שמיר,טחינה ירוקה 250גרם,ברקודים חדשים,
7290015282284,סלטי שמיר,סלטי שמיר,כרוב אדום 300גרם,ברקודים חדשים,
7290015282291,סלטי שמיר,סלטי שמיר,טחינה ביתית 300גרם,ברקודים חדשים,
7290015282307,סלטי שמיר,סלטי שמיר,חציל במיונז 300גרם,ברקודים חדשים,
7290015282314,סלטי שמיר,סלטי שמיר,קולסאו אמריקאי 300גרם,ברקודים חדשים,
7290015282321,סלטי שמיר,סלטי שמיר,סלק 300גרם,ברקודים חדשים,
7290015282338,סלטי שמיר,סלטי שמיר,מטבוחה 300גרם,ברקודים חדשים,
7290015282345,סלטי שמיר,סלטי שמיר,תורכי איסטנבול 300גרם,ברקודים חדשים,
7290015282352,סלטי שמיר,סלטי שמיר,תפוחי אדמה 300גרם,ברקודים חדשים,
7290015282390,סלטי שמיר,סלטי שמיר,תורכי 200גרם גורמה,ברקודים חדשים,
7290015282420,סלטי שמיר,סלטי שמיר,סלט חציל על האש 300גרם,ברקודים חדשים,
7290015282581,סלטי שמיר,סלטי שמיר,חומוס אבו גוש עם חריף 200גרם גורמה,ברקודים חדשים,
7290015282598,סלטי שמיר,סלטי שמיר,חומוס מסעדות 200גרם גורמה,ברקודים חדשים,
7290015282604,סלטי שמיר,סלטי שמיר,טחינה מיוחדת 200גרם גורמה,ברקודים חדשים,
7290015282611,סלטי שמיר,סלטי שמיר,סלט ביצים 200גרם גורמה,ברקודים חדשים,
7290015282628,סלטי שמיר,סלטי שמיר,חציל בטעם כבד 200גרם גורמה,ברקודים חדשים,
7290015282635,סלטי שמיר,סלטי שמיר,חומוס מסבחה 200גרם גורמה,ברקודים חדשים,
7290015282642,סלטי שמיר,סלטי שמיר,"חומוס אבו ג""וש 200גרם גורמה",ברקודים חדשים,
7290015282666,סלטי שמיר,סלטי שמיר,סלט טונה עם ירקות 200גרם גורמה,ברקודים חדשים,
7290015282673,סלטי שמיר,סלטי שמיר,חציל במיונז ביתי 200גרם גורמה,ברקודים חדשים,
7290015282680,סלטי שמיר,סלטי שמיר,קישוא בטעם כבד 200גרם גורמה,ברקודים חדשים,
7290015282697,סלטי שמיר,סלטי שמיר,כרוב אדום 200גרם גורמה,ברקודים חדשים,
7290015282710,סלטי שמיר,סלטי שמיר,קוביות סלק 200גרם גורמה,ברקודים חדשים,
7290015282727,סלטי שמיר,סלטי שמיר,גזר מרוקאי פיקנטי 200גרם גורמה,ברקודים חדשים,
7290015282734,סלטי שמיר,סלטי שמיר,מטבוחה ביתית 200גרם גורמה,ברקודים חדשים,
7290015282741,סלטי שמיר,סלטי שמיר,חציל תאילנדי 200גרם גורמה,ברקודים חדשים,
7290015282758,סלטי שמיר,סלטי שמיר,סלט תירס 200גרם גורמה,ברקודים חדשים,
7290015282765,סלטי שמיר,סלטי שמיר,חציל פרוסות פיקנטי 200גרם גורמה,ברקודים חדשים,
7290015282772,סלטי שמיר,סלטי שמיר,פלפל רצועות קלוי \מטוגן 200גרם גורמה,ברקודים חדשים,
7290015282789,סלטי שמיר,סלטי שמיר,טונה טוניסאית 200גרם גורמה,ברקודים חדשים,
7290015282796,סלטי שמיר,סלטי שמיר,תפוח אדמה 200גרם גורמה,ברקודים חדשים,
7290015282956,סלטי שמיר,סלטי שמיר,חציל בטחינה 300גרם,ברקודים חדשים,
7290015282963,סלטי שמיר,סלטי שמיר,חציל סלוניקי 300גרם,ברקודים חדשים,
7290015282970,סלטי שמיר,סלטי שמיר,חציל רומני 300גרם,ברקודים חדשים,
7290015282994,סלטי שמיר,סלטי שמיר,חמוצים סיני 300גרם,ברקודים חדשים,
7290015284004,"אורגניקזון בע""מ","אורגניקזון בע""מ","שמפו משפחתי - לכל סוגי השיער, ירקות ירוקים ecoLove",ברקודים חדשים,
7290015284011,"אורגניקזון בע""מ","אורגניקזון בע""מ","מרכך משפחתי מתיר קשרים- לכל סוגי השיער, ירקות ירוקים ecoLove",ברקודים חדשים,
7290015284028,"אורגניקזון בע""מ","אורגניקזון בע""מ","סבון גוף משפחתי מגיל חצי שנה, ירקות ירוקים ecoLove",ברקודים חדשים,
7290015284035,"אורגניקזון בע""מ","אורגניקזון בע""מ","סבון ידיים, ירקות ירוקים ecoLove",ברקודים חדשים,
7290015284042,"אורגניקזון בע""מ","אורגניקזון בע""מ","שמפו לשיער רגיל – שמן, ירקות אדומים ecoLove",ברקודים חדשים,
7290015284059,"אורגניקזון בע""מ","אורגניקזון בע""מ","מרכך לשיער רגיל – שמן, ירקות אדומים ecoLove",ברקודים חדשים,
7290015284066,"אורגניקזון בע""מ","אורגניקזון בע""מ",סבון גוף – ירקות אדומיםecoLove,ברקודים חדשים,
7290015284073,"אורגניקזון בע""מ","אורגניקזון בע""מ",סבון ידיים – ירקות אדומים ecoLove,ברקודים חדשים,
7290015284080,"אורגניקזון בע""מ","אורגניקזון בע""מ","שמפו לשיער רגיל- יבש, ירקות כתומים ecoLove",ברקודים חדשים,
7290015284097,"אורגניקזון בע""מ","אורגניקזון בע""מ","מרכך לשיער רגיל – יבש, ירקות כתומים ecoLove",ברקודים חדשים,
7290015284103,"אורגניקזון בע""מ","אורגניקזון בע""מ",סבון גוף – ירקות כתומים ecoLove,ברקודים חדשים,
7290015284110,"אורגניקזון בע""מ","אורגניקזון בע""מ",סבון ידיים – ירקות כתומים ecoLove,ברקודים חדשים,
7290015284127,"אורגניקזון בע""מ","אורגניקזון בע""מ",קרם לחות ועיצוב לשיער רגיל-יבש ירקות כתומים ecoLove,ברקודים חדשים,
7290015284134,"אורגניקזון בע""מ","אורגניקזון בע""מ","מסיכה לשיער רגיל -יבש, ירקות כתומים ecoLove",ברקודים חדשים,
7290015284202,"אורגניקזון בע""מ","אורגניקזון בע""מ",שמפו לשיער- צבוע ויבש מאוד פירות סגולים ecoLove,ברקודים חדשים,
7290015284219,"אורגניקזון בע""מ","אורגניקזון בע""מ",מרכך לשיער- צבוע ויבש מאוד פירות סגולים ecoLove,ברקודים חדשים,
7290015284226,"אורגניקזון בע""מ","אורגניקזון בע""מ",סבון גוף – לעור יבש פירות סגולים ecoLove,ברקודים חדשים,
7290015284233,"אורגניקזון בע""מ","אורגניקזון בע""מ",סבון ידיים לעור יבש מאוד – פירות סגולים ecoLove,ברקודים חדשים,
7290015284240,"אורגניקזון בע""מ","אורגניקזון בע""מ",מסיכה לשיער צבוע ויבש מאוד-פירות סגולים ecoLove,ברקודים חדשים,
7290015284301,"אורגניקזון בע""מ","אורגניקזון בע""מ","סבון שמן זית אורגני, מלפפון ותה ירוק ecoLove",ברקודים חדשים,
7290015284318,"אורגניקזון בע""מ","אורגניקזון בע""מ","סבון שמן זית אורגני, פריחת שקד ecoLove",ברקודים חדשים,
7290015284325,"אורגניקזון בע""מ","אורגניקזון בע""מ","סבון שמן זית אורגני, גרניום לימוני ecoLove",ברקודים חדשים,
7290015284332,"אורגניקזון בע""מ","אורגניקזון בע""מ","סבון שמן זית אורגני,לבנדר וקלנדולה ecoLove",ברקודים חדשים,
7290015284400,"אורגניקזון בע""מ","אורגניקזון בע""מ","קרם ידיים לעור יבש, סדרה סגולה ecoLove",ברקודים חדשים,
7290015284417,"אורגניקזון בע""מ","אורגניקזון בע""מ","קרם גוף לעור יבש, סדרה סגולה ecoLove",ברקודים חדשים,
7290015284660,"אורגניקזון בע""מ","אורגניקזון בע""מ","שמפו לשיער שעבר החלקה, ללא מלחים ecoLove",ברקודים חדשים,
7290015284677,"אורגניקזון בע""מ","אורגניקזון בע""מ","מרכך לשיער שעבר החלקה, ללא מלחים ecoLove",ברקודים חדשים,
7290015284684,"אורגניקזון בע""מ","אורגניקזון בע""מ","מסיכה לשיער שעבר החלקה, ללא מלחים ecoLove",ברקודים חדשים,
7290015325707,עיסא ערטול,עיסא ערטול,מאשא והדוב מגבונים לחים בודד 1/24,ברקודים חדשים,
7290015325714,עיסא ערטול,עיסא ערטול,מיכל הקטנה 72 מגבונים לחים בודד 1/24,ברקודים חדשים,
7290015325738,עיסא ערטול,עיסא ערטול,מיכל הקטנה 72 מגבוני בד לחים 1/6,ברקודים חדשים,
7290015325745,עיסא ערטול,עיסא ערטול,מאשא והדוב מגבונים לחים ריבעיה 1/6,ברקודים חדשים,
7290015325752,עיסא ערטול,עיסא ערטול,אסותא 72 צגבוני בד לחים 1/6,ברקודים חדשים,
7290015325950,עיסא ערטול,עיסא ערטול,מגבונים מאשא והדוב מארז שישיה 1/6,ברקודים חדשים,
7290015347259,מיה מוצרי מזון,מיה מוצרי מזון,פירורי לחם מוזהבים 400גרם,ברקודים חדשים,מסמן על אריזות
7290015347266,מיה מוצרי מזון,מיה מוצרי מזון,פירורי לחם לבנים 200גרם,ברקודים חדשים,מסמן על אריזות
7290015347273,מיה מוצרי מזון,מיה מוצרי מזון,נטיפי שוקולד אמיתי 250גרם,ברקודים חדשים,מסמן על אריזות
7290015347389,מיה מוצרי מזון,מיה מוצרי מזון,ג'לילנד בג'ונגל 400גרם,ברקודים חדשים,מסמן על אריזות
7290015347396,מיה מוצרי מזון,מיה מוצרי מזון,ג'לילנד טבעות פרי 400גרם,ברקודים חדשים,מסמן על אריזות
7290015347402,מיה מוצרי מזון,מיה מוצרי מזון,ג'לילנד פלחים 400גרם,ברקודים חדשים,מסמן על אריזות
7290015347419,מיה מוצרי מזון,מיה מוצרי מזון,ג'לילנד - ג'לי בינס קרנבל,ברקודים חדשים,מסמן על אריזות
7290015347426,מיה מוצרי מזון,מיה מוצרי מזון,סוכריות קולה לימון ללא סוכ,ברקודים חדשים,מסמן על אריזות
7290015347433,מיה מוצרי מזון,מיה מוצרי מזון,סוכריות פינה קולדה ללא סוכ,ברקודים חדשים,מסמן על אריזות
7290015347525,מיה מוצרי מזון,מיה מוצרי מזון,צ'יפס בטטה עם שום ורוזמרין,ברקודים חדשים,מסמן על אריזות
7290015347532,מיה מוצרי מזון,מיה מוצרי מזון,צ'יפס בטטה עם שמן זית ועשב,ברקודים חדשים,מסמן על אריזות
7290015347549,מיה מוצרי מזון,מיה מוצרי מזון,תמרים 1ק'ג,ברקודים חדשים,מסמן על אריזות
7290015347600,מיה מוצרי מזון,מיה מוצרי מזון,צ'יפס בטטה 30גרם,ברקודים חדשים,מסמן על אריזות
7290015347716,מיה מוצרי מזון,מיה מוצרי מזון,מטבעות פרי 250גרם,ברקודים חדשים,מסמן על אריזות
7290015347730,מיה מוצרי מזון,מיה מוצרי מזון,צ'יפס בטטה מיקס 80גרם,ברקודים חדשים,מסמן על אריזות
7290015347761,מיה מוצרי מזון,מיה מוצרי מזון,ג'לילנד כוכבים - 125גרם *,ברקודים חדשים,מסמן על אריזות
7290015347778,מיה מוצרי מזון,מיה מוצרי מזון,ג'לילנד דגים - 125גרם *(,ברקודים חדשים,מסמן על אריזות
7290015347785,מיה מוצרי מזון,מיה מוצרי מזון,ג'לילנד לבבות - 125גרם *,ברקודים חדשים,מסמן על אריזות
7290015347846,מיה מוצרי מזון,מיה מוצרי מזון,סילאן טבעי 720גרם,ברקודים חדשים,מסמן על אריזות
7290015347976,מיה מוצרי מזון,מיה מוצרי מזון,עדשי שוקולד 80גרם,ברקודים חדשים,מסמן על אריזות
7290015347983,מיה מוצרי מזון,מיה מוצרי מזון,עדשי שוקולד 20גרם 60 *בק,ברקודים חדשים,
7290015347990,מיה מוצרי מזון,מיה מוצרי מזון,עדשי שוקולד 20גרם שמיניה,ברקודים חדשים,מסמן על אריזות
7290015348164,טמפו,רזרב,"רזרב קברנה סוביניון 375 מ""ל",ברקודים חדשים,
7290015348300,טמפו,אסמבלאז',"ריחן קברנה סוביניון 750 מ""ל",ברקודים חדשים,
7290015348362,טמפו,ספיישל רזרב,"ספיישל רזרב רוזה 750 מ""ל 2015",ברקודים חדשים,
7290015348379,טמפו,רכסים,"רכסים דישון רוזה 750 מ""ל 2015",ברקודים חדשים,
7290015348386,טמפו,מרום גליל,מרום גליל רוזה 2015,ברקודים חדשים,
7290015348409,טמפו,אלטיטיוד,אלטיטיוד 780+ סוביניון בלאן 2015,ברקודים חדשים,
7290015348423,טמפו,תירוש - מותג פרטי,תירוש פרייבט לייבל מחסני השוק 1 ל',ברקודים חדשים,
7290015348430,טמפו,ספיישל רזרב,"ספיישל רזרב מלבק 750 מ""ל 2014",ברקודים חדשים,
7290015348454,טמפו,תירוש - מותג פרטי,תירוש פרייבט לייבל יוחחנוף 1 ל',ברקודים חדשים,
7290015348683,טמפו,יין מתיישן,קברנה סוביניון לא מסונן מתיישן 750 2007,ברקודים חדשים,
7290015348812,טמפו,יין מתיישן,רכסים דישון קברנה סוביניון מתיישן 2001,ברקודים חדשים,
7290015348942,טמפו,אלטיטיוד,אלטיטיוד 624 + קברנה סוביניון 2012,ברקודים חדשים,
7290015348959,טמפו,אלטיטיוד,אלטיטיוד 585+ קברנה סוביניון 750 2012,ברקודים חדשים,
7290015348966,טמפו,אלטיטיוד,אלטיטיוד 720+ קברנה סוביניון 750 מל 2013,ברקודים חדשים,
7290015349833,טמפו,אלטיטיוד,אלטיטיוד 770+ קברנה פרנק 2012,ברקודים חדשים,
7290015349864,טמפו,UF,קברנה  לא מסונן 2012,ברקודים חדשים,
7290015349925,טמפו,תירוש - מותג פרטי,תירוש פרייבט לייבל ארץ כנען 1 ל'-רמי לוי,ברקודים חדשים,
7290015350006,טמפו,פטיט UF,פטיט UF קברנה סוביניון 2015,ברקודים חדשים,
7290015350020,טמפו,סופרייר,"סופרייר קברנה סוביניון 750 מ""ל 2013",ברקודים חדשים,
7290015350051,טמפו,UF,קברנה סוביניון לא מסונן UF 2013 סגל,ברקודים חדשים,
7290015350082,טמפו,סופרייר,"סופרייר קברנה סוביניון 750 מ""ל 2014",ברקודים חדשים,
7290015350136,טמפו,פרי ראן,"Free Run  קברנה סוביניון 750 מ""ל",ברקודים חדשים,
7290015350143,טמפו,פרי ראן,"Free Run  מרלו 750 מ""ל",ברקודים חדשים,
7290015350402,טמפו,רזרב,"רזרב מוסקט ורוד 750 מ""ל",ברקודים חדשים,
7290015597005,יוניליוור,מגנום,"מגנום קרם ברולה 120 מ""ל",ברקודים חדשים,
7290015597050,יוניליוור,שטראוס,"שטראוס עוגיה וניל 86 מ""ל",ברקודים חדשים,
7290015597098,יוניליוור,מקס,"שלגון נסיכות דיסני אימפלס 89 מ""ל",ברקודים חדשים,
7290015597111,יוניליוור,שטראוס,שטראוס אלפחורס 5.5 ל',ברקודים חדשים,
7290015597197,יוניליוור,אסקימו,"אסקימו פרי פסיפלורה 80 מ""ל",ברקודים חדשים,
7290015597203,יוניליוור,שטראוס,"שטראוס מאגדת ננסים 261 מ""ל",ברקודים חדשים,
7290015597210,יוניליוור,קורנטו,"קורנטו מאגדת קלאסי 678 מ""ל",ברקודים חדשים,
7290015597258,יוניליוור,שטראוס,"שטראוס מאגדת לייט עוגיות 492 מ""ל",ברקודים חדשים,
7290015597265,יוניליוור,שטראוס,שטראוס חבילות בית לוטוס 1 ל,ברקודים חדשים,
7290015597326,יוניליוור,אסקימו,"אסקימו מאגדת קלי קלות מעורב 800 מ""ל",ברקודים חדשים,
7290015597326,יוניליוור,אסקימו,"אסקימו מאגדת קלי קלות מעורב 800 מ""ל",ברקודים חדשים,
7290015597333,יוניליוור,מגנום,"מגנום מאגדת מיני פלא היט 350 מ""ל",ברקודים חדשים,
7290015597357,יוניליוור,שטראוס,לייט שוקולד 492 מל,ברקודים חדשים,
7290015597364,יוניליוור,שטראוס,לייט ריבת חלב 492 מל,ברקודים חדשים,
7290015597371,יוניליוור,מגנום,"מגנום פיסטוק 120 מ""ל",ברקודים חדשים,
7290015597371,יוניליוור,מגנום,"מגנום פיסטוק 120 מ""ל",ברקודים חדשים,
7290015597401,יוניליוור,שטראוס,שטראוס סורבה לימונענע 5.5 ל',ברקודים חדשים,
7290015597418,יוניליוור,קורנטו,"קורנטו וניל 130 מ""ל",ברקודים חדשים,
7290015597425,יוניליוור,מקס,"מקס יחידתי ענבים 115 מ""ל",ברקודים חדשים,
7290015597463,יוניליוור,מקס,"מקס לייסנסינג בוב ספוג 98 מ""ל",ברקודים חדשים,
7290015597494,יוניליוור,אסקימו,"אסקימו מאגדת תות פסיפלורה 800 מ""ל",ברקודים חדשים,
7290015597531,יוניליוור,שטראוס,"שטראוס מאגדת פירות יער תות 420 מ""ל",ברקודים חדשים,
7290015597531,יוניליוור,שטראוס,"שטראוס מאגדת פירות יער תות 420 מ""ל",ברקודים חדשים,
7290015597548,יוניליוור,קרמיסימו,קרמיסימו בננה צ'יפ 1.33 ל',ברקודים חדשים,
7290015597548,יוניליוור,קרמיסימו,קרמיסימו בננה צ'יפ 1.33 ל',ברקודים חדשים,
7290015597555,יוניליוור,קרמיסימו,קרמיסימו סולרו 1.33 ל',ברקודים חדשים,
7290015597555,יוניליוור,קרמיסימו,קרמיסימו סולרו 1.33 ל',ברקודים חדשים,
7290015597562,יוניליוור,קארט ד 'אור,"COD מייפל אגוז 520 מ""ל",ברקודים חדשים,
7290015597593,יוניליוור,שטראוס,שטראוס מקופלת 5.5 ל,ברקודים חדשים,
7290015597609,יוניליוור,מגנום,"מיני מגנום פיסטוק 60 מ""ל",ברקודים חדשים,
7290015597630,יוניליוור,מקס,"מקס מקל סוכריה 75 מ""ל",ברקודים חדשים,
7290015597647,יוניליוור,מקס,"שלגון צבי הנינגה דיסני אימפלס 70 מ""ל",ברקודים חדשים,
7290015597647,יוניליוור,מקס,"שלגון צבי הנינגה דיסני אימפלס 70 מ""ל",ברקודים חדשים,
7290015597654,יוניליוור,מקס,"שלגון גיבורות על דיסני אימפלס 80 מ""ל",ברקודים חדשים,
7290015597654,יוניליוור,מקס,"שלגון גיבורות על דיסני אימפלס 80 מ""ל",ברקודים חדשים,
7290015597692,יוניליוור,קורנטו,קורנטו יחידתי קלאסיק עוגת גבינה 130מל,ברקודים חדשים,
7290015597708,יוניליוור,קורנטו,קורנטו יחידתי קלאסיק לוטוס 110מל,ברקודים חדשים,
7290015597715,יוניליוור,קורנטו,"קורנטו מאגדת לוטוס 650 מ""ל",ברקודים חדשים,
7290015597722,יוניליוור,אסקימו,"אסקימו תותי פרוטי ענבים 80 מ""ל",ברקודים חדשים,
7290015597722,יוניליוור,אסקימו,"אסקימו תותי פרוטי ענבים 80 מ""ל",ברקודים חדשים,
7290015597739,יוניליוור,שטראוס,שטראוס חבילות בית מקופלת 1 ל,ברקודים חדשים,
7290015597746,יוניליוור,שטראוס,שטראוס חבילות בית טורטית 1 ל,ברקודים חדשים,
7290015597753,יוניליוור,סולרו,"מאגדת סולרו תות פרי יער 1/5 362 מ""ל",ברקודים חדשים,
7290015597753,יוניליוור,סולרו,"מאגדת סולרו תות פרי יער 1/5 362 מ""ל",ברקודים חדשים,
7290015597760,יוניליוור,סולרו,"סולרו פרי תות פירות יער 89 מ""ל",ברקודים חדשים,
7290015597760,יוניליוור,סולרו,"סולרו פרי תות פירות יער 89 מ""ל",ברקודים חדשים,
7290015597777,יוניליוור,סולרו,"סולרו פרי בננה תפוז 89 מ""ל",ברקודים חדשים,
7290015597784,יוניליוור,סולרו,"סולרו פרי אננס אפרסק 89 מ""ל",ברקודים חדשים,
7290015597791,יוניליוור,שטראוס,"שטראוס שלגון קליק מקל 92 מ""ל",ברקודים חדשים,
7290015597876,יוניליוור,סולרו,"סולרו פרי מנגו פסיפלורה 89 מ""ל",ברקודים חדשים,
7290015597883,יוניליוור,סולרו,"מאגדת סולרו פרוה מנגו פסיפלור 1/5 362מ""ל",ברקודים חדשים,
7290015597906,יוניליוור,קרמיסימו,גלידת עוגת גבינה ופירורי עוג לוטוס 1ליטר,ברקודים חדשים,
7290015597913,יוניליוור,קרמיסימו,גלידת בראוניז ובלונדיז 1 ליטר,ברקודים חדשים,
7290015597920,יוניליוור,קרמיסימו,גלידת אלפחורס שוקולד לבן 1 ליטר,ברקודים חדשים,
7290015597937,יוניליוור,קורנטו,קורנטו יחידתי קלאסיק וניל 120מל,ברקודים חדשים,
7290015597944,יוניליוור,קורנטו,קורנטו יחידתי קלאסיק נוגט 110מל,ברקודים חדשים,
7290015597982,יוניליוור,מגנום,"מגנום מריר 120 מ""ל",ברקודים חדשים,
7290015597982,יוניליוור,מגנום,"מגנום מריר 120 מ""ל",ברקודים חדשים,
7290015597999,יוניליוור,קרמיסימו,"קרמיסימו גלידונית שוקובננה 955 מ""ל",ברקודים חדשים,
7290015642095,סלטי מיקי,סלטי מיקי,איקרה רומני,ברקודים חדשים,
7290015642101,סלטי מיקי,סלטי מיקי,איקרה בלקני,ברקודים חדשים,
7290015642118,סלטי מיקי,סלטי מיקי,חציל יווני,ברקודים חדשים,
7290015642125,סלטי מיקי,סלטי מיקי,סלק אדום,ברקודים חדשים,
7290015642132,סלטי מיקי,סלטי מיקי,חציל ברוטב ויניגרט,ברקודים חדשים,
7290015642156,סלטי מיקי,סלטי מיקי,סלט סלמון נורבגי,ברקודים חדשים,
7290015642163,סלטי מיקי,סלטי מיקי,"סלט תפו""א",ברקודים חדשים,
7290015642170,סלטי מיקי,סלטי מיקי,חציל במיונז,ברקודים חדשים,
7290015642187,סלטי מיקי,סלטי מיקי,טחינה עם חציל,ברקודים חדשים,
7290015642194,סלטי מיקי,סלטי מיקי,חציל רומני,ברקודים חדשים,
7290015642200,סלטי מיקי,סלטי מיקי,טורקי,ברקודים חדשים,
7290015642217,סלטי מיקי,סלטי מיקי,מטבוחה,ברקודים חדשים,
7290015642224,סלטי מיקי,סלטי מיקי,פלפל חריף,ברקודים חדשים,
7290015642231,סלטי מיקי,סלטי מיקי,גזר בלימון,ברקודים חדשים,
7290015642248,סלטי מיקי,סלטי מיקי,כרוב שוודי,ברקודים חדשים,
7290015642255,סלטי מיקי,סלטי מיקי,חומוס נטו,ברקודים חדשים,
7290015642262,סלטי מיקי,סלטי מיקי,חומוס מזרחי,ברקודים חדשים,
7290015642279,סלטי מיקי,סלטי מיקי,חומוס אבו גוש,ברקודים חדשים,
7290015642286,סלטי מיקי,סלטי מיקי,החומוסיה- חומוס מסבחה,ברקודים חדשים,
7290015642293,סלטי מיקי,סלטי מיקי,החומוסיה חומוס שיפקה,ברקודים חדשים,
7290015642309,סלטי מיקי,סלטי מיקי,פילה מטיאס,ברקודים חדשים,
7290015642316,סלטי מיקי,סלטי מיקי,פילה הרינג כבוש,ברקודים חדשים,
7290015642323,סלטי מיקי,סלטי מיקי,פרובנציאל,ברקודים חדשים,
7290015642347,סלטי מיקי,סלטי מיקי,כרוב קולסלאו,ברקודים חדשים,
7290015642354,סלטי מיקי,סלטי מיקי,טחינה,ברקודים חדשים,
7290015642361,סלטי מיקי,סלטי מיקי,טחינה אסלי,ברקודים חדשים,
7290015642491,סלטי מיקי,סלטי מיקי,כרוב אדום,ברקודים חדשים,
7290015642613,סלטי מיקי,סלטי מיקי,רמולדה,ברקודים חדשים,
7290015642637,סלטי מיקי,סלטי מיקי,טרמה,ברקודים חדשים,
7290015733007,אסם,אסם,מטרנה אקסטרה קר מאח.שלב3 4 4*700גרם,ברקודים חדשים,
7290015733021,אסם,אסם,מטרנה חלבי מאח.שלב 3 4 4*700גרם,ברקודים חדשים,
7290015733045,אסם,אסם,מטרנה מהדרין מאח.שלב 3 4 4*700גרם,ברקודים חדשים,
7290015804011,פרי גליל,טל-14,"משק""ל אשכוליות 250מל",ברקודים חדשים,מסמן על רב המוצרים
7290015804028,פרי גליל,טל-14,"משק""ל תפוזים 250מל",ברקודים חדשים,מסמן על רב המוצרים
7290015804042,פרי גליל,טל-14,נקטר אפרסק 250מל,ברקודים חדשים,מסמן על רב המוצרים
7290015804059,פרי גליל,טל-14,נקטר חמוציות 250מל,ברקודים חדשים,מסמן על רב המוצרים
7290015804066,פרי גליל,טל-14,נקטר מנגו 250מל,ברקודים חדשים,מסמן על רב המוצרים
7290015804073,פרי גליל,טל-14,נקטר תפוחים 250מל,ברקודים חדשים,מסמן על רב המוצרים
7290015804080,פרי גליל,טל-14,רס.עגב 100גר' BX22טל- 48יחידות,ברקודים חדשים,מסמן על רב המוצרים
7290015804394,פרי גליל,טל-14,רסק עגב.260גר BX22טל,ברקודים חדשים,מסמן על רב המוצרים
7290015804400,פרי גליל,טל-14,עגב.מרוסקות 250גר טל,ברקודים חדשים,מסמן על רב המוצרים
7290015804417,פרי גליל,טל-14,עגב.מרוסקות שום 250גר טל,ברקודים חדשים,מסמן על רב המוצרים
7290015804424,פרי גליל,טל-14,עגב.מרוסקות בזיל. ועשבי תיבול 250גר טל,ברקודים חדשים,מסמן על רב המוצרים
7290015804448,פרי גליל,טל-14,רכ.עגב 100גר' BX28טל- 48יחידות,ברקודים חדשים,מסמן על רב המוצרים
7290015804462,פרי גליל,טל-14,רכ.עגב. 260גר BX28טל,ברקודים חדשים,מסמן על רב המוצרים
7290015804479,פרי גליל,טל-14,רוטב פסטה לילדים 250גר טל (יובל),ברקודים חדשים,מסמן על רב המוצרים
7290015804486,פרי גליל,טל-14,עגב.מרוסקות שקשוקה 250גר טל,ברקודים חדשים,מסמן על רב המוצרים
7290015804493,פרי גליל,טל-14,רוטב פיצה לילדים 250גר טל (יובל),ברקודים חדשים,מסמן על רב המוצרים
7290015804509,פרי גליל,טל-14,רוטב עגב.לבישול 250גר טל,ברקודים חדשים,מסמן על רב המוצרים
7290015804714,פרי גליל,ויטה-2,שע.צהובה א- 2ויטה בדצ,ברקודים חדשים,מסמן על רב המוצרים
7290015804806,פרי גליל,ויטה-2,רסק עגב 260גר BX22ויטה ע.ח,ברקודים חדשים,מסמן על רב המוצרים
7290015804813,פרי גליל,ויטה-2,רס.עגב 100גר' BX22ויטה ע.ח 48יח',ברקודים חדשים,מסמן על רב המוצרים
7290015816069,או - שמונה בייבי,או - שמונה בייבי,"סבון רחצה 200 מ""ל",ברקודים חדשים,
7290015816144,או - שמונה בייבי,או - שמונה בייבי,"שמן אמבט 200 מ""ל",ברקודים חדשים,
7290015816199,או - שמונה בייבי,או - שמונה בייבי,"מוס רחצה 200 מ""ל",ברקודים חדשים,
7290015816229,או - שמונה בייבי,או - שמונה בייבי,"קרם תפרחת חיתולים פורטה 75 מ""ל",ברקודים חדשים,
7290015872096,סלטי שמיר,סלטי שמיר,חומוס אסלי 700גרם,ברקודים חדשים,
7290015872553,סלטי שמיר,סלטי שמיר,"חומוס של מסעדה 700גר""",ברקודים חדשים,
7290015996570,ביסקול,מפיץ שטראוס,סוכרזית סוכרלוז 300 טבליות (גרפיקה מנוקדת)- ישן! 18.10.17,ברקודים חדשים,מסמן בפועל
7290015996754,ביסקול,מפיץ שטראוס,סוכרזית סטיוויה 300 טב' (גרפיקה מנוקדת),ברקודים חדשים,מסמן בפועל
7290015996761,ביסקול,מפיץ שטראוס,סוכרזית סוכרלוז 75 טבליות (גרפיקה מנוקדת)- ,ברקודים חדשים,מסמן בפועל
7290015996938,ביסקול,מפיץ שטראוס,סוכרזית סטיוויה 100 שקיות (גרפיקה מנוקדת)- דקטרוזה,ברקודים חדשים,מסמן בפועל
7290015996952,ביסקול,מפיץ שטראוס,סוכרזית 1/2 סוכר (מנוקד) - אריזה חומה,ברקודים חדשים,מסמן בפועל
7290015996983,ביסקול,מפיץ שטראוס,סוכרזית סוכרלוז  100 שקיות (גרפיקה מנוקדת)- עם משא אריתריטול,ברקודים חדשים,מסמן בפועל
7290016006339,מי עדן,מי עדן,מי עדן - רביעייה 1 ליטר,ברקודים חדשים,מסמן בפועל
7290016114300,חוגלה,חוגלה,נייר טואלט לילי לבן גליל כפול 32=16,ברקודים חדשים,
7290016129298,רפאלוס,רפאלוס,טראפלס תמרים 120 גר',ברקודים חדשים,מסמן בפועל
7290016129304,רפאלוס,רפאלוס,ספר גוד בייטס קורדיספס - פולי קקאו,ברקודים חדשים,מסמן בפועל
7290016129311,רפאלוס,רפאלוס,סופר גוד בייטס ציה - קקאו קוקוס,ברקודים חדשים,מסמן בפועל
7290016129335,רפאלוס,רפאלוס,סופר גוד בייטס ציה - פרות יער,ברקודים חדשים,מסמן בפועל
7290016129342,רפאלוס,רפאלוס,סופר גוד בייטס - קורדיספס וחמוציות,ברקודים חדשים,מסמן בפועל
7290016129359,רפאלוס,רפאלוס,סופר גוד בייטס ציה - בננה תמר,ברקודים חדשים,מסמן בפועל
7290016129380,רפאלוס,רפאלוס,גרנולה אורגנית רפאל - אגוזים זרעים ופירות,ברקודים חדשים,מסמן בפועל
7290016129397,רפאלוס,רפאלוס,גרנולה אורגנית רפאל - ללא סוכר אגוזים ופירות,ברקודים חדשים,מסמן בפועל
7290016129403,רפאלוס,רפאלוס,גרנולה אורגנית רפאל - חלבה תמרים ושקדים,ברקודים חדשים,מסמן בפועל
7290016129441,רפאלוס,רפאלוס,טחינה רפאל'ס שומשום אתיופי מלא,ברקודים חדשים,מסמן בפועל
7290016129458,רפאלוס,רפאלוס,טחינה רפאל'ס שומשום אתיופי,ברקודים חדשים,מסמן בפועל
7290016129502,רפאלוס,רפאלוס,חטיף תענוג - אורז וצי'ה פרות יבשים 5 יח',ברקודים חדשים,מסמן בפועל
7290016129519,רפאלוס,רפאלוס,חטיף תענוג - אורז וצ'יה קקאו קוקוס 5 יח',ברקודים חדשים,מסמן בפועל
7290016156027,"ניסוי וטעייה בע""מ","ניסוי וטעייה בע""מ","מונבטים- עדשים ירוקות, שעועית מש ודוחן",ברקודים חדשים,מסמן על אריזות
7290016156058,"ניסוי וטעייה בע""מ","ניסוי וטעייה בע""מ",מונבטים- קינואה כוסמת וסלק,ברקודים חדשים,מסמן על אריזות
7290016156102,"ניסוי וטעייה בע""מ","ניסוי וטעייה בע""מ",מונבטים- קינואה כוסמת ובטטה,ברקודים חדשים,מסמן על אריזות
7290016156119,"ניסוי וטעייה בע""מ","ניסוי וטעייה בע""מ","מונבטים- כוסמת, בננהף עדשים כתומות וגזר",ברקודים חדשים,מסמן על אריזות
7290016156126,"ניסוי וטעייה בע""מ","ניסוי וטעייה בע""מ","מונבטים- כוסמת, תאנים ודלעת",ברקודים חדשים,מסמן על אריזות
7290016156133,"ניסוי וטעייה בע""מ","ניסוי וטעייה בע""מ","מונבטים- כוסמת, תמר ותפוח",ברקודים חדשים,מסמן על אריזות
7290016171822,אסם,אסם,סלטי צבר חומוס מוצר ייעודי 6*825גרם,ברקודים חדשים,
7290016188042,יקבי כרמל,יקבי כרמל,קברנה /מרלו,ברקודים חדשים,
7290016188066,יקבי כרמל,יקבי כרמל,שיראז,ברקודים חדשים,
7290016188165,יקבי כרמל,יקבי כרמל,מרלו,ברקודים חדשים,
7290016188172,יקבי כרמל,יקבי כרמל,קברנה /מרלו,ברקודים חדשים,
7290016188240,יקבי כרמל,יקבי כרמל,"תירוש אדום 750 מ""ל",ברקודים חדשים,
7290016188288,יקבי כרמל,יקבי כרמל,ישן נושן,ברקודים חדשים,
7290016188295,יקבי כרמל,יקבי כרמל,הנצחון,ברקודים חדשים,
7290016188301,יקבי כרמל,יקבי כרמל,קונקורד,ברקודים חדשים,
7290016188318,יקבי כרמל,יקבי כרמל,טופז זהב,ברקודים חדשים,
7290016188325,יקבי כרמל,יקבי כרמל,מוסקט מתוק,ברקודים חדשים,
7290016188332,יקבי כרמל,יקבי כרמל,כרמל 120,ברקודים חדשים,
7290016188356,יקבי כרמל,יקבי כרמל,קברנה סוביניון,ברקודים חדשים,
7290016188363,יקבי כרמל,יקבי כרמל,מרלו,ברקודים חדשים,
7290016188509,יקבי כרמל,יקבי כרמל,מרלו,ברקודים חדשים,
7290016188516,יקבי כרמל,יקבי כרמל,קברנה סוביניון,ברקודים חדשים,
7290016188523,יקבי כרמל,יקבי כרמל,קברנה שיראז,ברקודים חדשים,
7290016188660,יקבי כרמל,יקבי כרמל,אדום יבש,ברקודים חדשים,
7290016188738,יקבי כרמל,יקבי כרמל,עמק הנדיב,ברקודים חדשים,
7290016188806,יקבי כרמל,יקבי כרמל,עמק הנדיב,ברקודים חדשים,
7290016217643,סלטי שמיר,סלטי שמיר,חמוצים סיני אסלי 400גרם,ברקודים חדשים,
7290016217735,סלטי שמיר,סלטי שמיר,חציל על האש 200גרם גורמה,ברקודים חדשים,
7290016217742,סלטי שמיר,סלטי שמיר,חציל בטחינה 200גרם גורמה,ברקודים חדשים,
7290016217759,סלטי שמיר,סלטי שמיר,חציל מרוקאי 200גרם גורמה,ברקודים חדשים,
7290016217957,סלטי שמיר,סלטי שמיר,מקרל מעושן פרוס חדש 100גרם 7ימים,ברקודים חדשים,
7290016217971,סלטי שמיר,סלטי שמיר,נסיכת הנילוס מעושנת חדש 100גרם 7ימים,ברקודים חדשים,
7290016217988,סלטי שמיר,סלטי שמיר,גרבלקס חדש 100גרם 7ימים,ברקודים חדשים,
7290016217995,סלטי שמיר,סלטי שמיר,סלט ביצים עם אבוקדו 200גרם גורמה,ברקודים חדשים,
7290016314441,סלטי שמיר,סלטי שמיר,חומוס 130 TO GOגרם,ברקודים חדשים,
7290016314458,סלטי שמיר,סלטי שמיר,טחינה 130 TO GOגרם,ברקודים חדשים,
7290016314465,סלטי שמיר,סלטי שמיר,חציל במיונז 130 TO GOגרם,ברקודים חדשים,
7290016314748,סלטי שמיר,סלטי שמיר,חומוס דרוזי 250גרם,ברקודים חדשים,
7290016344011,"אבנדנס יזמות בע""מ ","אבנדנס יזמות בע""מ ",צנצנת פתיתים  120 גר',ברקודים חדשים,מסומן 
7290016344028,"אבנדנס יזמות בע""מ ","אבנדנס יזמות בע""מ ",צנצנת פתיתים  250 גר',ברקודים חדשים,מסומן 
7290016344035,"אבנדנס יזמות בע""מ ","אבנדנס יזמות בע""מ ",מיקרוברים - ספירולינה קפואה 20 גרם ,ברקודים חדשים,מסומן 
7290016344080,"אבנדנס יזמות בע""מ ","אבנדנס יזמות בע""מ ",חטיף ספירולינה קראנצ שוקולד 24 גרם,ברקודים חדשים,
7290016344172,"אבנדנס יזמות בע""מ ","אבנדנס יזמות בע""מ ",אבקה - משקל 300 גרם ,ברקודים חדשים,מסומן 
7290016344189,"אבנדנס יזמות בע""מ ","אבנדנס יזמות בע""מ ","טבליות ספירולינה - 250 יח של 500מ""ג",ברקודים חדשים,מסומן 
7290016344196,"אבנדנס יזמות בע""מ ","אבנדנס יזמות בע""מ ",חטיף ספירולינה תמרים אגוזים 50 גרם,ברקודים חדשים,
7290016344202,"אבנדנס יזמות בע""מ ","אבנדנס יזמות בע""מ ",חטיף ספירולינה תמרים קקאו 50 גר,ברקודים חדשים,
7290016372144,ויסוצקי,ויסוצקי,"קסם הקינמון-""הגן הקסום 40 ""שקיקים",ברקודים חדשים,
7290016372151,ויסוצקי,ויסוצקי,"קמומיל "" 40הגן-הקסוםC24 """,ברקודים חדשים,
7290016372168,ויסוצקי,ויסוצקי,חליטת לימונית לואיזה - הגן הקסום - 40 שקיקים,ברקודים חדשים,
7290016372229,ויסוצקי,ויסוצקי,תה ירוק מנטה מלפפון,ברקודים חדשים,
7290016372397,ויסוצקי,ויסוצקי,תה ירוק תפוז ג'ינג'ר כורכום,ברקודים חדשים,
7290016372434,ויסוצקי,ויסוצקי,תה ירוק עם מאצ'ה יפנית,ברקודים חדשים,
7290016372458,ויסוצקי,ויסוצקי,חליטת לימונית לואיזה 50 - הגן הקסום,ברקודים חדשים,
7290016372472,ויסוצקי,ויסוצקי,חליטת אכינצאה סמבוק,ברקודים חדשים,
7290016372489,ויסוצקי,ויסוצקי,חליטת ג'ינג'ר לימון,ברקודים חדשים,
7290016372496,ויסוצקי,ויסוצקי,חליטת ג'ינג'ר דבש,ברקודים חדשים,
7290016372502,ויסוצקי,ויסוצקי,חליטת קינמון ליקוריץ,ברקודים חדשים,
7290016372519,ויסוצקי,ויסוצקי,חליטת CLEAN בטעם פירות אדומים,ברקודים חדשים,
7290016372526,ויסוצקי,ויסוצקי,חליטת נירוונה בטעם לימון,ברקודים חדשים,
7290016372571,ויסוצקי,ויסוצקי,פירות היער - הגן הקסום - 40 שקיקים,ברקודים חדשים,
7290016372588,ויסוצקי,ויסוצקי,לימונענע - הגן הקסום - 40 שקיקים,ברקודים חדשים,
7290016372601,ויסוצקי,ויסוצקי,ארל גריי 100גרם - סדרת העלים - רובין,ברקודים חדשים,
7290016372618,ויסוצקי,ויסוצקי,חליטת נענע מרוקאית 100גרם - סדרת העלים - רובין,ברקודים חדשים,
7290016372625,ויסוצקי,ויסוצקי,תה ירוק סיני 120גרם - סדרת העלים - רובין,ברקודים חדשים,
7290016387124,נועם אורים,Shiny,משטח לייבוש כלים מעוצב (2 יח'),ברקודים חדשים,
7290016387957,נועם אורים,Shiny,5 מטליות אקולוגיות Shiny,ברקודים חדשים,
7290016408294,"כרמית תעשיות ממתקים בע""מ","כרמית תעשיות ממתקים בע""מ",מרשמלו ורוד לבן 150 ג' ,ברקודים חדשים,מסמן על אריזות
7290016408324,"כרמית תעשיות ממתקים בע""מ","כרמית תעשיות ממתקים בע""מ",אגו וופל שוקולד חלב וקרם שקדים 110 גר,ברקודים חדשים,מסמן על אריזות
7290016408331,"כרמית תעשיות ממתקים בע""מ","כרמית תעשיות ממתקים בע""מ",אגו וופל שוקולד לבן וקרם קוקוס 110 גר,ברקודים חדשים,מסמן על אריזות
7290016408720,"כרמית תעשיות ממתקים בע""מ","כרמית תעשיות ממתקים בע""מ","מיקסים בייגלה מצופה שוקולד לבן 55 גר, 16 בקרטון",ברקודים חדשים,מסמן על אריזות
7290016408744,"כרמית תעשיות ממתקים בע""מ","כרמית תעשיות ממתקים בע""מ",מרשמלו טוויסטר בדצ 150 ג' ,ברקודים חדשים,מסמן על אריזות
7290016408928,"כרמית תעשיות ממתקים בע""מ","כרמית תעשיות ממתקים בע""מ",מרשמלו בטעם מסטיק 150 גר' ,ברקודים חדשים,מסמן על אריזות
7290016437508,חוגלה,חוגלה,נייר טואלט מולט כפול 48=24,ברקודים חדשים,
7290016510003,הנקל סוד,הוואי שמפו,הוואי שמפו 6 פעולות700,ברקודים חדשים,
7290016510010,הנקל סוד,הוואי מרכך,הוואי מרכך 6 פעולות700,ברקודים חדשים,
7290016510027,הנקל סוד,הוואי תחליבי רחצה,הוואי קרם רחצה דבש 750,ברקודים חדשים,
7290016609103,פרי גליל,טל-14,רכ.עגב.א- BX28 2ירקות האיכר,ברקודים חדשים,מסמן על רב המוצרים
7290016609448,פרי גליל,פרי הגליל-1,תירס שלישיה 6אונק פג,ברקודים חדשים,מסמן על רב המוצרים
7290016609462,פרי גליל,29-VITA ITALY,עגב. כתושות א- 3X400 1גר (ITALY),ברקודים חדשים,מסמן על רב המוצרים
7290016609486,פרי גליל,29-VITA ITALY,עגב. קוביות א- 3X400 1גר (ITALY),ברקודים חדשים,מסמן על רב המוצרים
7290016609493,פרי גליל,29-VITA ITALY,עגב. מרוסקות א- 3X400 1גר ( ITALY),ברקודים חדשים,מסמן על רב המוצרים
7290016609509,פרי גליל,29-VITA ITALY,עגב. מקולפות א- 3X400 1גר (ITALY),ברקודים חדשים,מסמן על רב המוצרים
7290016609561,פרי גליל,פרי הגליל-1,צ'יפס בטטה 700פג זיג זג,ברקודים חדשים,מסמן על רב המוצרים
7290016609684,פרי גליל,ויטה-2,צ'יפס קטרינג 1.5ויטה ע.ח כ,ברקודים חדשים,מסמן על רב המוצרים
7290016609691,פרי גליל,ויטה-2,סטייק צ'יפס 1.5ויטה ע.ח כ,ברקודים חדשים,מסמן על רב המוצרים
7290016717082,יקבי כרמל,יקבי כרמל,בלנד ים תיכוני לבן,ברקודים חדשים,
7290016717099,יקבי כרמל,יקבי כרמל,אדום חצי יבש,ברקודים חדשים,
7290016717136,יקבי כרמל,יקבי כרמל,ברוט BRUT,ברקודים חדשים,
7290016717204,יקבי כרמל,יקבי כרמל,פחית ספארקלינג מוסקטו,ברקודים חדשים,
7290016717426,יקבי כרמל,יקבי כרמל,מארז ברוט BRUT,ברקודים חדשים,
7290016717515,יקבי כרמל,יקבי כרמל,ספארקלינג פירות יער Buzz,ברקודים חדשים,
7290016717631,יקבי כרמל,יקבי כרמל,מוסקטו,ברקודים חדשים,
7290016717754,יקבי כרמל,יקבי כרמל,ישן נושן,ברקודים חדשים,
7290016818048,דורום תעשיות מזון,פסטה פפרדלה,פסטה נונה,ברקודים חדשים,
7290016818055,דורום תעשיות מזון,פסטה רדיאטורי,פסטה נונה,ברקודים חדשים,
7290017044019,עיסא ערטול,עיסא ערטול,אסותא דלי מטליות לחות לניקוי כללי 1/6,ברקודים חדשים,
7290017044071,עיסא ערטול,עיסא ערטול,אסותא דלי מטליות תפוח לניקוי כללי 1/6,ברקודים חדשים,
7290017068145,מיה מוצרי מזון,מיה מוצרי מזון,מיץ תפוח עץ סחוט 1ליטר,ברקודים חדשים,מסמן על אריזות
7290017068152,מיה מוצרי מזון,מיה מוצרי מזון,מיץ אשכולית אדומה 1ליטר,ברקודים חדשים,מסמן על אריזות
7290017086002,פיס אוף בין,פיס אוף בין,פלאפל אורגני,ברקודים חדשים,מסמן בפועל
7290017086019,פיס אוף בין,פיס אוף בין,פלאפל פיקנטי,ברקודים חדשים,מסמן בפועל
7290017086026,פיס אוף בין,פיס אוף בין,כדורי תירס,ברקודים חדשים,מסמן בפועל
7290017086033,פיס אוף בין,פיס אוף בין,קציצות שעועית,ברקודים חדשים,מסמן בפועל
7290017086040,פיס אוף בין,פיס אוף בין,קציצות עדשים,ברקודים חדשים,מסמן בפועל
7290017088051,DPL,מפיץ נאופרם,בייביסיטר סטנדרט מידה 3 52 יח' חדש,ברקודים חדשים,
7290017088068,DPL,מפיץ נאופרם,בייביסיטר סטנדרט מידה 4 42 יח' חדש,ברקודים חדשים,
7290017088075,DPL,מפיץ נאופרם,בייביסיטר סטנדרט מידה 4+ 40 יח חדש,ברקודים חדשים,
7290017088082,DPL,מפיץ נאופרם,בייביסיטר סטנדרט מידה 5 36 יח' חדש,ברקודים חדשים,
7290017088099,DPL,מפיץ נאופרם,בייביסיטר סטנדרט מידה 6 34 יח' חדש,ברקודים חדשים,
7290017088105,DPL,מפיץ נאופרם,בייביסיטר נוחות מידה 3 38 יח חדש,ברקודים חדשים,
7290017088112,DPL,מפיץ נאופרם,בייביסיטר נוחות מידה 4 36 יח' חדש,ברקודים חדשים,
7290017088129,DPL,מפיץ נאופרם,בייביסיטר נוחות מידה 4+ 34 יח' חדש,ברקודים חדשים,
7290017088136,DPL,מפיץ נאופרם,בייביסיטר נוחות מידה 5 32 יח' חדש,ברקודים חדשים,
7290017088143,DPL,מפיץ נאופרם,בייביסיטר נוחות מידה 6 30 יח' חדש,ברקודים חדשים,
7290017094182,סלטי שמיר,סלטי שמיר,סלט עגבניות חריפות 200גרם גורמה,ברקודים חדשים,
7290017129082,"כרמית תעשיות ממתקים בע""מ","כרמית תעשיות ממתקים בע""מ",אגו וופל טראפלס 110 גר,ברקודים חדשים,מסמן על אריזות
7290017129099,"כרמית תעשיות ממתקים בע""מ","כרמית תעשיות ממתקים בע""מ",אגו וופל אלפחורס 110 גר ,ברקודים חדשים,מסמן על אריזות
7290017129105,"כרמית תעשיות ממתקים בע""מ","כרמית תעשיות ממתקים בע""מ",אגו וופל פאי לימון 110 גר,ברקודים חדשים,מסמן על אריזות
7290017129112,"כרמית תעשיות ממתקים בע""מ","כרמית תעשיות ממתקים בע""מ",מיקסים חטיף תירס מצופה שוקולד חלב 55 גר,ברקודים חדשים,מסמן על אריזות
7290017129129,"כרמית תעשיות ממתקים בע""מ","כרמית תעשיות ממתקים בע""מ",מיקסים קרקר מצופה שוקולד חלב 55 גר,ברקודים חדשים,מסמן על אריזות
7290017129228,"כרמית תעשיות ממתקים בע""מ","כרמית תעשיות ממתקים בע""מ",שלשות שוקו.חלב ופצפוצי אורז למינט 85גר*3*18 בקרט,ברקודים חדשים,
7290017129242,"כרמית תעשיות ממתקים בע""מ","כרמית תעשיות ממתקים בע""מ",דיספליי מטבעות שוק' חלב 36 גר'* 12 יח'* 24 בקר',ברקודים חדשים,מסמן על אריזות
7290017129341,"כרמית תעשיות ממתקים בע""מ","כרמית תעשיות ממתקים בע""מ",מרשמלו בטעם תותים עם קצפת 150 גר',ברקודים חדשים,מסמן על אריזות
7290017129358,"כרמית תעשיות ממתקים בע""מ","כרמית תעשיות ממתקים בע""מ",מרשמלו בטעם בננה  150 גר',ברקודים חדשים,מסמן על אריזות
7290017129495,"כרמית תעשיות ממתקים בע""מ","כרמית תעשיות ממתקים בע""מ",אגו מיקס כדורי תירס מצופים שוקולד חלב 55 גר,ברקודים חדשים,מסמן על אריזות
7290017129501,"כרמית תעשיות ממתקים בע""מ","כרמית תעשיות ממתקים בע""מ",אגו מיקס כדורי תירס מצופים שוקולד לבן 55 גר,ברקודים חדשים,מסמן על אריזות
7290017129525,"כרמית תעשיות ממתקים בע""מ","כרמית תעשיות ממתקים בע""מ",מרשמלו בטעם בננה 30 גר'48X בקרטון,ברקודים חדשים,מסמן על אריזות
7290017129631,"כרמית תעשיות ממתקים בע""מ","כרמית תעשיות ממתקים בע""מ",מרשמלו בטעם בננה 500 גר',ברקודים חדשים,
7290017129648,"כרמית תעשיות ממתקים בע""מ","כרמית תעשיות ממתקים בע""מ",מרשמלו בטעם תותים עם קצפת 500 גר',ברקודים חדשים,
7290017129655,"כרמית תעשיות ממתקים בע""מ","כרמית תעשיות ממתקים בע""מ","איגלו שלוקים בטעמי גזוז 29 מ""ל *60 יח ",ברקודים חדשים,מסמן על אריזות
7290017129785,"כרמית תעשיות ממתקים בע""מ","כרמית תעשיות ממתקים בע""מ",מרשמלו בטעם מיץ ענבים 150 גר',ברקודים חדשים,מסמן על אריזות
7290017129792,"כרמית תעשיות ממתקים בע""מ","כרמית תעשיות ממתקים בע""מ",מרשמלו בטעם מיץ פטל 150 גר',ברקודים חדשים,מסמן על אריזות
7290017129808,"כרמית תעשיות ממתקים בע""מ","כרמית תעשיות ממתקים בע""מ",מרשמלו בטעם אפרסק 150 גר',ברקודים חדשים,מסמן על אריזות
7290017129815,"כרמית תעשיות ממתקים בע""מ","כרמית תעשיות ממתקים בע""מ",מרשמלו בטעם מסטיק 100 גר'20 X בקרטון,ברקודים חדשים,מסמן על אריזות
7290017197456,עיסא ערטול,עיסא ערטול,אסותא מגבוני נייר טואלט שלישייה 1/8,ברקודים חדשים,
7290017197562,עיסא ערטול,עיסא ערטול,אמה מטליות לניקוי רצפה 10 יח 1/12,ברקודים חדשים,
7290017197579,עיסא ערטול,עיסא ערטול,אמה מגבונים לניקוי כללי לימון 1/24,ברקודים חדשים,
7290017236544,עיסא ערטול,עיסא ערטול,אמה 3.5 קג תפוח,ברקודים חדשים,
7290017236551,עיסא ערטול,עיסא ערטול,אמה 3.5 קג לימון,ברקודים חדשים,
7290017236568,עיסא ערטול,עיסא ערטול,אמה 3.5 קג סמדר,ברקודים חדשים,
7290021052187,רפאלוס,רפאלוס,גרנולה רפאל - חלבה תמרים ושקדים,ברקודים חדשים,מסמן בפועל
7290055090597,"כרמית תעשיות ממתקים בע""מ","כרמית תעשיות ממתקים בע""מ",מטבעות שוקולד לבן 42 גר' ברשת,ברקודים חדשים,מסמן על אריזות
7290055090689,"כרמית תעשיות ממתקים בע""מ","כרמית תעשיות ממתקים בע""מ",מיני קוקיס מרוקאיות 600 גר',ברקודים חדשים,מסמן על אריזות
7290055090702,"כרמית תעשיות ממתקים בע""מ","כרמית תעשיות ממתקים בע""מ","איגלו שלוקים 29 מ""ל, 70 יח' ",ברקודים חדשים,מסמן על אריזות
7290055090801,"כרמית תעשיות ממתקים בע""מ","כרמית תעשיות ממתקים בע""מ",שוקולד לבן ללא סוכר 85ג12X בדיס'2X בקרטון,ברקודים חדשים,
7290055090849,"כרמית תעשיות ממתקים בע""מ","כרמית תעשיות ממתקים בע""מ","מרשמלו ורוד לבן 500 ג', 9 בקרטון",ברקודים חדשים,מסמן על אריזות
7290055090979,"כרמית תעשיות ממתקים בע""מ","כרמית תעשיות ממתקים בע""מ",מיני קוקיס בטעם שוקולד 600 גר',ברקודים חדשים,מסמן על אריזות
7290055090986,"כרמית תעשיות ממתקים בע""מ","כרמית תעשיות ממתקים בע""מ","איגלו טעמים טרופיים 29 מ""ל , 60 יח' ",ברקודים חדשים,מסמן על אריזות
7290100240632,יוניליוור,פתית,"פתית 6 דגנים בד""צ חדש 250 גר",ברקודים חדשים,מסמן בפועל
7290100240656,יוניליוור,פתית,"פתית שיפון בד""צ חדש 300 גר",ברקודים חדשים,מסמן בפועל
7290100242131,יוניליוור,הלמנס,הלמנס ממרח צ'ילי לחיץ 400גר,ברקודים חדשים,מסמן בפועל
7290100242155,יוניליוור,הלמנס,הלמנס ממרח שום ושמן זית לחיץ 400גר,ברקודים חדשים,מסמן בפועל
7290100242902,יוניליוור,קנור,מרקים רגילים אחרים קנור עדשים 110 גרם,ברקודים חדשים,מסמן בפועל
7290100244142,יוניליוור,קנור,קנור פתרונות ארוחה אחר אורז מג'דרה 133גר,ברקודים חדשים,מסמן בפועל
7290100244586,יוניליוור,הלמנס,הלמנס לסלט אלף איים לייט 305מל,ברקודים חדשים,מסמן בפועל
7290100244609,יוניליוור,הלמנס,הלמנס לסלט אלף האיים 305 גרם,ברקודים חדשים,מסמן בפועל
7290100244616,יוניליוור,הלמנס,הלמנס לסלט חרדל דבש 305מל,ברקודים חדשים,מסמן בפועל
7290100245200,יוניליוור,קנור,קנור מרקים רגילים שעועית בשקית 100 גרם,ברקודים חדשים,מסמן בפועל
7290100245231,יוניליוור,קנור,נמס בכוס טעם עוף ושקדי מרק 50 גר,ברקודים חדשים,מסמן בפועל
7290100247051,יוניליוור,פינוק,סבון נוזלי פינוק 700ML,ברקודים חדשים,
7290100247068,יוניליוור,פינוק,סבון נוזלי פינוק לבנדק ונילה 700ML,ברקודים חדשים,
7290100247761,יוניליוור,קנור,מרק עשיר עגבניות ואורז 105 גר',ברקודים חדשים,מסמן בפועל
7290100247785,יוניליוור,קנור,מרק עשיר תירס מוקרם 83 גר',ברקודים חדשים,מסמן בפועל
7290100247808,יוניליוור,קנור,קנור  תוספת ירקות צמחוני 28 גרם,ברקודים חדשים,מסמן בפועל
7290100247815,יוניליוור,קנור,קנור נמס בכוס אקסטרה עגבניות 39ג,ברקודים חדשים,מסמן בפועל
7290100247822,יוניליוור,קנור,קנור אחרINST SPS CAS תוספת פטריות 32 גרם,ברקודים חדשים,מסמן בפועל
7290100247839,יוניליוור,קנור,קנור  תוספת ירקות 35 גרם,ברקודים חדשים,מסמן בפועל
7290100249352,יוניליוור,קנור,קנור מרקי תיבול טעם עוף 400 גרם,ברקודים חדשים,מסמן בפועל
7290100249475,יוניליוור,קנור,מרקי אינסטנט אחרים קנור 45 גרם,ברקודים חדשים,מסמן בפועל
7290100249482,יוניליוור,קנור,מרקי אינסטנט אחרים קנור אפונה 50 גרם,ברקודים חדשים,מסמן בפועל
7290100249512,יוניליוור,קנור,"קנור פתרונות ארוחה אחר פירה תפו""א 26",ברקודים חדשים,מסמן בפועל
7290100249581,יוניליוור,קנור,קנור בישול ברטבים שזיף 320 גרם,ברקודים חדשים,מסמן בפועל
7290100249598,יוניליוור,קנור,קנור בישול ברטבים שום ודבש 320 גרם,ברקודים חדשים,מסמן בפועל
7290100249611,יוניליוור,קנור,קנור בישול ברטבים עשבי שום 320 גרם,ברקודים חדשים,מסמן בפועל
7290100249628,יוניליוור,קנור,קנור רטבים ברביקיו סויה ודבש 310 גרם,ברקודים חדשים,מסמן בפועל
7290100249659,יוניליוור,קנור,קנור צ'ילי & שום 320 גרם,ברקודים חדשים,מסמן בפועל
7290100249932,יוניליוור,תלמה,דליפקאן רגיל 400 גר,ברקודים חדשים,מסמן בפועל
7290100412343,DPL,מפיץ נאופרם,קוויק לניקוי כללי  - בריח לימון 50 יח,ברקודים חדשים,
7290100412374,DPL,מפיץ נאופרם,בייביסיטר ספריי החתלה,ברקודים חדשים,
7290100412428,DPL,מפיץ נאופרם,קוויק מארז שלישיה לניקוי כללי בריח לימון 150 יח,ברקודים חדשים,
7290100412435,DPL,מפיץ נאופרם,קוויק לניקוי כללי  - בריח פרחי בר 50 יח,ברקודים חדשים,
7290100412442,DPL,מפיץ נאופרם,קוויק מגב' לניקוי שירותים ואמבטיה - בריח מנטה,ברקודים חדשים,
7290100412459,DPL,מפיץ נאופרם,קוויק לניקוי שירותים ואמבטיה - בריח לוונדר 50 יח,ברקודים חדשים,
7290100412701,DPL,מפיץ נאופרם,תחליב גוף מאסק 400 מל DR OR,ברקודים חדשים,
7290100412718,DPL,מפיץ נאופרם,ג'ל ניקוי פנים מאסק 150 מל DR OR,ברקודים חדשים,
7290100412725,DPL,מפיץ נאופרם,קרם ידיים מאסק 100 מל DR OR,ברקודים חדשים,
7290100412732,DPL,מפיץ נאופרם,תחליב גוף לעור יבש פרחי בר 400 מל DR OR,ברקודים חדשים,
7290100412749,DPL,מפיץ נאופרם,ג'ל ניקוי פנים לעור יבש פרחי בר 150 מל DR OR,ברקודים חדשים,
7290100412756,DPL,מפיץ נאופרם,קרם ידיים לעור יבש פרחי בר 100 מל DR OR,ברקודים חדשים,
7290100412763,DPL,מפיץ נאופרם,תחליב רחצה קלאסי לבנדר 700 מל DR OR,ברקודים חדשים,
7290100412770,DPL,מפיץ נאופרם,תחליב רחצה קלאסי מאסק 700 מל DR OR,ברקודים חדשים,
7290100412787,DPL,מפיץ נאופרם,תחליב רחצה קלאסי כותנה 700 מל DR OR,ברקודים חדשים,
7290100412794,DPL,מפיץ נאופרם,פילינג פנים מאסק 150 מל DR OR,ברקודים חדשים,
7290100412800,DPL,מפיץ נאופרם,תחליב רחצה לעור יבש פרחי בר 700 מל DR OR,ברקודים חדשים,
7290100412817,DPL,מפיץ נאופרם,קרם רגליים לעור יבש פרחי בר 100 מל DR OR,ברקודים חדשים,
7290100412831,DPL,מפיץ נאופרם,תחליב רחצה אנטי אייגינג וניל טרופי 700 מל DR OR,ברקודים חדשים,
7290100412848,DPL,מפיץ נאופרם,תחליב גוף אנטי אייגינג וניל טרופי 400 מל DR OR,ברקודים חדשים,
7290100413593,DPL,מפיץ נאופרם,קוויק XL לניקוי כללי - בריח פרחי בר 40 יח,ברקודים חדשים,
7290100413609,DPL,מפיץ נאופרם,קוויק ניקוי כללי  בניחוח הדרים 50 יח'(פסח),ברקודים חדשים,
7290100680155,אסם,אסם,אסם רוטב אלף האיים לייט 6*600מל,ברקודים חדשים,
7290100680520,אסם,אסם,ערגליות שוקולד 3*900גרם,ברקודים חדשים,
7290100680537,אסם,אסם,ערגליות תות שדה 3*900גרם,ברקודים חדשים,
7290100680711,אסם,אסם,אסם פירורית זהב 12*350גרם,ברקודים חדשים,
7290100680728,אסם,אסם,אסם פירורית 20*350גרם,ברקודים חדשים,
7290100680889,אסם,אסם,אסם קרם קרקר פלוס חיטה מלאה 12*300גרם,ברקודים חדשים,
7290100681015,אסם,אסם,אסם פודינג אינסטנט ריבת חלב 12*84גרם,ברקודים חדשים,
7290100681114,אסם,אסם,אסם רוטב סויה בסגנון סיני 6*600מל-חדש,ברקודים חדשים,
7290100681138,אסם,אסם,אפרופו מאח.6 3*50גרם,ברקודים חדשים,
7290100681138,אסם,אסם,אפרופו מאח.10 3*50גרם,ברקודים חדשים,
7290100681244,אסם,אסם,אסם רוטב שום לסלט 9*290מל-חדש,ברקודים חדשים,
7290100681503,אסם,אסם,עסיס לימונענע דיאט 12*1ליטר,ברקודים חדשים,
7290100681510,אסם,אסם,עסיס אשכולית אדומה דיאטטי 12*1ליטר,ברקודים חדשים,
7290100681640,אסם,אסם,לחמית בצל 10*230גרם-חדש,ברקודים חדשים,
7290100682791,אסם,אסם,אסם פודינג אינסטנט וניל מאח.12 3*80ג,ברקודים חדשים,
7290100683200,אסם,אסם,אסם רוטב ברביקיו 9*290מל,ברקודים חדשים,
7290100683217,אסם,אסם,ויטמנצ'יק תפוח 6*2ליטר,ברקודים חדשים,
7290100683613,אסם,אסם,ויטמינצ'יק מנגו אפרסק 12*1ליטר 2015,ברקודים חדשים,
7290100683682,אסם,אסם,אסם פתי בר שוקו 4*1.75קג חדש,ברקודים חדשים,
7290100683880,אסם,אסם,אסם פירה 6*260גרם,ברקודים חדשים,
7290100684306,אסם,אסם,אסם רוטב צ'ילי מתוק 6*600מל,ברקודים חדשים,
7290100684764,אסם,אסם,במבה יום הולדת סרט6 8*25גרם,ברקודים חדשים,
7290100685068,אסם,אסם,אסם פדנג.אינס.ונל.פצפוצי שקלד.12*110ג,ברקודים חדשים,
7290100685136,אסם,אסם,אסם מרק טעם עוף 8*1קג,ברקודים חדשים,
7290100685242,אסם,אסם,במבה מתוקה מחומרים טבעיים סרט 6 8*30גרם,ברקודים חדשים,
7290100685334,אסם,אסם,אסם מרק עוף רכיבים טבעיים בדצ6*400גרם,ברקודים חדשים,
7290100685341,אסם,אסם,אסם מרק זך טעם עוף רכיבים טבעים 6*400ג,ברקודים חדשים,
7290100685525,אסם,אסם,אסם ג'לי תות מארז זוגות קדמ. 24 2*90גרם,ברקודים חדשים,
7290100685563,אסם,אסם,אסם פירורית זהב מאח.6 2*200גרם,ברקודים חדשים,
7290100685600,אסם,אסם,אסם פירורית זהב חיטה מלאה 12*200גרם,ברקודים חדשים,
7290100685938,אסם,אסם,הבית עוגת דבש ותפוח עץ 8*400גרם,ברקודים חדשים,
7290100686164,אסם,אסם,ביסלי ברביקיו מאח.8 6*35גרם,ברקודים חדשים,
7290100686171,אסם,אסם,ביסלי גריל מאח.8 6*35גרם,ברקודים חדשים,
7290100686928,אסם,אסם,הבית עוגת שוקולד פרורים 8*400גרם,ברקודים חדשים,
7290100687109,אסם,אסם,במבה במילוי קרם נוגט 36*60גרם,ברקודים חדשים,
7290100688618,אסם,אסם,אסם 24 גב.גלדה ממותקים ט.שוקו 12*95גרם,ברקודים חדשים,
7290100689301,אסם,אסם,אסם עדיף זך טעם עוף 6*400גרם,ברקודים חדשים,
7290100689820,אסם,אסם,אסם מרק עגב&אורז משולש הטבעיות 10*117ג,ברקודים חדשים,
7290100689844,אסם,אסם,אסם מרק עוף עם אטר.רכיב.טב.10*70גרם,ברקודים חדשים,
7290100700006,סוגת,סוגת,חיטה,ברקודים חדשים,
7290100700075,סוגת,סוגת,פירורי לחם מוזהבים,ברקודים חדשים,
7290100700266,סוגת,סוגת,פרורי לחם לבנים,ברקודים חדשים,
7290100701331,סוגת,סוגת,קמח רב תכליתי,ברקודים חדשים,
7290100701348,סוגת,סוגת,קמח שיפון מלא,ברקודים חדשים,
7290100701355,סוגת,סוגת,קמח תופח מלא,ברקודים חדשים,
7290100701386,סוגת,סוגת,קמחה לחלה,ברקודים חדשים,
7290100701416,סוגת,סוגת,קמח כפרי,ברקודים חדשים,
7290100701577,סוגת,סוגת,קמח לחם,ברקודים חדשים,
7290100701843,סוגת,סוגת,קמח עוגיות,ברקודים חדשים,
7290100701850,סוגת,סוגת,קמח עוגות,ברקודים חדשים,
7290100701881,סוגת,סוגת,קמח פיצה,ברקודים חדשים,
7290100702260,סוגת,סוגת,קוסקוס דק,ברקודים חדשים,
7290100702277,סוגת,סוגת,קוסקוס עבה,ברקודים חדשים,
7290100702284,סוגת,סוגת,קוסקוס מלא,ברקודים חדשים,
7290100702383,סוגת,סוגת,קמח תופח,ברקודים חדשים,
7290100702611,סוגת,סוגת,פתיתים אפויים אורז,ברקודים חדשים,
7290100702628,סוגת,סוגת,פתיתים אפויים קוסקוס,ברקודים חדשים,
7290100702635,סוגת,סוגת,פתיתים אפויים כוכבים,ברקודים חדשים,
7290100702642,סוגת,סוגת,פתיתים אפויים טבעת,ברקודים חדשים,
7290100702659,סוגת,סוגת,פתיתים אפויים מקמח מלא,ברקודים חדשים,
7290100702666,סוגת,סוגת,פתיתים אפויים עם בצל,ברקודים חדשים,
7290100702673,סוגת,סוגת,פתיתים אפויים 3 צבעים,ברקודים חדשים,
7290100702680,סוגת,סוגת,פתיתים אפויים Kids חיות,ברקודים חדשים,
7290100702697,סוגת,סוגת,פתיתים אפויים Kidsמספרים,ברקודים חדשים,
7290100702703,סוגת,סוגת,פתיתים אפויים Kidsאותיות,ברקודים חדשים,
7290100702710,סוגת,סוגת,פתיתים אפויים Kids צורות,ברקודים חדשים,
7290100703489,סוגת,סוגת,פרורי לחם לבנים,ברקודים חדשים,
7290100703496,סוגת,סוגת,פירורי לחם מוזהבים,ברקודים חדשים,
7290100703502,סוגת,סוגת,קמח קסם ללחם מלא,ברקודים חדשים,
7290100703533,סוגת,סוגת,קמח קסם,ברקודים חדשים,
7290100703557,סוגת,סוגת,קמח פוק'צה,ברקודים חדשים,
7290100703632,סוגת,סוגת,קמח מלא ללא ניפוי 1 קג  ,ברקודים חדשים,
7290100703649,סוגת,סוגת,קמח מלא חיטה %80 1 קג ללא<,ברקודים חדשים,
7290100703663,סוגת,סוגת,קמח תופח ללא ניפוי 1 קג ,ברקודים חדשים,
7290100703687,סוגת,סוגת,קמח חלה ללא ניפוי 1 קג  ,ברקודים חדשים,
7290100703861,סוגת,סוגת,קמח תערובת קסם לחלה,ברקודים חדשים,
7290100850008,שטראוס,ממתקים,שוק פרה סוכ קופצות ללג בדצ,ברקודים חדשים,
7290100850336,שטראוס,ממתקים - נצרת,"מיני פ""ז 195 גר/1יח'/195ג'",ברקודים חדשים,
7290100850343,שטראוס,ממתקים - נצרת,מיני מקופלת 200/1יח'/200ג',ברקודים חדשים,
7290100850411,שטראוס,ממתקים - נצרת,מיקס מעורב 190 ג/1יח'/190ג',ברקודים חדשים,
7290100850411,שטראוס,ממתקים - נצרת,מיקס ירוק 190ג מדבקה 2,ברקודים חדשים,
7290100850459,שטראוס,ממתקים - נצרת,מיקס ירוק 390ג מדבקה 2,ברקודים חדשים,
7290100850459,שטראוס,ממתקים - נצרת,מיקס מעורב 390גרם/1יח'/390ג',ברקודים חדשים,
7290100850466,שטראוס,ממתקים - נצרת,"מיקס פ""ז 390 גר/1יח'/390ג'",ברקודים חדשים,
7290100852408,שטראוס,ממתקים - נצרת,בראוניז קוקוס בדצ,ברקודים חדשים,
7290100853689,שטראוס,ממתקים - נצרת,בראוניז שוקולד בדצ,ברקודים חדשים,
7290100854266,שטראוס,ממתקים - נצרת,שוק פרה מריר 60% ללג בדצ,ברקודים חדשים,
7290100857045,שטראוס,ממתקים - נצרת,ספלנדיד קפה  בדצ ללג,ברקודים חדשים,
7290100858219,שטראוס,ממתקים - נצרת,"טבלת פ""ז טראפלס/10יח/110גרם",ברקודים חדשים,
7290100858226,שטראוס,ממתקים - נצרת,"טבלת פ""ז קלאסי/10יח/110גרם",ברקודים חדשים,
7290100858653,שטראוס,ממתקים - נצרת,מיקס חטיפים סגול חדש 390 גרם,ברקודים חדשים,
7290100859162,שטראוס,ממתקים - נצרת,מאג 2 פרה מריר  60%  ללג בדצ,ברקודים חדשים,
7290100859209,שטראוס,ממתקים - נצרת,עלמה בטעם אוכמניות,ברקודים חדשים,
7290100859216,שטראוס,ממתקים - נצרת,עלמה בטעם ספירמינט,ברקודים חדשים,
7290100901748,המברשת רוחמה,המברשת רוחמה,מתקן לכלים+מגש גדול,ברקודים חדשים,
7290100903162,המברשת רוחמה,המברשת רוחמה,דלי צבעוני 19 ליטר עם מכסה,ברקודים חדשים,
7290100921210,הנקל סוד,הוואי שמפו,הוואי שמפו סופרפרוט,ברקודים חדשים,
7290100921401,הנקל סוד,הוואי שמפו,הוואי שמפו קרטין מחזק,ברקודים חדשים,
7290100921418,הנקל סוד,הוואי מרכך,הוואי מרכך קרטין מחזק,ברקודים חדשים,
7290100921517,הנקל סוד,הוואי שמפו,הוואי שמפו משקם ומטפח,ברקודים חדשים,
7290100921524,הנקל סוד,הוואי מרכך,הוואי מרכך משקם ומטפח,ברקודים חדשים,
7290100921548,הנקל סוד,הוואי תחליבי רחצה,הוואי_ק.רחצה_י.סמוזיס,ברקודים חדשים,
7290100921760,הנקל סוד,הוואי שמפו,הוואי שמפו ספורט לגבר,ברקודים חדשים,
7290100921777,הנקל סוד,הוואי תחליבי רחצה,הוואי ת.רחצה מקדמיה,ברקודים חדשים,
7290100922132,הנקל סוד,הוואי מוצק יוגורט,הוואי ס.מ יוגורט קוקוס,ברקודים חדשים,
7290100922156,הנקל סוד,הוואי מוצק,הוואי ס.מ שחור מסתורי ערבית,ברקודים חדשים,
7290100922309,הנקל סוד,הוואי מוצק,הוואי ס.מוצק פינק פאשן,ברקודים חדשים,
7290100922316,הנקל סוד,הוואי תחליבי רחצה,הוואי ת.רחצה פינק פשין,ברקודים חדשים,
7290100922316,הנקל סוד,הוואי תחליבי רחצה,הוואי_ג.רחצה_פינק פשין,ברקודים חדשים,
7290100922385,הנקל סוד,הוואי שמפו,הוואי שמפו נקטר מזין,ברקודים חדשים,
7290100922392,הנקל סוד,הוואי מרכך,הוואי מרכך נקטר,ברקודים חדשים,
7290100922408,הנקל סוד,הוואי תחליבי רחצה,הוואי ת.רחצה נקטר,ברקודים חדשים,
7290100922422,הנקל סוד,הוואי מוצק יוגורט,הוואי ס.מ נקטר מזין,ברקודים חדשים,
7290100922514,הנקל סוד,הוואי תחליבי רחצה,הוואי ת.רחצה יוג שקדים,ברקודים חדשים,
7290100922545,הנקל סוד,הוואי שמפו,הוואי שמפו קריסטל גלוס,ברקודים חדשים,
7290100922552,הנקל סוד,הוואי מרכך,הוואי מרכך קריסטל גלוס,ברקודים חדשים,
7290100922569,הנקל סוד,קרמים,וולוטה קרם ידיים *3 80,ברקודים חדשים,
7290100922606,הנקל סוד,הוואי שמפו,הוואי שמפו 7 שמני פרחי,ברקודים חדשים,
7290100922613,הנקל סוד,הוואי מרכך,הוואי מרכך 7 שמני פרחי,ברקודים חדשים,
7290100922620,הנקל סוד,הוואי תחליבי רחצה,הוואי ת. רחצה מי קוקוס,ברקודים חדשים,
7290100922637,הנקל סוד,הוואי ס.נוזלי שלישיה,הוואי ס.נוזלי 3* קוקוס,ברקודים חדשים,
7290100922651,הנקל סוד,הוואי מוצק,הוואי_ס.מוצק_מי קוקוס,ברקודים חדשים,
7290100922668,הנקל סוד,הוואי תחליבי רחצה,הוואי ת.רחצה גן עדן,ברקודים חדשים,
7290100922699,הנקל סוד,הוואי לילדים,הוואי אל סבון ילד בנות,ברקודים חדשים,
7290100922705,הנקל סוד,הוואי לילדים,הוואי אל סבון ילד בנים,ברקודים חדשים,
7290100923108,הנקל סוד,הוואי תחליבי רחצה,הוואי ת.רחצה וניל דבש,ברקודים חדשים,
7290100923108,הנקל סוד,הוואי תחליבי רחצה,הוואי_ת.רחצה_וניל דבש,ברקודים חדשים,
7290100923122,הנקל סוד,הוואי תחליבי רחצה,הוואי ת.רחצה יוג קוקוס,ברקודים חדשים,
7290100923146,הנקל סוד,הוואי תחליבי רחצה,הוואי_ת.רחצה_מגנוליה,ברקודים חדשים,
7290100923146,הנקל סוד,הוואי תחליבי רחצה,הוואי ת.רחצה מגנוליה,ברקודים חדשים,
7290100923153,הנקל סוד,הוואי תחליבי רחצה,הוואי_ת.רח_קוקוס וקקאו,ברקודים חדשים,
7290100923177,הנקל סוד,הוואי תחליבי רחצה,הוואי ת.רחצה סחלבים,ברקודים חדשים,
7290100928844,הנקל סוד,הוואי תחליבי רחצה,הוואי_ק.רחצה_יוקרתיים,ברקודים חדשים,
7290100929674,הנקל סוד,הוואי תחליבי רחצה,הוואי ת.רחצה גרדניה,ברקודים חדשים,
7290100929681,הנקל סוד,הוואי תחליבי רחצה,הוואי ת.רחצה אריזיסטיב,ברקודים חדשים,
7290100929698,הנקל סוד,הוואי תחליבי רחצה,הוואי ת.רחצה פול פורס,ברקודים חדשים,
7290101594581,המברשת רוחמה,המברשת רוחמה,"מטאטא אולמות פלסטיק 60 ס""מ",ברקודים חדשים,
7290102031276,שטראוס,מחלבה,אקטימל 8 תות בננה,ברקודים חדשים,
7290102032259,שטראוס,ממתקים - נצרת,טבלת פסק זמן קלאסי מגדים,ברקודים חדשים,
7290102035007,שטראוס,ממתקים - נצרת,בזוקה מגדים ללס בטעם קלאסי,ברקודים חדשים,
7290102390953,החברה המרכזית,טרה,יוגורט 7% - בכד 1.5 ליטר ,ברקודים חדשים,
7290102392049,החברה המרכזית,משק צוריאל,תבור - גבינה לאפייה 5% - 500 גרם,ברקודים חדשים,
7290102392094,החברה המרכזית,משק צוריאל,חלב עיזים בקרטון 1 ליטר,ברקודים חדשים,
7290102392254,החברה המרכזית,טרה,חלב בקרטון 1% - 2 ליטר   (פ)      ,ברקודים חדשים,
7290102392636,החברה המרכזית,טרה,"שמנת מתוקה עמידה  38% - 250 מ""ל (פ)",ברקודים חדשים,
7290102392636,החברה המרכזית,טרה,"שמנת מתוקה עמידה  38% - 250 מ""ל (פ)",ברקודים חדשים,
7290102393268,החברה המרכזית,טרה,גבינה לבנה 5% 750 גרם  (פ),ברקודים חדשים,
7290102393299,החברה המרכזית,משק צוריאל,יוגורט עיזים לשתייה 3% שומן - 500 גרם,ברקודים חדשים,
7290102393718,החברה המרכזית,משק צוריאל,חלומי  בקר 200 גרם,ברקודים חדשים,
7290102393848,החברה המרכזית,משק צוריאל,יוגורט עיזים עם תות ,ברקודים חדשים,
7290102393855,החברה המרכזית,משק צוריאל,יוגורט עיזים עם אפרסק,ברקודים חדשים,
7290102394258,החברה המרכזית,משק צוריאל,מה עז 9% 180 גרם,ברקודים חדשים,
7290102394326,החברה המרכזית,משק צוריאל,בולגרית 5% אריזה שקופה 250 גרם,ברקודים חדשים,
7290102394463,החברה המרכזית,טרה,גבינה צהובה נעם 500 פרוס ואקום 28%  ,ברקודים חדשים,
7290102394487,החברה המרכזית,טרה,גבינה צהובה נעם 50 גרם ואקום 28%,ברקודים חדשים,
7290102394814,החברה המרכזית,טרה,חמאה 200 גרם  (פ),ברקודים חדשים,
7290102394821,החברה המרכזית,טרה,"גבנ""צ דק דק נעם פתיחה חוזרת 28% 200 גרם ",ברקודים חדשים,
7290102394845,החברה המרכזית,טרה,"גבנ""צ דק דק נעם פתיחה חוזרת 9% 200 גרם ",ברקודים חדשים,
7290102395101,החברה המרכזית,טרה,ממרח גבינה ושוקולד 200 גרם,ברקודים חדשים,
7290102395347,החברה המרכזית,טרה,"יוגורט כד 3 ק""ג 7% שומן ",ברקודים חדשים,
7290102395378,החברה המרכזית,טרה,גבינה צהובה נעם 28% ואקום 360 גרם פרוס ,ברקודים חדשים,
7290102395408,החברה המרכזית,טרה,חריץ גבינה צהובה נעם 28% 3.15 קג  (פ),ברקודים חדשים,
7290102395415,החברה המרכזית,טרה,חריץ גבינה צהובה נעם 9%  3.15 קג ,ברקודים חדשים,
7290102395422,החברה המרכזית,טרה,חריץ גבינה צהובה נעם 22% 3.15 קג  (פ),ברקודים חדשים,
7290102395446,החברה המרכזית,טרה,מוו וניל וקצפת ,ברקודים חדשים,
7290102395460,החברה המרכזית,טרה,מוו שוקולד אגוזים וקצפת ,ברקודים חדשים,
7290102395477,החברה המרכזית,טרה,מוו שוקולד קצפת ,ברקודים חדשים,
7290102395521,החברה המרכזית,טרה,"שמנת לבישול 15% 500 מ""ל",ברקודים חדשים,
7290102395774,החברה המרכזית,משק צוריאל,צפתית מעודנת 5% אריזה שקופה 200 גרם,ברקודים חדשים,
7290102395958,החברה המרכזית,טרה,יוגורט 4% בכד 3 ליטר ,ברקודים חדשים,
7290102396382,החברה המרכזית,משק צוריאל,צפתית עיזים מעודנת 9% 200 גרם,ברקודים חדשים,
7290102396399,החברה המרכזית,טרה,מאגדת שמינייה - מעדן שוקולד 100 ג' ,ברקודים חדשים,
7290102396405,החברה המרכזית,טרה,מאגדת שמינייה - מעדן וניל 100 ג' ,ברקודים חדשים,
7290102396436,החברה המרכזית,טרה,מוו - מעדן שוקולד 1.5% 125 גרם,ברקודים חדשים,
7290102396443,החברה המרכזית,טרה,מוו - מעדן וניל 1.5%  125 גרם ,ברקודים חדשים,
7290102396498,החברה המרכזית,טרה,מעדן יוגורט בטעם תות 3% 125 גרם,ברקודים חדשים,
7290102396580,החברה המרכזית,טרה,מעדן מוו שוקולד ומוס שוקולד 118 גרם ,ברקודים חדשים,
7290102396597,החברה המרכזית,טרה,מעדן מוו וניל ומוס שוקולד 118 גרם,ברקודים חדשים,
7290102396665,החברה המרכזית,טרה,"גבנ""צ נעם דק דק פתח סגור 15% 200 גרם ",ברקודים חדשים,
7290102396672,החברה המרכזית,טרה,"גבנ""צ דק דק נעם פתיחה חוזרת 9% 360 גרם ",ברקודים חדשים,
7290102396757,החברה המרכזית,טרה,שוקו 1 ליטר קרטון ,ברקודים חדשים,
7290102396764,החברה המרכזית,טרה,שוקו 2 ליטר קרטון ,ברקודים חדשים,
7290102396771,החברה המרכזית,טרה,"שוקו 500 מ""ל ",ברקודים חדשים,
7290102396788,החברה המרכזית,טרה,"שוקו בשקית 200 מ""ל ",ברקודים חדשים,
7290102396795,החברה המרכזית,טרה,שישיית שוקו-מאגדת ,ברקודים חדשים,
7290102396948,החברה המרכזית,טרה,חלב בקרטון  3% -1 ליטר  (פ),ברקודים חדשים,
7290102396955,החברה המרכזית,טרה,חלב בקרטון 3% - 2 ליטר  (פ),ברקודים חדשים,
7290102396962,החברה המרכזית,טרה,חלב בשקית 3% - 1 ליטר  (פ),ברקודים חדשים,
7290102397075,החברה המרכזית,טרה,יוגורט 4% בקרטון 1.5 ליטר ,ברקודים חדשים,
7290102397204,החברה המרכזית,טרה,"גבנ""צ דק דק נעם פתיחה חוזרת 22% 200 גרם ",ברקודים חדשים,
7290102397310,החברה המרכזית,טרה,מאגדת שמינייה מיני מוו שוקולד קצפת ,ברקודים חדשים,
7290102397334,החברה המרכזית,משק צוריאל,בולגרית גלילית 5% 250 גרם,ברקודים חדשים,
7290102397341,החברה המרכזית,משק צוריאל,בולגרית גלילית 24% 250 גרם,ברקודים חדשים,
7290102397532,החברה המרכזית,טרה,גבינה לבנה 9% 250 גרם ,ברקודים חדשים,
7290102397679,החברה המרכזית,טרה,קוטג' וחצי 5% 375 גרם ,ברקודים חדשים,
7290102397686,החברה המרכזית,משק צוריאל,בולגרית מעודנת 5% אריזה שקופה 200 גרם,ברקודים חדשים,
7290102397730,החברה המרכזית,טרה,"אמנטל נעם  30% פתיחה חוזרת  , 200 גרם",ברקודים חדשים,
7290102397747,החברה המרכזית,טרה,מוצרלה נעם רכיבים טבעיים פ.ס - 200 גרם,ברקודים חדשים,
7290102397785,החברה המרכזית,טרה,"גבינת קרם שמנת 5% עם פלפלים ,200 גרם ",ברקודים חדשים,
7290102397891,החברה המרכזית,משק צוריאל,גבינה מותכת 100 גרם צוריאל,ברקודים חדשים,
7290102397990,החברה המרכזית,משק צוריאל,צפתית קלאסית  5% -200 גרם,ברקודים חדשים,
7290102398058,החברה המרכזית,טרה,חלב בשקית 3% - 1 ליטר  (פ),ברקודים חדשים,
7290102398065,החברה המרכזית,טרה,חלב בקרטון 3% 2 ליטר  (פ),ברקודים חדשים,
7290102398072,החברה המרכזית,טרה,חלב בקרטון 3%-1 ליטר (פ),ברקודים חדשים,
7290102398089,החברה המרכזית,טרה,שמנת מתוקה 42% - 2 ליטר ,ברקודים חדשים,
7290102398317,החברה המרכזית,טרה,חלב 1 ליטר מועשר בחלבון,ברקודים חדשים,
7290102398324,החברה המרכזית,טרה,חלב מועשר 1 ליטר  BIO סיבים תזונתיים,ברקודים חדשים,
7290102398331,החברה המרכזית,טרה,חלב 1 ליטר מועשר דל לקטוז,ברקודים חדשים,
7290102398409,החברה המרכזית,טרה,חלב 3% 15 ליטר (מילקיט) ,ברקודים חדשים,
7290102398416,החברה המרכזית,טרה, גבינת קרם שמנת 5% עם בצל קלוי,ברקודים חדשים,
7290102398423,החברה המרכזית,טרה, גבינת קרם שמנת 5% בסגנון ציזיקי,ברקודים חדשים,
7290102398478,החברה המרכזית,טרה,לאבנה 9% 500 גרם,ברקודים חדשים,
7290102840175,מיה מוצרי מזון,מיה מוצרי מזון,פודינג וניל 85גרם,ברקודים חדשים,מסמן על אריזות
7290102840182,מיה מוצרי מזון,מיה מוצרי מזון,פודינג שוקולד 85גרם בד'ץ,ברקודים חדשים,מסמן על אריזות
7290102840199,מיה מוצרי מזון,מיה מוצרי מזון,ג'לי משמש 90גרם,ברקודים חדשים,מסמן על אריזות
7290102840205,מיה מוצרי מזון,מיה מוצרי מזון,ג'לי תות 90גרם,ברקודים חדשים,מסמן על אריזות
7290103400194,שטראוס,אחלה,"כרוב לבן 400 ג'  בד""צ ירקות שטראוס",ברקודים חדשים,
7290103400231,שטראוס,אחלה,"גזר 400 ג'  בד""צ ירקות שטראוס",ברקודים חדשים,
7290103400255,שטראוס,אחלה,"סלט קולסלאו 400 ג בד""צ ירקות שטראוס",ברקודים חדשים,
7290103402815,שטראוס,ממתקים - נצרת,8 אצבעות שוקולד קרם חלב,ברקודים חדשים,
7290103402839,שטראוס,ממתקים - נצרת,אצבעות קרם שוקולד ועדשים,ברקודים חדשים,
7290103402853,שטראוס,ממתקים - נצרת,אצבעות פרה חלב מגדים,ברקודים חדשים,
7290103402860,שטראוס,ממתקים - נצרת,אצבעות פרה שוקולד ועדשים מגדים,ברקודים חדשים,
7290103403874,שטראוס,ממתקים - נצרת,טבלת פסק זמן לבן עם תחתית חומה,ברקודים חדשים,
7290103404024,שטראוס,ממתקים - נצרת,"מאגדת SHAPE חטיף לל""ס אגוזים",ברקודים חדשים,
7290103404758,שטראוס,אחלה,כרוב אדום 120 גרם ,ברקודים חדשים,כן
7290103406806,שטראוס,ממתקים - נצרת,עוגה בטעם שוקולד בדצ,ברקודים חדשים,
7290103407223,שטראוס,ממתקים - נצרת,אצבעות שוקלד סוכריות קופצות,ברקודים חדשים,
7290103407902,שטראוס,מחלבה,מארז 8 מיני מילקי בטעם שוקולד,ברקודים חדשים,
7290103408206,שטראוס,אחלה,עלי חסה בקופסא 250 גרם ירקות שטראוס,ברקודים חדשים,
7290103700041,שניב,שניב,טאצ' מטליות רב שימושיות מארז תשיעייה,ברקודים חדשים,
7290103700072,שניב,שניב,טאצ' מטליות זיג זג לרצפה שלישייה,ברקודים חדשים,
7290103700089,שניב,שניב,מגבות מותג 6,ברקודים חדשים,
7290103700096,שניב,שניב,מגבות מותג 8,ברקודים חדשים,
7290103700102,שניב,שניב,מגבות טאצ' 8,ברקודים חדשים,
7290103700157,שניב,שניב,טואלט מותג 32 חמאה מהדורה לחג,ברקודים חדשים,
7290103700195,שניב,שניב,טאצ' רדיד אלומיניום קצר זוג,ברקודים חדשים,
7290103700379,שניב,שניב,טאצ' כריות קרצוף ענקיות 3 יח',ברקודים חדשים,
7290103700386,שניב,שניב,טאצ' כריות קרצוף 6 יחידות,ברקודים חדשים,
7290103700393,שניב,שניב,טאצ' כריות קרצוף 4 יחידות,ברקודים חדשים,
7290103700645,שניב,שניב,טואלט חתוך מותג עשירייה,ברקודים חדשים,
7290103700669,שניב,שניב,מפיות מותג 180,ברקודים חדשים,
7290103700997,שניב,שניב,טואלט לובלי 40,ברקודים חדשים,
7290103702229,שניב,שניב,טאצ' מפות שולחן שמיניה עבות במיוחד,ברקודים חדשים,
7290103702236,שניב,שניב,טאצ' מפות שולחן שישייה עבות במיוחד,ברקודים חדשים,
7290103702298,שניב,שניב,טאצ' אשפתון עבה 50 יח' בגליל 77*90,ברקודים חדשים,
7290103702304,שניב,שניב,טאצ' אשפתון עבה במיוחד 35 יחידות בגליל 77*90,ברקודים חדשים,
7290103702328,שניב,שניב,טאצ' אשפתון עבה וחזק במיוחד 25 יח בגליל 75*90,ברקודים חדשים,
7290103702458,שניב,שניב,טואלט מותג 32 ידידותי לסביבה,ברקודים חדשים,
7290103702489,שניב,שניב,טואלט חתוך טאצ 800,ברקודים חדשים,
7290103702526,שניב,שניב,ממחטות טאצ' 100 בקופסא,ברקודים חדשים,
7290103702779,שניב,שניב,מפיות טאצ' 150,ברקודים חדשים,
7290103702823,שניב,שניב,טואלט פרש 48,ברקודים חדשים,
7290103727000,שניב,שניב,ממחטות מותג חמישיה,ברקודים חדשים,
7290103742003,שניב,שניב,מגבות טאצ' 6,ברקודים חדשים,
7290103746001,שניב,שניב,ממחטות טאצ' חמישיה,ברקודים חדשים,
7290104060120,שטראוס,מחלבה,יוגורט 3ליטר 4.5% שומן,ברקודים חדשים,
7290104060403,שטראוס,ממתקים - נצרת,בזוקה מגדים ללס בטעם ענבים,ברקודים חדשים,
7290104060984,שטראוס,ממתקים - נצרת,אצב' שוק מגד סוכ קופצות,ברקודים חדשים,
7290104061127,שטראוס,ממתקים - נצרת,עוגת שוקוציפס בדצ,ברקודים חדשים,
7290104061219,שטראוס,ממתקים - נצרת,רבע לשבע אגוזים,ברקודים חדשים,
7290104061417,שטראוס,אחלה,חומוס טחינה 400,ברקודים חדשים,כן
7290104061424,שטראוס,אחלה,חומוס זעתר 400,ברקודים חדשים,כן
7290104061431,שטראוס,אחלה,חומוס צנובר 400,ברקודים חדשים,כן
7290104061448,שטראוס,אחלה,חומוס חריף 400,ברקודים חדשים,כן
7290104062599,שטראוס,מחלבה,גמדים בכפית 8 תות בננה דיסני,ברקודים חדשים,
7290104065934,שטראוס,אחלה,עלי רוקט 150 ג' ירקות שטראוס,ברקודים חדשים,
7290104066016,שטראוס,מחלבה,מילקי טופ עדשים,ברקודים חדשים,
7290104066566,שטראוס,אחלה,טחינה 500 גרם ,ברקודים חדשים,כן
7290104067198,שטראוס,ממתקים - נצרת,ספלנדיד תפוז בדצ ללג,ברקודים חדשים,
7290104067495,שטראוס,ממתקים - נצרת,כיף כף אקסטרה קרם,ברקודים חדשים,
7290104067518,שטראוס,ממתקים - נצרת,כיף כף לבן מגדים 45ג חדש,ברקודים חדשים,
7290104067679,שטראוס,אחלה,טחינה 400 ,ברקודים חדשים,כן
7290104067693,שטראוס,אחלה,חומוס עם חריף 150 גרם,ברקודים חדשים,כן
7290104067747,שטראוס,ממתקים - נצרת,"וופל מצופה אישי מוסדי בד""צ",ברקודים חדשים,
7290104068539,שטראוס,ממתקים - נצרת,מאסט מגדים אבטיח מלון 28 ג',ברקודים חדשים,
7290104068546,שטראוס,ממתקים - נצרת,מאסט מגדים קולה לימון 28 ג',ברקודים חדשים,
7290104069680,שטראוס,אחלה,עלי תרד 300 ג' ירקות שטראוס,ברקודים חדשים,
7290104069864,שטראוס,מחלבה,מילקי שוקולד ייעודי,ברקודים חדשים,
7290104500572,אסם,אסם,אפרופו איטלקי 36*50גרם,ברקודים חדשים,
7290104501661,אסם,אסם,אסם פודינג בטעם וניל צרפתי 12*80גרם,ברקודים חדשים,
7290104502903,אסם,אסם,אסם ביסקוויט ללא גלוטן 12*200גרם,ברקודים חדשים,
7290104503184,אסם,אסם,הבית עוגת שבת בראוניס ט.שקלד.ר.חלב8*380ג,ברקודים חדשים,
7290104503269,אסם,אסם,אסם פודינג בטעם שוקולד מריר 12*95גרם,ברקודים חדשים,
7290104504228,אסם,אסם,דובונים קדמ.מארז אחיד 8 5*20גרם,ברקודים חדשים,
7290104505010,אסם,אסם,אסם בייגלה שטוחים מלח על סרט4 6*60ג,ברקודים חדשים,
7290104506079,אסם,אסם,במבה מתוקה מגזר ערבי 28*25גרם,ברקודים חדשים,
7290104508189,אסם,אסם,אסם 24 גביעי גלידה ממותקים 12*95גרם,ברקודים חדשים,
7290104508882,אסם,אסם,צבר חציל בלאדי במיונז רפי 6*400גרם,ברקודים חדשים,
7290104508943,אסם,אסם,במבה קלאסי 18*200 גרם,ברקודים חדשים,
7290104509568,אסם,אסם,במבה קלאסי ללא גלוטן 24*80גרם,ברקודים חדשים,
7290104720499,שטראוס,מחלבה,מארז 8 דני וניל,ברקודים חדשים,
7290104721533,שטראוס,אחלה,פלפל קלויים 400,ברקודים חדשים,כן
7290104721793,שטראוס,מחלבה,סקי 50 גר' מוסדי ארסיל 3,ברקודים חדשים,
7290104721953,שטראוס,אחלה,לקט מסולסלים 350 ג' ירקות שטראוס,ברקודים חדשים,
7290104722028,שטראוס,ממתקים - נצרת,שוק פרה לבן מגדים/ 24 יח,ברקודים חדשים,
7290104722219,שטראוס,ממתקים - נצרת,עוגת שוקולד עם קרם שוקולד בדצ,ברקודים חדשים,
7290104722455,שטראוס,אחלה,"כרוב אדום 400 ג' בד""צ  ירקות שטראוס",ברקודים חדשים,
7290104724190,שטראוס,מחלבה,סימפוניה פימנטה פיקנטו 5%,ברקודים חדשים,
7290104724718,שטראוס,ממתקים - נצרת,שוק. חלב במילוי ק.נוגט מגדים,ברקודים חדשים,
7290104725326,שטראוס,מחלבה,קוטג 400 גרם,ברקודים חדשים,
7290104726262,שטראוס,מחלבה,דני שלוק 4 שוקולד דיסני V1,ברקודים חדשים,
7290104726484,שטראוס,ממתקים - נצרת,טופי פרצופי מגדים 150 ג',ברקודים חדשים,
7290104726712,שטראוס,מחלבה,מארז 8 מילקי בטעם שוקולד,ברקודים חדשים,
7290104727252,שטראוס,אחלה, פסטו בזיליקום ואגוזים איטלקי 140 גר',ברקודים חדשים,
7290104727467,שטראוס,אחלה,מטבל עגבניות מיובשות 140 גר',ברקודים חדשים,
7290104727726,שטראוס,ממתקים - נצרת, מאג 5 פרה מריר ללג  בדצ,ברקודים חדשים,
7290104728310,יטבתה,יטבתה,שמנת להקצפה 38% מהדרין,ברקודים חדשים,
7290104728747,שטראוס,אחלה,החומוסייה של אבי חלק 400 גרם,ברקודים חדשים,כן
7290104729010,יטבתה,יטבתה,לבן בטעם תות 100 מל'- מהדרין,ברקודים חדשים,
7290104729492,שטראוס,ממתקים,מאג 5 פרה חלב ללג בדצ,ברקודים חדשים,
7290104961205,סנו,סנו,"נקה 7 תחליב רחצה 750 מ""ל",ברקודים חדשים,
7290105360038,שטראוס,ממתקים,מאג 7 פרה חלב ללג בדצ,ברקודים חדשים,
7290105361578,שטראוס,אחלה,החומוסייה של אבי  יפו 400 גרם,ברקודים חדשים,כן
7290105361707,שטראוס,ממתקים - נצרת,כיף כיף לבן 45 גר',ברקודים חדשים,
7290105362339,יטבתה,יטבתה,שמנת לבישול 15% מהדרין- ח,ברקודים חדשים,
7290105362377,שטראוס,ממתקים - נצרת,כיף כף חלב מגדים 45ג חדש,ברקודים חדשים,
7290105363572,שטראוס,ממתקים - נצרת,פרה ביסקוויט מגדים,ברקודים חדשים,
7290105364678,שטראוס,מחלבה,משקה אקטיביה אפרסק 1.2% בודד,ברקודים חדשים,
7290105364784,שטראוס,ממתקים - נצרת,פרה קראנצ ביסקוויט שוקולד לבן 100ג,ברקודים חדשים,
7290105364883,שטראוס,ממתקים - נצרת,עד חצות לבן,ברקודים חדשים,
7290105364944,שטראוס,אחלה,חציל בלאדי בשמן זית ומלח ים 400 גרם,ברקודים חדשים,כן
7290105366023,שטראוס,אחלה,חצילים בטעם כבד 400 גרם,ברקודים חדשים,כן
7290105366030,שטראוס,אחלה,חומוס  1 קילו לניגוב,ברקודים חדשים,כן
7290105366047,שטראוס,אחלה,טחינה לבנה  400 גרם,ברקודים חדשים,כן
7290105366054,שטראוס,אחלה,טחינה לבנה עם פטרוזיליה טריה 400 גרם,ברקודים חדשים,כן
7290105366061,שטראוס,אחלה,חציל בלאדי וטחינה 400 גרם,ברקודים חדשים,כן
7290105366108,שטראוס,ממתקים - נצרת,מאג 7 פרה מריר ללג בדצ,ברקודים חדשים,
7290105366504,שטראוס,ממתקים - נצרת,8  אצבעות שוקלד לבן לילדים,ברקודים חדשים,
7290105366962,שטראוס,ממתקים - נצרת,בונבו' מיני שוקולד 200 ג' /6 יח',ברקודים חדשים,
7290105366993,שטראוס,מחלבה,סימפוניה פילפל שיפקה חריף,ברקודים חדשים,
7290105368225,שטראוס,אחלה,חומוס עם פלפל שיפקה,ברקודים חדשים,כן
7290105368331,שטראוס,מחלבה,מילקי בטעם תות,ברקודים חדשים,
7290105368881,יטבתה,יטבתה,חלב מועשר 3%  1.75,ברקודים חדשים,כן
7290105368898,יטבתה,יטבתה,לבן בטעם אפרסק-מהדרין,ברקודים חדשים,
7290105368904,יטבתה,יטבתה,שמנת מתוקה להקצפה 32% מהדרין-ח,ברקודים חדשים,
7290105368928,יטבתה,יטבתה,שמנת  9% 200 גר-מהדרין,ברקודים חדשים,
7290105368959,יטבתה,יטבתה,"פונץ' בננה 250 מ""ל פקק ספורטאים-מהדרין",ברקודים חדשים,
7290105369130,שטראוס,מחלבה,סימפוניה בצל ירוק,ברקודים חדשים,
7290105369147,שטראוס,ממתקים - נצרת,ספלנדיד פרות יער  בדצ ללג,ברקודים חדשים,
7290105470683,ביופט,"לה-קט - משווק ע""י דיפלומט","לה-קט חתולי בית 2.85 ק""ג",ברקודים חדשים,
7290105474124,ביופט,"בוזנו - משווק ע""י דיפלומט","בונזו בשר 12 ק""ג מחולק",ברקודים חדשים,
7290105474124,ביופט,"בוזנו - משווק ע""י דיפלומט","בונזו בשר 12+2 ק""ג מחולק",ברקודים חדשים,
7290105474186,ביופט,"בוזנו - משווק ע""י דיפלומט","בונזו ארוחת בריאות 3 ק""ג",ברקודים חדשים,
7290105475855,ביופט,"בוזנו - משווק ע""י דיפלומט","בונזו סנסיטיב 3 ק""ג",ברקודים חדשים,
7290105477538,ביופט,"בוזנו - משווק ע""י דיפלומט","בונזו בשר 12+2 ק""ג מחולק חדש",ברקודים חדשים,
7290105477545,ביופט,"בוזנו - משווק ע""י דיפלומט","בונזו בשר 1+3 ק""ג תוספת חדש",ברקודים חדשים,
7290105477590,ביופט,"בוזנו - משווק ע""י דיפלומט","בונזו גזע קטן 3+1 ק""ג חדש",ברקודים חדשים,
7290105477606,ביופט,"בוזנו - משווק ע""י דיפלומט","בונזו סניור 7+ 3+1 ק""ג חדש",ברקודים חדשים,
7290105690456,אסם,אסם,אסם זוג מרק נמס אפונה בדץ 14*52גרם,ברקודים חדשים,
7290105690692,אסם,אסם,אסם זוג מרק נמס ירקות בדץ10*56גרם,ברקודים חדשים,
7290105690777,אסם,אסם,אסם זוג מרק נמס פטריות בדץ14*48גרם,ברקודים חדשים,
7290105691064,אסם,אסם,אסם שקדי מרק קדמ.מארז זוגות 6 2*400גרם,ברקודים חדשים,
7290105691224,אסם,אסם,אסם חטיפי פריכונים טורטיה שום בצל 12*60ג,ברקודים חדשים,
7290105691248,אסם,אסם,אסם חטיפי פריכונים טורטיה תירס 12*60גרם,ברקודים חדשים,
7290105691323,אסם,אסם,בית השיטה חרוזית בתיבול לימון א2 12*275ג,ברקודים חדשים,
7290105691415,אסם,אסם,אסם בייגלה שמיניות ללא גלוטן 6*250גרם,ברקודים חדשים,
7290105691491,אסם,אסם,פופקו מגזר ערבי 28*40גרם,ברקודים חדשים,
7290105691552,אסם,אסם,במבה מגזר ערבי 60*30גרם,ברקודים חדשים,
7290105691699,אסם,אסם,אסם עוגיות ביס בטעם חמאה 6*300גרם,ברקודים חדשים,
7290105691712,אסם,אסם,אסם עוגיות הפסקת קפה חיטה מלאה 12*230גרם,ברקודים חדשים,
7290105691897,אסם,אסם,אסם קוסקוס עם חיטה מלאה 12*350גרם,ברקודים חדשים,
7290105691934,אסם,אסם,אסם קמח שמרים 10*1קג,ברקודים חדשים,
7290105692078,אסם,אסם,ביסלי ברביקיו מגזר ערבי 60*50גרם,ברקודים חדשים,
7290105692092,אסם,אסם,ביסלי גריל מגזר ערבי 60*50גרם,ברקודים חדשים,
7290105692436,אסם,אסם,במבה מגזר ערבי מאח.12 19*15גרם,ברקודים חדשים,
7290105693341,אסם,אסם,במבה מאח.15 10*25גרם,ברקודים חדשים,
7290105693457,אסם,אסם,הבית עוגת דמקה שוקו וניל 8*320גרם,ברקודים חדשים,
7290105693952,אסם,אסם,אסם פירורית זהב שומשום 12*200גרם,ברקודים חדשים,
7290105694867,אסם,אסם,צבר אריסה 6*150גרם,ברקודים חדשים,
7290105694881,אסם,אסם,צבר סחוג ירוק 6*150גרם,ברקודים חדשים,
7290105694904,אסם,אסם,אסם אב.מרק פטריות ר.טבעי.מיכל קטן 6*220ג,ברקודים חדשים,
7290105694928,אסם,אסם,אסם אב.מרק בצל ר.טבעי.מיכל קטן 6*220גרם,ברקודים חדשים,
7290105694966,אסם,אסם,צבר סחוג אדום 6*150גרם,ברקודים חדשים,
7290105695024,אסם,אסם,אסם פתיתים אפויים אורז עם אטריות 12*500ג,ברקודים חדשים,
7290105695093,אסם,אסם,צבר חזרת רפי 6*150גרם,ברקודים חדשים,
7290105695215,אסם,אסם,אסם מרק נמס סוף XL ירק.ושקדי מרק2 10*28ג,ברקודים חדשים,
7290105695321,אסם,אסם,הבית עוגת בראוניס פאדג' 8*380גרם,ברקודים חדשים,
7290105695536,אסם,אסם,אסם אב.מרק ירקות שורש ר.טבעיים 6*220גרם,ברקודים חדשים,
7290105695895,אסם,אסם,הבית עוגת דמקה דבש 8*320גרם,ברקודים חדשים,
7290105695994,אסם,אסם,אסם רוטב סויה 9*290מל,ברקודים חדשים,
7290105961181,יטבתה,יטבתה,פונץ' בננה 1 ליטר-מהדרין,ברקודים חדשים,
7290105961280,שטראוס,ממתקים - נצרת,מיקס ירוק מגדים 190ג,ברקודים חדשים,
7290105961280,שטראוס,ממתקים - נצרת,מיקס ירוק מגדים 190ג מדבקה,ברקודים חדשים,
7290105961525,שטראוס,ממתקים - נצרת,ספלנדיד מריר 85% בדצ ללג,ברקודים חדשים,
7290105961778,שטראוס,ממתקים - נצרת,8  אצבעות שוק לבן מגדים,ברקודים חדשים,
7290105962980,שטראוס,אחלה,כרוב אדום 400,ברקודים חדשים,כן
7290105962997,שטראוס,אחלה,חציל במיונז 400,ברקודים חדשים,כן
7290105963000,שטראוס,אחלה,מטבוחה 400,ברקודים חדשים,כן
7290105963864,שטראוס,אחלה,חזרת 220 גרם,ברקודים חדשים,
7290105964564,שטראוס,אחלה,חומוס אחלה 400 גרם ,ברקודים חדשים,כן
7290105965493,שטראוס,ממתקים - נצרת,ספלנדיד מריר 62% עם מוס שוקולד,ברקודים חדשים,
7290105965509,שטראוס,ממתקים - נצרת,ספלנדיד מריר 62% עם מוס גאנדויה,ברקודים חדשים,
7290105965516,שטראוס,ממתקים - נצרת,ספלנדיד חלב 36% עם מוס אספרסו,ברקודים חדשים,
7290105965530,שטראוס,ממתקים - נצרת,בונ' לב לבן 50 גר' במילוי קרם אגוזים,ברקודים חדשים,
7290105965738,שטראוס,מחלבה,דנונה לשתיה תות בננה 267גר',ברקודים חדשים,
7290105966667,שטראוס,ממתקים - נצרת,צנצנת בזוקה גולים מגדים ללס,ברקודים חדשים,
7290105968067,שטראוס,אחלה,חומוס לניגוב על גרגרים 400 גרם,ברקודים חדשים,כן
7290105968098,שטראוס,אחלה,קולסלאו 500,ברקודים חדשים,כן
7290105968654,שטראוס,אחלה,רביולי בטטה פרווה 400 גר 9 יח,ברקודים חדשים,
7290105968777,שטראוס,ממתקים - נצרת,אנרג'י פריכיות תחתית ש.מריר 70 ג,ברקודים חדשים,
7290106520127,שטראוס,ממתקים - נצרת, ספלנדיד חלב חוף השנהב בדצ ללג,ברקודים חדשים,
7290106520288,שטראוס,מחלבה,דנונה פרו תות,ברקודים חדשים,
7290106520295,שטראוס,מחלבה,דנונה פרו לבן,ברקודים חדשים,
7290106520387,שטראוס,ממתקים - נצרת,בזוקה עיגולים מגדים ללס,ברקודים חדשים,
7290106520899,שטראוס,אחלה,חציל בלאדי במיונז 400 גרם ,ברקודים חדשים,כן
7290106520905,שטראוס,אחלה,סלט טורקי  400 גרם,ברקודים חדשים,כן
7290106520912,יטבתה,יטבתה,שמנת לבישול 9% מהדרין-ח,ברקודים חדשים,
7290106520981,שטראוס,אחלה,החומוסייה של אבי עם גרגרים 400 גרם,ברקודים חדשים,כן
7290106521049,שטראוס,אחלה,קוביות סלק 400 גרם,ברקודים חדשים,כן
7290106521612,שטראוס,ממתקים - נצרת,רביעיית טורטית מגדים,ברקודים חדשים,
7290106521612,שטראוס,ממתקים - נצרת,רביעיית טורטית מגדים מ.מבצע,ברקודים חדשים,
7290106521629,שטראוס,ממתקים - נצרת,רביעיית טוויסט,ברקודים חדשים,
7290106521629,שטראוס,ממתקים - נצרת,רביעיית טוויסט מדבקה,ברקודים חדשים,
7290106521650,שטראוס,ממתקים - נצרת,רבעיית טעמי ווסטהיים 160גרם,ברקודים חדשים,
7290106521650,שטראוס,ממתקים - נצרת,רביעיית טעמי,ברקודים חדשים,
7290106521650,שטראוס,ממתקים - נצרת,רביעיית טעמי מדבקה,ברקודים חדשים,
7290106521896,שטראוס,ממתקים - נצרת,מיקס 4קג'/1יח'/4000ג,ברקודים חדשים,
7290106522220,שטראוס,ממתקים - נצרת,פרה קראנצ' כדורי דגנים 90ג,ברקודים חדשים,
7290106523364,שטראוס,מחלבה,דנונה תות 3% מוסדי 100 גרם,ברקודים חדשים,
7290106523388,שטראוס,ממתקים - נצרת,חמישיית מאסט מנטה מגדים חדש,ברקודים חדשים,
7290106523395,שטראוס,מחלבה,דנונה אפרסק 3% מוסדי 100 גרם,ברקודים חדשים,
7290106525504,שטראוס,ממתקים - נצרת,טעמי בייגלה,ברקודים חדשים,
7290106525962,שטראוס,אחלה,החומוסייה של אבי עם תטבילה 400 גרם,ברקודים חדשים,כן
7290106526822,שטראוס,ממתקים - נצרת,אנרג'י פריכיות תחתית ש.חלב 80ג,ברקודים חדשים,
7290106527386,שטראוס,ממתקים - נצרת,אנרג'י פריכיות מצופה 70 ג,ברקודים חדשים,
7290106528758,שטראוס,אחלה,לקט עלי משי 250 גר'  ירקות שטראוס,ברקודים חדשים,
7290106528949,שטראוס,אחלה,לקט ערוגות  450 גר'  ירקות שטראוס,ברקודים חדשים,
7290106570573,אסם,אסם,בונזור חלה מתוקה 8*500גרם,ברקודים חדשים,
7290106571037,אסם,אסם,גומיגם מאגדת ערכים תזונתיים 7 5*90גרם,ברקודים חדשים,
7290106571563,אסם,אסם,אפרופו 16*200גרם,ברקודים חדשים,
7290106571792,אסם,אסם,ויטמינצ'יק קרחון ענבים 48*80גרם,ברקודים חדשים,
7290106571907,אסם,אסם,פיטנס עוגיות שוקולד צ'יפס 12*180גרם,ברקודים חדשים,
7290106571921,אסם,אסם,פיטנס עוגיות חמוציות 12*180גרם,ברקודים חדשים,
7290106571945,אסם,אסם,פיטנס עוגיות שוקולד מריר 12*180גרם,ברקודים חדשים,
7290106572027,אסם,אסם,לחמית חמישה דגנים 12*190גרם,ברקודים חדשים,
7290106572065,אסם,אסם,אסם חטיפי פרכ.טורטיה תר.חמוץ מתוק 12*60ג,ברקודים חדשים,
7290106572614,אסם,אסם,דובונים פיצה 30*40גרם,ברקודים חדשים,
7290106572652,אסם,אסם,דובונים גן חיות 30*40גרם,ברקודים חדשים,
7290106572959,אסם,אסם,אפרופו קלאסי מאח.8 5*25גרם,ברקודים חדשים,
7290106572997,אסם,אסם,אסם קמח שמרים לפיצה 10*1קג,ברקודים חדשים,
7290106573024,אסם,אסם,עסיס אננס דיאט 12*1ליטר 2015,ברקודים חדשים,
7290106573123,אסם,אסם,אפרופו קלאסי מגזר ערבי 60*25גרם,ברקודים חדשים,
7290106573277,אסם,אסם,אסם קריספי טאפאס זיתים 8*150גרם,ברקודים חדשים,
7290106573291,אסם,אסם,קריספי טאפאס פלפלים 8*150גרם,ברקודים חדשים,
7290106573314,אסם,אסם,אסם קריספי טאפאס כפרי 8*150גרם,ברקודים חדשים,
7290106573475,אסם,אסם,צבר חומוס מרובע 3.5קג,ברקודים חדשים,
7290106573574,אסם,אסם,צבר חומוס ירושלמי 12*400גרם,ברקודים חדשים,
7290106573598,אסם,אסם,צבר חומוס לבנוני 12*400גרם,ברקודים חדשים,
7290106573628,אסם,אסם,צבר חומוס עם טחינה 12*400גרם,ברקודים חדשים,
7290106573642,אסם,אסם,צבר חומוס צנובר 12*400גרם,ברקודים חדשים,
7290106573703,אסם,אסם,צבר חציל פיקנטי רפי 6*400גרם- חדש,ברקודים חדשים,
7290106573819,אסם,אסם,צבר חומוס אבו גוש 12*400גרם,ברקודים חדשים,
7290106574120,אסם,אסם,גומיגם קרחון שרבט עם סוכריות בפנים42*90ג,ברקודים חדשים,
7290106574328,אסם,אסם,אסם אורז סיני עם נודלס 6*130גרם,ברקודים חדשים,
7290106574588,אסם,אסם,אסם מרק נמס סוף XL עגבניות 2 10*39גרם,ברקודים חדשים,
7290106574625,אסם,אסם,אסם מרק נמס סוף XL טעם עוף 2 10*34גרם,ברקודים חדשים,
7290106574656,אסם,אסם,אסם פירורית ביסלי גריל 12*200גרם,ברקודים חדשים,
7290106574793,אסם,אסם,הבית עוגת שוקו שוקוציפס 8*350גרם,ברקודים חדשים,
7290106574953,אסם,אסם,אסם בייגלה שטוחים שומשום 9*300גרם,ברקודים חדשים,
7290106574977,אסם,אסם,אסם בייגלה שטוחים עם מלח 9*300גרם,ברקודים חדשים,
7290106575011,אסם,אסם,אסם פתית.אפויים קסקס.פלוס חטה.מלא12*400ג,ברקודים חדשים,
7290106575257,אסם,אסם,הבית עוגת סופלה בטעם שוקולד 8*340גרם,ברקודים חדשים,
7290106575271,אסם,אסם,אסם פתיתים אפויים פלוס ירקות 12*400גרם,ברקודים חדשים,
7290106575332,אסם,אסם,אסם פתיתים אפויים פלוס בורגול 12*400גרם,ברקודים חדשים,
7290106575431,אסם,אסם,הבית עוגת סופלה בטעם שוקו וניל 8*340גרם,ברקודים חדשים,
7290106576223,אסם,אסם,אפרופו שוקולד 36*40גרם,ברקודים חדשים,
7290106576391,אסם,אסם,צ'יפסי בטעם שמנת בצל בדצ30*50גרם,ברקודים חדשים,
7290106576414,אסם,אסם,ציפסי בטעם מקסיקני בדצ30*50גרם,ברקודים חדשים,
7290106576513,אסם,אסם,צבר חומוס 12*400גרם,ברקודים חדשים,
7290106576537,אסם,אסם,צבר חומוס מסעדה 6*700גרם,ברקודים חדשים,
7290106576797,אסם,אסם,לה קרמריה וניל איטלקי בדצ 6*1.4ליטר,ברקודים חדשים,
7290106576810,אסם,אסם,לה קרמריה ריבת חלב בדצ 6*1.4ליטר,ברקודים חדשים,
7290106576858,אסם,אסם,לה קרמריה תותים בשמנת בדצ 6*1.4ליטר,ברקודים חדשים,
7290106576896,אסם,אסם,לה קרמריה וניל קוקילידה בדצ 6*1.4ליטר,ברקודים חדשים,
7290106576926,אסם,אסם,לה קרמריה שוקו וניל לייט בדצ 6*1.4ליטר,ברקודים חדשים,
7290106576957,אסם,אסם,לה קרמריה שוקו וניל פליק פרווה בדצ6*1.4ל,ברקודים חדשים,
7290106576971,אסם,אסם,לה קרמריה גלידת שוקולד 6*1.4ל,ברקודים חדשים,
7290106576995,אסם,אסם,לה קרמריה סורבה לייט תות מנגו 6*1.4ליטר,ברקודים חדשים,
7290106577039,אסם,אסם,לה קרמריה שוקו וניל פליק חלבי בדצ 6*1.4ל,ברקודים חדשים,
7290106577282,אסם,אסם,צבר טחינה מרובע 6*400גרם,ברקודים חדשים,
7290106577480,אסם,אסם,צבר חציל על האש בטחינה מרובע 6*400גרם,ברקודים חדשים,
7290106577503,אסם,אסם,צבר חציל במיונז מרובע 6*400גרם,ברקודים חדשים,
7290106577527,אסם,אסם,צבר קולסלו מרובע 6*400גרם,ברקודים חדשים,
7290106577541,אסם,אסם,צבר כרוב אדום מרובע 6*400גרם,ברקודים חדשים,
7290106577572,אסם,אסם,צבר מטבוחה מרובע 6*400גרם,ברקודים חדשים,
7290106577688,אסם,אסם,בונזור קראנץ' 8*540גרם,ברקודים חדשים,
7290106577701,אסם,אסם,בונזור רוגעלך 8*560גרם,ברקודים חדשים,
7290106577749,אסם,אסם,בונזור פוקצ'ה דגנים 8*480גרם,ברקודים חדשים,
7290106578241,אסם,אסם,דובונים 16*100גרם,ברקודים חדשים,
7290106578333,אסם,אסם,צבר חציל על האש מרובע 6*400גרם,ברקודים חדשים,
7290106578692,אסם,אסם,במבה ביסלי מיקס 36*80גרם,ברקודים חדשים,
7290106578821,אסם,אסם,הבית עוגת שמרים שוקולד קלאסית 8*350ג,ברקודים חדשים,
7290106650428,שטראוס,ממתקים - נצרת,בפל 104 - 250 גרם,ברקודים חדשים,
7290106651173,שטראוס,ממתקים - נצרת,רביעיית טעמי מגדים מדבקה,ברקודים חדשים,
7290106651173,שטראוס,ממתקים - נצרת,רביעיית טעמי מגדים,ברקודים חדשים,
7290106651265,שטראוס,ממתקים - נצרת,שלישיית פז קלאסי מגדים,ברקודים חדשים,
7290106652705,שטראוס,ממתקים - נצרת,שלישיית פז קלאסי,ברקודים חדשים,
7290106653689,שטראוס,אחלה,לקט לסלט אסייתי 350 ג' שטראוס,ברקודים חדשים,
7290106654228,שטראוס,ממתקים - נצרת,חמישיית מאסט פרי מגדים,ברקודים חדשים,
7290106654433,שטראוס,מחלבה,יוגורט  1.5ליטר 4.5% שומן,ברקודים חדשים,
7290106656352,שטראוס,ממתקים - נצרת,מאסט ללס תות מגדים 28ג,ברקודים חדשים,
7290106656512,שטראוס,ממתקים - נצרת,בפלות טורטית 360 גרם בדצ,ברקודים חדשים,
7290106657403,יטבתה,יטבתה,חלב שקית 3% מועשר,ברקודים חדשים,כן
7290106657748,שטראוס,ממתקים - נצרת,עדשים מיני מיני 80 גרם חלבי מגדים,ברקודים חדשים,
7290106658059,שטראוס,ממתקים - נצרת,בונ לב חלב 162 גר מגדים,ברקודים חדשים,
7290106658127,שטראוס,ממתקים - נצרת,בונ לב 50  חלב  גר מגדים,ברקודים חדשים,
7290106658479,שטראוס,ממתקים - נצרת,טורטית מגדים 40ג,ברקודים חדשים,
7290106658721,שטראוס,ממתקים - נצרת,מיני כיף כף 5 קג מוסדי,ברקודים חדשים,
7290106660410,שטראוס,אחלה,רביולי תרד וגבינה 400 ג 9 יח,ברקודים חדשים,
7290106662186,שטראוס,ממתקים - נצרת,רולדת טורטית ווסטהיים,ברקודים חדשים,
7290106662186,שטראוס,ממתקים - נצרת,רולדה טורטית,ברקודים חדשים,
7290106662193,שטראוס,ממתקים - נצרת,רולדה טויסט,ברקודים חדשים,
7290106662216,שטראוס,ממתקים - נצרת,בפלות שוקולד מוקצף בודד בדצ,ברקודים חדשים,
7290106662223,שטראוס,ממתקים - נצרת,אפיפית ללג  בדצ,ברקודים חדשים,
7290106662230,שטראוס,ממתקים - נצרת," בפלות טוב טעם  בד""צ",ברקודים חדשים,
7290106662650,שטראוס,אחלה,טחינה לניגוב 400 גרם,ברקודים חדשים,כן
7290106663008,שטראוס,ממתקים - נצרת,פסק זמן נשנושים 130 גרם,ברקודים חדשים,
7290106663015,שטראוס,ממתקים - נצרת,טורטית נשנושים 130 גרם,ברקודים חדשים,
7290106663091,שטראוס,מחלבה,לאבנה 9% 500 גרם,ברקודים חדשים,
7290106663244,שטראוס,אחלה,חציל זעלוק 400 גרם,ברקודים חדשים,כן
7290106663404,שטראוס,ממתקים - נצרת,חמישיית בזוקה מגדים,ברקודים חדשים,
7290106664067,שטראוס,מחלבה,לאבנה שמן זית וזעתר 10% שומן,ברקודים חדשים,
7290106664548,יטבתה,יטבתה,רוטב שמנת עם 4 גבינות 9%,ברקודים חדשים,
7290106664548,יטבתה,יטבתה,רוטב שמנת עם 4 גבינות 9%,ברקודים חדשים,
7290106664555,יטבתה,יטבתה,רוטב שמנת עם עגבניות 9%,ברקודים חדשים,
7290106664555,יטבתה,יטבתה,רוטב שמנת עם עגבניות 9%,ברקודים חדשים,
7290106664562,יטבתה,יטבתה,רוטב שמנת עם פטריות 9%,ברקודים חדשים,
7290106664562,יטבתה,יטבתה,רוטב שמנת עם פטריות 9%,ברקודים חדשים,
7290106666467,שטראוס,ממתקים - נצרת, אנרגי מאג  ללס מצופה חלב,ברקודים חדשים,
7290106666788,שטראוס,ממתקים - נצרת,סוכ' נוסטלגיה דבש ממולאות,ברקודים חדשים,
7290106668010,שטראוס,ממתקים - נצרת, בפלות שוקולד מוקצף 96 יח  בדצ,ברקודים חדשים,
7290106668263,שטראוס,אחלה,חומוס שיפקה חריף אש 125 גרם ,ברקודים חדשים,כן
7290106668713,שטראוס,מחלבה,דנונה פירות יער 3%,ברקודים חדשים,
7290106668737,שטראוס,מחלבה,דנונה לשתיה דיאט תות,ברקודים חדשים,
7290106720695,שטראוס,ממתקים - נצרת,שקית מיקס חטיפים צהוב 182ג,ברקודים חדשים,
7290106721142,שטראוס,מחלבה,מעדן שוקולד מוסדי,ברקודים חדשים,
7290106721807,שטראוס,אחלה,חציל פיקנטי שופ 400 גרם ,ברקודים חדשים,כן
7290106721906,שטראוס,ממתקים - נצרת,צנצנת בזוקה ציקלט מגד 66ג 2017,ברקודים חדשים,
7290106721913,שטראוס,ממתקים - נצרת,צנצנת מנטה מרעננת מגדים 66ג,ברקודים חדשים,
7290106721920,שטראוס,ממתקים - נצרת,צנצנת ספירמינט מגד 66ג 2017,ברקודים חדשים,
7290106723634,שטראוס,ממתקים - נצרת,עד חצות+ קרמל  ש. חלב,ברקודים חדשים,
7290106723689,שטראוס,אחלה,עלי תרד בייבי שטראוס 200ג,ברקודים חדשים,
7290106724617,שטראוס,אחלה,סביח 400 גרם ,ברקודים חדשים,כן
7290106726161,שטראוס,מחלבה,דנונה פרו אפרסק,ברקודים חדשים,
7290106726178,שטראוס,מחלבה,דנונה פרו פירות יער,ברקודים חדשים,
7290106726789,שטראוס,מחלבה,דנונה אפרסק 3% יעודי 100 גרם,ברקודים חדשים,
7290106726796,שטראוס,מחלבה,דנונה בר עדשים,ברקודים חדשים,
7290106727045,שטראוס,מחלבה,דנונה פרו אננס,ברקודים חדשים,
7290106728059,שטראוס,ממתקים - נצרת,"עוגת תפוח בד""צ",ברקודים חדשים,
7290106728127,יטבתה,יטבתה,חלב בבקבוק טבעי 3.6%,ברקודים חדשים,כן
7290106728363,שטראוס,אחלה,סלט פלפלים חריף 200 גרם,ברקודים חדשים,כן
7290106728370,שטראוס,אחלה,סלט קישואים 220 גרם,ברקודים חדשים,כן
7290106728387,שטראוס,אחלה,החומוסיה של אבי אל ארז,ברקודים חדשים,כן
7290106728394,שטראוס,אחלה,חומוס מסבחה גרוס גס 400,ברקודים חדשים,כן
7290106728400,שטראוס,אחלה,חומוס בצל מוזהב וסומק,ברקודים חדשים,כן
7290106729186,שטראוס,ממתקים - נצרת,עד חצות + שוקו אגוז ש. חלב,ברקודים חדשים,
7290106729421,שטראוס,ממתקים - נצרת,בראוניז טורטית עם קרם בדצ,ברקודים חדשים,
7290106729544,שטראוס,ממתקים - נצרת,בפלות שוקולד ארוכות 1 קג בדצ,ברקודים חדשים,
7290106729605,שטראוס,מחלבה,דנונה מוסדי 1.7% 100 גרם,ברקודים חדשים,
7290106729650,שטראוס,מחלבה,מארז דנונה 8 תות 3%,ברקודים חדשים,
7290106729711,שטראוס,אחלה,חומוס 9% ללא חומר משמר,ברקודים חדשים,כן
7290106729728,שטראוס,אחלה,חומוס עשיר ללא חומר משמר,ברקודים חדשים,כן
7290106964549,ביסקול,מפיץ שטראוס,סופרפארם סוכרלוז 100 שקיות,ברקודים חדשים,מסמן בפועל
7290106964563,ביסקול,מפיץ שטראוס,סופרפארם סטיוויה 100 שקיות,ברקודים חדשים,מסמן בפועל
7290107280761,סנו,סנו,ספארק נוזל לכלים 1 ליטר עם משאבה,ברקודים חדשים,
7290107641456,יוניליוור,קליק,קליק אין אאוט במילוי נוגט 38 גר,ברקודים חדשים,מסמן בפועל
7290107641906,יוניליוור,פינוק,פינוק סבון נוזלי מן 700 מל,ברקודים חדשים,
7290107641920,יוניליוור,פינוק,פינוק סבון נוזלי מן 700 מל,ברקודים חדשים,
7290107642675,יוניליוור,פינוק,"פינוק שמפו  2 ב-1 לגבר 700 מ""ל",ברקודים חדשים,
7290107643788,יוניליוור,פינוק,פינוק סבון נוזלי שמני הזנה 700 מל,ברקודים חדשים,
7290107643917,יוניליוור,תלמה,ברנפלקס שרדד קינמון 400 גר,ברקודים חדשים,מסמן בפועל
7290107643924,יוניליוור,תלמה,ברנפלקס שרדד דבש 400 גר,ברקודים חדשים,מסמן בפועל
7290107644488,יוניליוור,בייגל בייגל,בייגל בייגל בייגלה מלח שמניות 255 גרם,ברקודים חדשים,מסמן בפועל
7290107644587,יוניליוור,תלמה,כריות נוגט מופחת סוכר 750גר,ברקודים חדשים,מסמן בפועל
7290107644716,יוניליוור,פינוק,פינוק שמפו קוקוס 700 מל,ברקודים חדשים,
7290107644723,יוניליוור,פינוק,פינוק מרכך קוקוס 700 מל,ברקודים חדשים,
7290107644730,יוניליוור,פינוק,פינוק ת. רחצה קוקוס 700 מל,ברקודים חדשים,
7290107644990,יוניליוור,בייגל בייגל,בייגל בייגל רולים מלח 280 גרם,ברקודים חדשים,מסמן בפועל
7290107645003,יוניליוור,בייגל בייגל,בייגל בייגל רולים שומשום 280 גרם,ברקודים חדשים,מסמן בפועל
7290107645591,יוניליוור,קנור,קנור תיבוליות טעם עוף טבעי 400 גרם,ברקודים חדשים,מסמן בפועל
7290107645645,יוניליוור,ורד הגליל,ורד הגליל טבלאות שוקולד 500 גרם,ברקודים חדשים,מסמן בפועל
7290107645843,יוניליוור,פינוק,"פינוק שמפו נגד קשקשים 700 מ""ל",ברקודים חדשים,
7290107646055,יוניליוור,קנור,קנור תיבוליות טבעי פטריות 400 גרם,ברקודים חדשים,מסמן בפועל
7290107646062,יוניליוור,קנור,קנור תיבוליות טבעי בצל 400 גרם,ברקודים חדשים,מסמן בפועל
7290107646147,יוניליוור,תלמה,ח.דגנים שוגי קורנפלקס 156 גר,ברקודים חדשים,מסמן בפועל
7290107646321,יוניליוור,קנור,נמס בכוס ירקות כתומים 48 גר,ברקודים חדשים,מסמן בפועל
7290107646833,יוניליוור,תלמה,ח.דגנים שוגי פצפוצ לבן וקרם 138 גר,ברקודים חדשים,מסמן בפועל
7290107646840,יוניליוור,תלמה,ח.דגנים קוקומן צדפים וקרם חלב 138 גר,ברקודים חדשים,מסמן בפועל
7290107646925,יוניליוור,תלמה,תלמה ברנפלקס אקסטרה פייבר 410 גרם,ברקודים חדשים,מסמן בפועל
7290107647076,יוניליוור,קרמיסימו,קרמיסימו תותים ושוקולד לבן 1.33 ליטר,ברקודים חדשים,
7290107647076,יוניליוור,קרמיסימו,קרמיסימו תותים ושוקולד לבן 1.33 ליטר,ברקודים חדשים,
7290107647243,יוניליוור,בייגל בייגל,דג דג גריל 180 גר,ברקודים חדשים,מסמן בפועל
7290107647250,יוניליוור,בייגל בייגל,דג דג קטשופ 180 גר,ברקודים חדשים,מסמן בפועל
7290107647465,יוניליוור,מקס,שלגון פרוזן פיבר אימפלס 89 מל,ברקודים חדשים,
7290107647465,יוניליוור,מקס,שלגון פרוזן פיבר אימפלס 89 מל,ברקודים חדשים,
7290107647472,יוניליוור,מקס,שלגון ברצלונה אימפלס 89 מל,ברקודים חדשים,
7290107647472,יוניליוור,מקס,שלגון ברצלונה אימפלס 89 מל,ברקודים חדשים,
7290107647489,יוניליוור,שטראוס,"שטראוס פסק זמן לבן 80 מ""ל",ברקודים חדשים,
7290107647502,יוניליוור,שטראוס,שטראוס סורבה פירות יער פרווה 5.5 ל',ברקודים חדשים,
7290107647526,יוניליוור,שטראוס,שטראוס פיסטוק פרווה 5.5 ל',ברקודים חדשים,
7290107647571,יוניליוור,קורנטו,"קורנטו קליק 130 מ""ל",ברקודים חדשים,
7290107647588,יוניליוור,שטראוס,שטראוס בננה קרמל עוגיות 5.5 ליטר,ברקודים חדשים,
7290107647595,יוניליוור,שטראוס,קוקיז שוקוצ'יפ 86 מל,ברקודים חדשים,
7290107647694,יוניליוור,תלמה,קוקומן כדורים בדצ 500 גר,ברקודים חדשים,מסמן בפועל
7290107647700,יוניליוור,תלמה,ציפי (פצפוצים) 500גר,ברקודים חדשים,מסמן בפועל
7290107647717,יוניליוור,תלמה,תלמה דגני ילדים קוקומן צדפים בדצ 750 גרם,ברקודים חדשים,מסמן בפועל
7290107647724,יוניליוור,תלמה,קוקומן חום לבן 750גר,ברקודים חדשים,מסמן בפועל
7290107647731,יוניליוור,תלמה,קוקומן חום לבן 375 גר,ברקודים חדשים,מסמן בפועל
7290107647731,יוניליוור,תלמה,קוקומן חום לבן 375 גר,ברקודים חדשים,מסמן בפועל
7290107647748,יוניליוור,תלמה,פיצי 500גר,ברקודים חדשים,מסמן בפועל
7290107647762,יוניליוור,תלמה,קורנפלקס אלופים 750 גר,ברקודים חדשים,מסמן בפועל
7290107647816,יוניליוור,תלמה,ברנפלקס ללא תוספת סוכר 500גר,ברקודים חדשים,מסמן בפועל
7290107647823,יוניליוור,תלמה,תלמה ברנפלקס 500גר,ברקודים חדשים,מסמן בפועל
7290107647854,יוניליוור,תלמה,שוגי20% פחות סוכר 500גר,ברקודים חדשים,מסמן בפועל
7290107647984,יוניליוור,פינוק,פינוק שמפו תה ירוק 700 מל,ברקודים חדשים,
7290107647991,יוניליוור,פינוק,פינוק מרכך תה ירוק 700 מל,ברקודים חדשים,
7290107648004,יוניליוור,פינוק,"פינוק ת.רחצה תה ירוק 700 מ""ל",ברקודים חדשים,
7290107648066,יוניליוור,קליק,קליק קרם תות 38גר,ברקודים חדשים,מסמן בפועל
7290107648073,יוניליוור,קליק,קליק קרם עוגיות 38גר,ברקודים חדשים,מסמן בפועל
7290107648080,יוניליוור,קליק,קליק קרם נוגט פצפוצים 38גר,ברקודים חדשים,מסמן בפועל
7290107648271,יוניליוור,בדין,בדין גלמור 4 ליטר,ברקודים חדשים,
7290107648271,יוניליוור,בדין,בדין גלמור 4 ליטר,ברקודים חדשים,
7290107648288,יוניליוור,בדין,בדין דזייר 4 ליטר,ברקודים חדשים,
7290107648288,יוניליוור,בדין,בדין דזייר 4 ליטר,ברקודים חדשים,
7290107648400,יוניליוור,בייגל בייגל,בייגל בייגל רולים בטעם איטלקי 280 גרם,ברקודים חדשים,מסמן בפועל
7290107648417,יוניליוור,בייגל בייגל,בייגל בייגל רולים בצל מקורמל 280 גרם,ברקודים חדשים,מסמן בפועל
7290107649902,יוניליוור,שטראוס,"שטראוס שלגון חלבי מגזר 80 מ""ל",ברקודים חדשים,
7290107870047,אסם,אסם,אקסטרים טילון בראוניז מטבע ענק 18*115גרם,ברקודים חדשים,
7290107870429,אסם,אסם,אסם רוטב בסיס לבישול 5 ב-1 6*580מל,ברקודים חדשים,
7290107870702,אסם,אסם,אסם מרק תירס בדצ 8*85גרם,ברקודים חדשים,
7290107870726,אסם,אסם,אסם מרק ירקות 8*62גרם,ברקודים חדשים,
7290107870818,אסם,אסם,אסם מרק ירקות כתומים 8*97גרם,ברקודים חדשים,
7290107870832,אסם,אסם,אסם מרק פטריות 8*89גרם,ברקודים חדשים,
7290107870856,אסם,אסם,ביסלי מאנץ' מקסיקני 20*40גרם,ברקודים חדשים,
7290107870856,אסם,אסם,ביסלי מאנץ מקסיקני סרט 4 5*40גרם,ברקודים חדשים,
7290107870870,אסם,אסם,ביסלי מאנץ' ספרדי 20*40גרם,ברקודים חדשים,
7290107871419,אסם,אסם,עסיס תפוח דיאט 12*1ליטר,ברקודים חדשים,
7290107871532,אסם,אסם,נסטלה מאגדת קרח דובדבן מלון 7 10*75גרם,ברקודים חדשים,
7290107873062,אסם,אסם,אסם פתי בר בטעם שוקולד מריר 12*500גרם,ברקודים חדשים,
7290107873147,אסם,אסם,סלטי צבר קרם עגבניות 6*240גרם,ברקודים חדשים,
7290107873222,אסם,אסם,צבר חומוס עם חריף 12*400גרם,ברקודים חדשים,
7290107873239,אסם,אסם,אסם פתי בר קרמל 12*500גרם,ברקודים חדשים,
7290107874465,אסם,אסם,לחמית כפרית מארז קדמ 6 2*190גרם,ברקודים חדשים,
7290107874502,אסם,אסם,ביסלי גריל קדמ. מארז אחיד 10 4*55גרם,ברקודים חדשים,
7290107874526,אסם,אסם,במבה בומבה 40*60גרם 2018,ברקודים חדשים,
7290107875158,אסם,אסם,במבה קלאסי קדמ.מארז אחיד 8 4*60גרם,ברקודים חדשים,
7290107875172,אסם,אסם,במבה קלאסי קדמ.מארז אחיד 8 6*50גרם,ברקודים חדשים,
7290107875196,אסם,אסם,אסם בייגלה עיגולים מלח ים 12*300גרם,ברקודים חדשים,
7290107875271,אסם,אסם,ביסלי ברביקיו קדמ.מארז אחיד 10 4*55גרם,ברקודים חדשים,
7290107875295,אסם,אסם,אסם רוטב ויניגרט לייט 9*290מל,ברקודים חדשים,
7290107875400,אסם,אסם,לה קרמריה פיסטוק מוקה פרווה בדצ6*1.4ליטר,ברקודים חדשים,
7290107875431,אסם,אסם,אסם שיפר חטיפים מעורב 7.33קג,ברקודים חדשים,
7290107875493,אסם,אסם,ויטמינצ'יק מהדורת קיץ תות בננה 12*1ליטר,ברקודים חדשים,
7290107875820,אסם,אסם,אסם קרוטונים אפויים בתיבול ביתי 12*180ג,ברקודים חדשים,
7290107876544,אסם,אסם,אסם מרק נמס תירס מאגדת סטיקים 8 5*19גרם,ברקודים חדשים,
7290107876568,אסם,אסם,אסם מרק נמס עגבניות מגדת.סטיקים8 5*19גרם,ברקודים חדשים,
7290107876582,אסם,אסם,אסם מרק נמס אפונה מאגדת סטיקים 8 5*20גרם,ברקודים חדשים,
7290107876711,אסם,אסם,הבית עוגת שמרים בטעם ריבת חלב 8*340גרם,ברקודים חדשים,
7290107876759,אסם,אסם,אסם פתי בר קטנים 4*1.5קג,ברקודים חדשים,
7290107876889,אסם,אסם,במבה במילוי קרם נוגט 48*45גרם,ברקודים חדשים,
7290107876889,אסם,אסם,במבה במילוי קרם נוגט סטריפ נ.מ.48*45גרם,ברקודים חדשים,
7290107877169,אסם,אסם,אסם חטיפי קרקר כפרי ללא גלוטן 8*150גרם,ברקודים חדשים,
7290107877527,אסם,אסם,אסם זוג מרק נמס עגבניות בדץ 12*60גרם,ברקודים חדשים,
7290107877541,אסם,אסם,אסם זוג מרק נמס טעם עוף בדץ 10*52גרם,ברקודים חדשים,
7290107877619,אסם,אסם,במבה במילוי קרם נוגט מארז אחיד10 5*30גרם,ברקודים חדשים,
7290107877725,אסם,אסם,אסם שייק ובייק פנקייק 9*220גרם,ברקודים חדשים,
7290107877749,אסם,אסם,אסם מרק בישול אפונה 8*118גרם,ברקודים חדשים,
7290107877824,אסם,אסם,ביסלי גריל מארז אחיד12 10*22גרם,ברקודים חדשים,
7290107878777,אסם,אסם,אסם בייגלה עיגולים בטעמים שום 12*300גרם,ברקודים חדשים,
7290107878814,אסם,אסם,אסם בייגלה עיגולים בטעמים זעתר12*300ג,ברקודים חדשים,
7290107878845,אסם,אסם,הבית עוגת שוקולד עם ציפוי אגוזים8*320ג,ברקודים חדשים,
7290107879118,אסם,אסם,אסם קרקר חומוס ודגנים מלאים 12*150גרם,ברקודים חדשים,
7290107879132,אסם,אסם,פיטנס מיני פריכיות שוקולד חלב 18*22גרם,ברקודים חדשים,
7290107879521,אסם,אסם,לה פרוטה מאגדת תות 8 5*70גרם,ברקודים חדשים,
7290107879569,אסם,אסם,לה פרוטה מאגדת מנגו 8 5*70גרם,ברקודים חדשים,
7290107879583,אסם,אסם,לה פרוטה מאגדת בננה תמר פקאן 8 5*65גרם,ברקודים חדשים,
7290107879620,אסם,אסם,לה פרוטה תפוח מלון 36*70גרם,ברקודים חדשים,
7290107879644,אסם,אסם,לה פרוטה בננה תמר פקאן 36*65גרם,ברקודים חדשים,
7290107879668,אסם,אסם,לה פרוטה תות 36*70גרם,ברקודים חדשים,
7290107879699,אסם,אסם,לה פרוטה מנגו 36*70גרם,ברקודים חדשים,
7290107879798,אסם,אסם,במבה יומולדת קדמ.מארז אחיד 20 10*15גרם,ברקודים חדשים,
7290107930178,שטראוס,אחלה,סלסה עגבניות חריפה 400 גרם,ברקודים חדשים,כן
7290107931021,שטראוס,מחלבה,דנונה תות 3% יעודי 100 גרם,ברקודים חדשים,
7290107931465,שטראוס,ממתקים - נצרת,אנרג'י פריכיות ת.לבן 70ג,ברקודים חדשים,
7290107931830,שטראוס,אחלה,סלטה משוויה 400 גרם,ברקודים חדשים,כן
7290107932080,יטבתה,יטבתה,חלב בבקבוק 3% מועשר- מהדרין,ברקודים חדשים,כן
7290107932127,יטבתה,יטבתה,חלב בבקבוק 2% מועשר- מהדרין,ברקודים חדשים,כן
7290107932134,יטבתה,יטבתה,חלב בבקבוק 1% מועשר- מהדרין,ברקודים חדשים,כן
7290107932226,שטראוס,ממתקים,אקסטרה חלב 100ג בדצ,ברקודים חדשים,
7290107932233,שטראוס,ממתקים,אקסטרא צימוקים ואגוזים 100גר בדצ,ברקודים חדשים,
7290107932240,שטראוס,ממתקים - נצרת,אקסטרא קרם וניל ועוגיות שוקו 100ג בדצ,ברקודים חדשים,
7290107932271,שטראוס,ממתקים - נצרת,אקסטרא קרם יוגורט תות ועוגיות וניל בדצ,ברקודים חדשים,
7290107932875,שטראוס,ממתקים - נצרת,מאסט לימונענע מגדים 28ג',ברקודים חדשים,
7290107932899,שטראוס,ממתקים - נצרת,מאסט באבל מינט מגדים 28ג',ברקודים חדשים,
7290107932950,יטבתה,יטבתה,שמנת להקצפה 38% כד 2 ליטר מהדרין,ברקודים חדשים,
7290107933001,שטראוס,ממתקים - נצרת,בפלות דקיקות טראפלס בדצ,ברקודים חדשים,
7290107933155,שטראוס,אחלה,לקט  סלנובה 200 גר' ירקות שטראוס,ברקודים חדשים,
7290107933315,יטבתה,יטבתה,חלב בבקבוק דל לקטוז 2%- מהדרין,ברקודים חדשים,כן
7290107933643,יטבתה,יטבתה,משקה חלב עם דגנים ובננה,ברקודים חדשים,
7290107933650,יטבתה,יטבתה,משקה חלב עם דגנים ותות,ברקודים חדשים,
7290107934473,שטראוס,מחלבה,מארז  8 אקטיביה 1.5%,ברקודים חדשים,
7290107934480,שטראוס,מחלבה,אקטיביה לבן שמינייה חלב מלא,ברקודים חדשים,
7290107936019,שטראוס,ממתקים - נצרת,בפלות דקיקות וניל צרפתי בדצ,ברקודים חדשים,
7290107936309,שטראוס,מחלבה,דנונה יווני לבן,ברקודים חדשים,
7290107936460,שטראוס,מחלבה,מארז 8 דנכול בטעם מעודן,ברקודים חדשים,
7290107937337,שטראוס,אחלה,חומוס אחלה 250 גרם 9% שומן,ברקודים חדשים,כן
7290107937542,שטראוס,מחלבה,משקה אקטיביה תות 1.2% בודד,ברקודים חדשים,
7290107937665,שטראוס,ממתקים - נצרת,שיפר שולחני מיקס מיני פרה קראנצ' מגדים,ברקודים חדשים,
7290107938327,שטראוס,אחלה,רביולי גבינה 600 גר,ברקודים חדשים,
7290107938396,שטראוס,מחלבה,אקטימל 8 תות דיסני V1,ברקודים חדשים,
7290107938495,שטראוס,מחלבה,דני שלוק 4 שוקולד  דיסני V2,ברקודים חדשים,
7290107938884,שטראוס,אחלה,חציל על האש 500 גרם,ברקודים חדשים,כן
7290107938891,שטראוס,אחלה,חצילים קלויים וטחינה 500 גרם,ברקודים חדשים,כן
7290107938945,שטראוס,ממתקים - נצרת,עסקת חטיפים משולבת 2017,ברקודים חדשים,
7290107939027,שטראוס,אחלה,גזר דק דק 250 גר' ירקות שטראוס,ברקודים חדשים,
7290107939942,שטראוס,מחלבה,דנונה פרו טריפל זירו אננס,ברקודים חדשים,
7290107939959,שטראוס,מחלבה,דנונה פרו טריפל זירו תות,ברקודים חדשים,
7290107939966,שטראוס,מחלבה,דנונה פרו לבן 0%,ברקודים חדשים,
7290107940030,שטראוס,אחלה,חומוס 650 גרם,ברקודים חדשים,כן
7290107940252,יטבתה,יטבתה,השוקו שלי- שוקו ללא תוספת סוכר,ברקודים חדשים,
7290107940337,שטראוס,אחלה,סלט מנגולד 200 גרם,ברקודים חדשים,כן
7290107940450,שטראוס,מחלבה,אקטיביה 200 גרם 0%,ברקודים חדשים,
7290107940467,שטראוס,מחלבה,אקטיביה 200 גרם 1.5%,ברקודים חדשים,
7290107940474,שטראוס,מחלבה,אקטיביה לבן 200 ג' חלב מלא,ברקודים חדשים,
7290107940795,שטראוס,ממתקים - נצרת,ספלנדיד טריטס צימוקים מריר חדש 2016,ברקודים חדשים,
7290107940801,שטראוס,ממתקים - נצרת,ספלנדיד טריטס שקדים חלב חדש 2016,ברקודים חדשים,
7290107940818,שטראוס,ממתקים - נצרת,ספלנדיד ט אגוזי לוז מריר חדש 2016,ברקודים חדשים,
7290107942195,שטראוס,ממתקים - נצרת, רולדה ממולדה,ברקודים חדשים,
7290107942232,שטראוס,מחלבה,ספלנדיד שוקולד חלב,ברקודים חדשים,
7290107942249,שטראוס,מחלבה,ספלנדיד שוקולד לבן,ברקודים חדשים,
7290107942263,שטראוס,מחלבה,ספלנדיד מוס שוקולד חלב,ברקודים חדשים,
7290107942324,שטראוס,מחלבה,מילקי שוקולד עשיר,ברקודים חדשים,
7290107942447,שטראוס,ממתקים - נצרת,ממרח פסק זמן מגדים  350גרם,ברקודים חדשים,
7290107942454,שטראוס,ממתקים - נצרת,ממרח פסק זמן מגדים  700 גרם,ברקודים חדשים,
7290107943048,שטראוס,ממתקים - נצרת,"וופל טורטית 90 גרם בד""צ",ברקודים חדשים,
7290107943123,שטראוס,אחלה,סלט גזר מרוקאי,ברקודים חדשים,כן
7290107943130,שטראוס,אחלה,סלט ארטישוק וגזר,ברקודים חדשים,כן
7290107943185,יטבתה,יטבתה,שמנת לבישול 9% 500 מל מהדרין,ברקודים חדשים,
7290107943192,יטבתה,יטבתה,שמנת חמוצה מהערבה 27% שומן,ברקודים חדשים,
7290107943222,יטבתה,יטבתה,שמנת 38% חצי ליטר,ברקודים חדשים,
7290107943550,שטראוס,ממתקים - נצרת,עוגיות שוקוציפס שחור לבן ת. לבן,ברקודים חדשים,
7290107944243,שטראוס,ממתקים - נצרת,אפיפית 200 ג ללג בדצ,ברקודים חדשים,
7290107944410,יטבתה,יטבתה,כד 2 ליטר חלב 1%- מהדרין,ברקודים חדשים,כן
7290107944472,שטראוס,מחלבה,סימפוניה שום שמיר 5%,ברקודים חדשים,
7290107944601,שטראוס,אחלה,חומוס אבי בתוספת פלפלים חריפים 400 גרם,ברקודים חדשים,כן
7290107944618,שטראוס,אחלה,חומוס כפרי 750 גרם רשות פלסטינאית,ברקודים חדשים,כן
7290107944717,שטראוס,ממתקים - נצרת,שקית מיני טורטית 391גר בדצ,ברקודים חדשים,
7290107945073,יטבתה,יטבתה,עסקת שמנת חמוצה (20 יחידות)- 10% הנחה,ברקודים חדשים,
7290107945240,שטראוס,אחלה,קולרבי דק דק 250 גר' ירקות שטראוס,ברקודים חדשים,
7290107945295,יטבתה,יטבתה,מארז 6 בקבוקוני שוקו שלי 150 מל,ברקודים חדשים,
7290107945301,יטבתה,יטבתה,"השוקו שלי 350 מ""ל",ברקודים חדשים,
7290107945332,שטראוס,ממתקים - נצרת, בפלות טראפלס 87.5 גרם בדצ,ברקודים חדשים,
7290107945424,שטראוס,מחלבה,דנונה פרו 2.9 % בתוספת גרנולה,ברקודים חדשים,
7290107945431,שטראוס,אחלה,חציל קלוי על האש 250 גרם,ברקודים חדשים,כן
7290107945448,שטראוס,אחלה,חומוס לניגוב 150 גרם,ברקודים חדשים,כן
7290107945455,שטראוס,אחלה,כרוב אדום 600 גרם,ברקודים חדשים,כן
7290107945462,שטראוס,אחלה,סלט מטבוחה 250 גרם,ברקודים חדשים,כן
7290107945769,שטראוס,אחלה,חצילים קלויים וטחינה 400 גרם,ברקודים חדשים,כן
7290107945967,שטראוס,אחלה,חומוס עשיר בטחינה ללא חומר משמר 250 גרם,ברקודים חדשים,כן
7290107945974,שטראוס,אחלה,חומוס 9% שומן ללא חומר משמר 250 גרם,ברקודים חדשים,כן
7290107946193,שטראוס,ממתקים - נצרת,מאגדת פרה עד 99 שוקולד חלב עם עוגיות,ברקודים חדשים,
7290107946209,שטראוס,ממתקים - נצרת,פרה עד 99 שוקולד מריר עם פצפוצי אורז,ברקודים חדשים,
7290107946216,שטראוס,ממתקים - נצרת,פרה עד 99 שוקולד חלב עם פצפוצי אורז,ברקודים חדשים,
7290107946476,שטראוס,מחלבה,קינוח גבינה עם תות,ברקודים חדשים,
7290107946698,שטראוס,מחלבה,דנונה דיאט טריפל זירו אננס,ברקודים חדשים,
7290107946704,שטראוס,מחלבה,דנונה דיאט טריפל זירו פירות יער,ברקודים חדשים,
7290107946810,שטראוס,מחלבה,אקטיביה תות חלב מלא,ברקודים חדשים,
7290107946841,שטראוס,מחלבה,אקטיביה תפוח קינמון חלב מלא,ברקודים חדשים,
7290107947749,יטבתה,יטבתה,שקית שוקו- משרד הביטחון,ברקודים חדשים,
7290107947763,שטראוס,ממתקים - נצרת,מיני עדשים לאפייה וקשוט,ברקודים חדשים,
7290107948098,שטראוס,ממתקים - נצרת,צנצנת בזוקה נוסטלגיה 66 גרם,ברקודים חדשים,
7290107950053,שטראוס,מחלבה,דנונה שלוק 4 תות דיסני V1,ברקודים חדשים,
7290107950060,שטראוס,מחלבה,דנונה פרו טריפל זירו אפרסק,ברקודים חדשים,
7290107950114,שטראוס,מחלבה,דנונה פרו קפה,ברקודים חדשים,
7290107950145,שטראוס,מחלבה,דנונה יווני תות,ברקודים חדשים,
7290107950183,שטראוס,מחלבה,מעדן שטראוס דיאט וניל,ברקודים חדשים,
7290107950190,שטראוס,מחלבה,מעדן שטראוס דיאט מריר,ברקודים חדשים,
7290107950206,שטראוס,מחלבה,מעדן שטראוס דיאט שוקולד,ברקודים חדשים,
7290107950251,שטראוס,מחלבה,מילקי מוס שוקולד,ברקודים חדשים,
7290107950275,שטראוס,מחלבה,מילקי קצפת קפוצ'ינו,ברקודים חדשים,
7290107950336,שטראוס,מחלבה,מילקי טופ מגולגלת מריר,ברקודים חדשים,
7290107950459,שטראוס,מחלבה,סקי פירות יער 3%,ברקודים חדשים,
7290107950473,שטראוס,מחלבה,סקי 1 קג מגזר חרדי,ברקודים חדשים,
7290107950473,שטראוס,מחלבה,סקי 1 קג מוסדי,ברקודים חדשים,
7290107950497,שטראוס,מחלבה,סימפוניה שמנת זיתים 25%,ברקודים חדשים,
7290107950503,שטראוס,מחלבה,סימפוניה שמנת 25%,ברקודים חדשים,
7290107950527,שטראוס,מחלבה,סימפוניה קרם שמנת 9%,ברקודים חדשים,
7290107950909,שטראוס,אחלה,אבי חלק 600 גרם,ברקודים חדשים,כן
7290107950916,שטראוס,אחלה,חומוס עם פלפל אדום קלוי 400 גרם,ברקודים חדשים,כן
7290107950923,שטראוס,אחלה,חומוס עם עמבה 400 גרם,ברקודים חדשים,כן
7290107950947,שטראוס,אחלה,חומוס אבי בתוספת טחינה לבנה 400 גרם,ברקודים חדשים,כן
7290107950954,שטראוס,אחלה,חומוס אבי בתוספת שום לימון 400 גרם,ברקודים חדשים,כן
7290107951067,יטבתה,יטבתה,משקה חלב וניל בבקבוק 2% מהדרין,ברקודים חדשים,כן
7290107951104,שטראוס,ממתקים - נצרת,בפלות שוקולד 200גר בדצ,ברקודים חדשים,
7290107951111,שטראוס,ממתקים - נצרת,בפלות לימון 200גר בדצ,ברקודים חדשים,
7290107951128,שטראוס,ממתקים - נצרת,בפלות וניל 200גר בדצ,ברקודים חדשים,
7290107951395,יטבתה,יטבתה,משקה יטבתה פרו וניל 250,ברקודים חדשים,
7290107951401,יטבתה,יטבתה,משקה יטבתה פרו קפה 250,ברקודים חדשים,
7290107951548,שטראוס,ממתקים,בלונדי שקדים,ברקודים חדשים,
7290107951623,שטראוס,ממתקים,בלונדי קרמל ומלח,ברקודים חדשים,
7290107951630,שטראוס,ממתקים,בלונדי שבבי קוקוס קלוי,ברקודים חדשים,
7290107951678,שטראוס,ממתקים - נצרת,פרה קראנצ קוקי 98 גרם,ברקודים חדשים,
7290107951685,שטראוס,ממתקים - נצרת,צנצנת באבלמינט מגדים 66,ברקודים חדשים,
7290107952064,שטראוס,אחלה,חומוס לניגוב 250 גרם ,ברקודים חדשים,כן
7290107952071,שטראוס,אחלה,כרוב אדום 200 גרם,ברקודים חדשים,כן
7290107953788,שטראוס,ממתקים - נצרת,טוויסט נשנושים 130 גרם,ברקודים חדשים,
7290107954457,שטראוס,ממתקים - נצרת,"בראוניז פ""ז עם קרם בדצ",ברקודים חדשים,
7290107954471,יטבתה,יטבתה,חלב עמיד דל שומן 1% 1 ליטר,ברקודים חדשים,כן
7290107954488,יטבתה,יטבתה,חלב עמיד 3% 1 ליטר,ברקודים חדשים,כן
7290107954495,יטבתה,יטבתה,חלב עמיד דל שומן 1% 500 מל,ברקודים חדשים,כן
7290107954501,יטבתה,יטבתה,חלב עמיד 3% 500 מל,ברקודים חדשים,כן
7290107954976,יטבתה,יטבתה,משקה יטבתה פרו קפה 350,ברקודים חדשים,
7290107955072,שטראוס,מחלבה,סקי 1 קג לצהל,ברקודים חדשים,
7290107955690,שטראוס,ממתקים - נצרת,"בפלות גבינה 87.5 גרם בד""צ",ברקודים חדשים,
7290107955782,שטראוס,ממתקים,שוק פרה מריר ללס בדצ ללג,ברקודים חדשים,
7290107956529,שטראוס,מחלבה,דנונה פרו לבן 700 גרם,ברקודים חדשים,
7290107956710,שטראוס,מחלבה,שרינק מיני מילקי 16,ברקודים חדשים,
7290107956826,שטראוס,ממתקים - נצרת,עוגיות שוקולד ציפס ת. לבן,ברקודים חדשים,
7290107956833,שטראוס,ממתקים - נצרת,עוגיות שוקוציפס ת. חלב,ברקודים חדשים,
7290107956956,שטראוס,מחלבה,שרינק 16 מיני דני,ברקודים חדשים,
7290107956963,שטראוס,מחלבה,שרינק 12 דנונה תות,ברקודים חדשים,
7290107956970,שטראוס,מחלבה,שרינק 12 דנונה וניל,ברקודים חדשים,
7290107957335,שטראוס,אחלה,"חומוס עשיר בטחינה עם תבלין הבית ושמ""ז",ברקודים חדשים,כן
7290107957496,שטראוס,ממתקים - נצרת,"מיקס 4 ק""ג מגדים חדש",ברקודים חדשים,
7290107957595,שטראוס,אחלה,טבעות כרישה 200 גר ירקות שטראוס,ברקודים חדשים,
7290107957717,שטראוס,מחלבה,ספלנדיד בלונדי,ברקודים חדשים,
7290107957731,שטראוס,מחלבה,דנונה 700 גרם לבן,ברקודים חדשים,
7290107957779,שטראוס,מחלבה, דניאלה אפרסק,ברקודים חדשים,
7290107957885,שטראוס,מחלבה,גמדים תות בננה ללא סוכר,ברקודים חדשים,
7290107957953,שטראוס,מחלבה,דנונה פרו משקה תות,ברקודים חדשים,
7290107957977,שטראוס,מחלבה,דנונה פרו משקה פירות יער,ברקודים חדשים,
7290107957984,שטראוס,מחלבה,מארז דנונה דיאט טריפל זירו תות אפרסק,ברקודים חדשים,
7290107958035,שטראוס,מחלבה,מארז 8 דנונה מתיקות מעודנת ללא סוכר וממת,ברקודים חדשים,
7290107958066,שטראוס,מחלבה,אקטיביה בר ריבה תות,ברקודים חדשים,
7290107958073,שטראוס,מחלבה,אקטיביה בר חצוי פירות יער,ברקודים חדשים,
7290107958080,שטראוס,מחלבה,אקטיביה חלב מלא פירות יער,ברקודים חדשים,
7290107958103,שטראוס,מחלבה,אקטיביה חלב מלא אפרסק,ברקודים חדשים,
7290107958448,שטראוס,ממתקים - נצרת,עוגת שוקולד פרה לבן בדצ,ברקודים חדשים,
7290107958639,שטראוס,אחלה,מטבוחה מרוקאית חריפה 400 גרם,ברקודים חדשים,כן
7290107958646,שטראוס,אחלה,חציל רומני 400 גרם,ברקודים חדשים,כן
7290107958653,שטראוס,אחלה,חומוס 9% שומן 400 גרם,ברקודים חדשים,כן
7290107958660,שטראוס,אחלה,חומוס עם חריף 9% שומן 400 גרם,ברקודים חדשים,כן
7290107958714,שטראוס,אחלה,סלט תפוחי אדמה 400 גרם,ברקודים חדשים,כן
7290108351613,סנו,סנו,סנו ריצפז פרש הום 2 ליטר,ברקודים חדשים,
7290109350332,אסם,אסם,ביסלי שיפר מעורב 7.2קג,ברקודים חדשים,
7290109350363,אסם,אסם,טבעול קצצ.קינואה וברקלי.גרע.חמניה 6*560ג,ברקודים חדשים,
7290109350738,אסם,אסם,אסם קמח שמרים לבצק ב5 דקות 10*650גרם,ברקודים חדשים,
7290109350851,אסם,אסם,מטרנה דייסת גם וגם וניל פרו12*300גרם,ברקודים חדשים,
7290109351025,אסם,אסם,צבר חומוסטחינה 6*400גרם,ברקודים חדשים,
7290109351209,אסם,אסם,לה פרוטה אננס תפוז 36*70גרם,ברקודים חדשים,
7290109351292,אסם,אסם,אח של ביסלי ספייסי צ'ילי 30*55גרם,ברקודים חדשים,
7290109351315,אסם,אסם,אח של ביסלי סלסה פיקנטית 30*70גרם,ברקודים חדשים,
7290109351315,אסם,אסם,אח של ביסלי סלסה פיקנטית סרט 6 5*70גרם,ברקודים חדשים,
7290109351339,אסם,אסם,אח של ביסלי סלסה פיקנטית 30*55גרם,ברקודים חדשים,
7290109351339,אסם,אסם,אח של ביסלי סלסה פיקנטית סרט 6 5*55גרם,ברקודים חדשים,
7290109351520,אסם,אסם,קריספי עגבניות בזיליקום 8*150גרם,ברקודים חדשים,
7290109351605,אסם,אסם,טבעול פלאפל מרכיבים ביתיים בלבד 6*500גרם,ברקודים חדשים,
7290109351643,אסם,אסם,צבר חומוסיבוב ברוטב שום 6*400גרם,ברקודים חדשים,
7290109351742,אסם,אסם,אסם שקדי מרק 6*1קג,ברקודים חדשים,
7290109351766,אסם,אסם,אסם קוסקוס אמיתי 5*1קג,ברקודים חדשים,
7290109351780,אסם,אסם,אסם פתיתים אפויים אורז 6*1.2קג,ברקודים חדשים,
7290109351803,אסם,אסם,אסם פתיתים אפויים קוסקוס 6*1.2קג,ברקודים חדשים,
7290109351971,אסם,אסם,פיטנס בר פריכיות שוקולד חלב 12*84גרם,ברקודים חדשים,
7290109352510,אסם,אסם,אסם זוג מרק נמס תירס בדצ 12*48גרם,ברקודים חדשים,
7290109352626,אסם,אסם,צבר חומוסטחינה עם קונפי שום 6*400גרם,ברקודים חדשים,
7290109352916,אסם,אסם,פיטנס בר פריכיות שוקולד לבן 12*84גרם,ברקודים חדשים,
7290109352954,אסם,אסם,במבה שיפר מטאלי 8קג,ברקודים חדשים,
7290109352985,אסם,אסם,טבעול שניצל תירס קדמ 6*1.5קג,ברקודים חדשים,
7290109353081,אסם,אסם,אסם גלי בטעם לימון 12*85גרם,ברקודים חדשים,
7290109353371,אסם,אסם,נסטלה מאגדת לייט וניל עוגיות6 6*52גרם,ברקודים חדשים,
7290109353395,אסם,אסם,אסם קמח שמרים ללא גלוטן 12*350גרם,ברקודים חדשים,
7290109353470,אסם,אסם,אח של ביסלי מעושן 30*55גרם,ברקודים חדשים,
7290109354019,אסם,אסם,מנה חמה קוסקוס עם עדשים 12*87גרם,ברקודים חדשים,
7290109354057,אסם,אסם,לה פרוטה מאגדת אננס תפוז 8 5*70גרם,ברקודים חדשים,
7290109354101,אסם,אסם,לחמית ללא גלוטן 12*200גרם,ברקודים חדשים,
7290109354194,אסם,אסם,גויה מסקפנה.סירופ תות עוג.שקלד.לבן27*90ג,ברקודים חדשים,
7290109354330,אסם,אסם,סלטי צבר אריסה 6*180גרם,ברקודים חדשים,
7290109354385,אסם,אסם,סלטי צבר סחוג ירוק 6*180גרם,ברקודים חדשים,
7290109354422,אסם,אסם,סלטי צבר סחוג אדום 6*180גרם,ברקודים חדשים,
7290109354460,אסם,אסם,נסטלה שעת סיפור שרבט תות 48*65גרם,ברקודים חדשים,
7290109354521,אסם,אסם,נסטל.שלג.פליי מסטיק חלבי ושרבט תות30*70ג,ברקודים חדשים,
7290109354651,אסם,אסם,סלטי צבר קרם פלפלים 6*240גרם,ברקודים חדשים,
7290109354675,אסם,אסם,סלטי צבר קרם חצילים 6*240גרם,ברקודים חדשים,
7290109354699,אסם,אסם,סלטי צבר חומוס יום העצמאות 6*600גרם,ברקודים חדשים,
7290109354712,אסם,אסם,סלטי צבר מאזטים קרם בצל 6*240גרם,ברקודים חדשים,
7290109354804,אסם,אסם,סלטי צבר חזרת 6*180גרם,ברקודים חדשים,
7290109354903,אסם,אסם,סלטי צבר פלפל חלפניו חריף 6*180גרם,ברקודים חדשים,
7290109354972,אסם,אסם,אסם פתי בר ללא גלוטן קלאסי 12*200גרם,ברקודים חדשים,
7290109354996,אסם,אסם,אסם פתי בר ללא גלוטן שוקו 12*200גרם,ברקודים חדשים,
7290109355016,אסם,אסם,לה פרוטה ליצי פסיפלורה 36*65גרם,ברקודים חדשים,
7290109355115,אסם,אסם,לה פרוטה יוגורט תות 36*60גרם,ברקודים חדשים,
7290109355184,אסם,אסם,לה פרוטה משפחתית תות פירות אדומים 6*440ג,ברקודים חדשים,
7290109355207,אסם,אסם,לה פרוטה משפחתית אנס.פסיפלורה מנגו6*440ג,ברקודים חדשים,
7290109355320,אסם,אסם,לה קרמריה פיסטוק וניל חלבי בדצ 6*1.4ל,ברקודים חדשים,
7290109355467,אסם,אסם,הבית עוגת דבש עם אגוזים 10%דבש 8*250גרם,ברקודים חדשים,
7290109355504,אסם,אסם,נסטלה קראנץ ונל.ליבת נגט.שקלד.לבן28*100ג,ברקודים חדשים,
7290109356945,אסם,אסם,ביסלי 55ג משורנק 10.6קג,ברקודים חדשים,
7290109357263,אסם,אסם,ערגליות תות 6*600גרם,ברקודים חדשים,
7290109357287,אסם,אסם,ערגליות שוקו 6*600גרם,ברקודים חדשים,
7290109357300,אסם,אסם,סלטי צבר חציל במיונז 6*140גרם,ברקודים חדשים,
7290109357409,אסם,אסם,סלטי צבר מטבוחה 6*140גרם,ברקודים חדשים,
7290109358116,אסם,אסם,ויטמינצ'יק אננס 6*2ליטר,ברקודים חדשים,
7290109358130,אסם,אסם,לה פרוטה מאגדת יגרט.אנס.פסיפ.מנגו8 5*60ג,ברקודים חדשים,
7290109358284,אסם,אסם,טבעול שניצל תירס עם חלבון 6*664גרם,ברקודים חדשים,
7290109358604,אסם,אסם,אסם קוסקוס פלוס סיבים 12*330גרם,ברקודים חדשים,
7290109358666,אסם,אסם,אסם פתיתים קוסקוס פלוס סיבים 12*400ג,ברקודים חדשים,
7290109358734,אסם,אסם,אסם קטשופ מופחת סוכר 9*710גרם,ברקודים חדשים,
7290109358758,אסם,אסם,אסם חטיפי קרקר דגנים חומוס 8*150גרם,ברקודים חדשים,
7290109358765,אסם,אסם,קראנץ' רולס 16*450גרם 2017,ברקודים חדשים,
7290110110000,מבשלות בירה ישראליות,פריגת,לימון נענע Light בק' עגול 1.5 12 קרטון,ברקודים חדשים,
7290110110017,החברה המרכזית,קוקה קולה,פאנטה תות 1.5 ליטר,ברקודים חדשים,
7290110110024,החברה המרכזית,קוקה קולה,"סליק פאנטה תות 330 מ""ל מבצע",ברקודים חדשים,
7290110110086,מבשלות בירה ישראליות,פריגת,פריגת 1.5 Light-מארז שלישייה,ברקודים חדשים,
7290110110154,החברה המרכזית,קוקה קולה,FUZE tea אפרסק רימון 1.5 ליטר,ברקודים חדשים,
7290110110413,מבשלות בירה ישראליות,פריגת,צלול ענבים בק' פט 1.5 ליטר 12 קרטון,ברקודים חדשים,
7290110110420,מבשלות בירה ישראליות,פריגת,צלול תפוחים בק' פט 1.5 12 קרטון,ברקודים חדשים,
7290110110437,מבשלות בירה ישראליות,פריגת,צלול אפרסק בק' פט 1.5 12 קרטון,ברקודים חדשים,
7290110110444,מבשלות בירה ישראליות,פריגת,צלול אננס בק' פט 1.5 12 קרטון,ברקודים חדשים,
7290110110451,מבשלות בירה ישראליות,פריגת,צלול ענבים בק' פט 0.5 24 קרטון,ברקודים חדשים,
7290110110468,מבשלות בירה ישראליות,פריגת,צלול אפרסק בק' פט 0.5 24 קרטון,ברקודים חדשים,
7290110110475,מבשלות בירה ישראליות,פריגת,צלול אננס בק' פט 0.5 24 קרטון,ברקודים חדשים,
7290110110611,החברה המרכזית,קוקה קולה,ספרייט  1.5 ליטר LIME,ברקודים חדשים,
7290110110628,החברה המרכזית,קוקה קולה,ספרייט LIME שישיות 1.5 ליטר,ברקודים חדשים,
7290110110635,החברה המרכזית,קוקה קולה,"ספרייט 500 מ""ל LIME",ברקודים חדשים,
7290110110659,החברה המרכזית,קוקה קולה,"סליק ספרייט LIME 330 מ""ל מבצע",ברקודים חדשים,
7290110110666,החברה המרכזית,קוקה קולה,"ספרייט LIME קלאסי 350 מ""ל",ברקודים חדשים,
7290110110703,החברה המרכזית,קוקה קולה,ספרייט Lime 6 פח מבצע FRIDGE PACK,ברקודים חדשים,
7290110110994,החברה המרכזית,קוקה קולה,"מארז ק""ק 4 ZERO פח FRIDGE-PACK מבצע",ברקודים חדשים,
7290110320850,תנובה,תנובה,"פתיתי עמק 28% שומן, 200 גרם",ברקודים חדשים,
7290110321277,תנובה,תנובה,קוטג' בקטנה 100 גרם 5% שומן,ברקודים חדשים,
7290110321284,תנובה,תנובה,קוטג' בקטנה 100 גרם 9% שומן,ברקודים חדשים,
7290110322540,תנובה,תנובה,קוטג תנובה גביע 250 גרם %5 ו.מהדרין - מהדורת שופרסל,ברקודים חדשים,
7290110322564,תנובה,תנובה,גבינה לבנה 5% 250 גרם מהדרין - מהדורת שופרסל,ברקודים חדשים,
7290110322571,תנובה,תנובה,גבינה לבנה 9% 250 גרם מהדרין - מהדורת שופרסל,ברקודים חדשים,
7290110322588,תנובה,תנובה,חלב תנובה טרי קרט+פקק 1ל %3 - מהדורת שופרסל,ברקודים חדשים,
7290110560195,שטראוס,מחלבה,אקטימל אפרסק שמיניה,ברקודים חדשים,
7290110560386,שטראוס,ממתקים - נצרת,עסקת טבלאות מגדים 2017  חדש,ברקודים חדשים,
7290110560423,שטראוס,מחלבה,קוטג 900 גרם מוסדי,ברקודים חדשים,
7290110560706,שטראוס,מחלבה,סימפוניה קרם שמנת 9% שום,ברקודים חדשים,
7290110560751,שטראוס,מחלבה,סימפוניה קרם שמנת 9% פלפלים,ברקודים חדשים,
7290110560829,שטראוס,מחלבה,מילקי בטעם טורטית,ברקודים חדשים,
7290110560836,שטראוס,מחלבה,מילקי בטעם פסק זמן,ברקודים חדשים,
7290110561024,שטראוס,מחלבה,מילקי מוס תותים,ברקודים חדשים,
7290110561116,שטראוס,מחלבה,מילקי בטעם קפה קרמל,ברקודים חדשים,
7290110561178,שטראוס,מחלבה,ספלנדיד שוקולד עשיר,ברקודים חדשים,
7290110561406,שטראוס,מחלבה,דניאלה וניל עם שכבת תות,ברקודים חדשים,
7290110561413,שטראוס,מחלבה,דניאלה וניל עם שכבת אננס,ברקודים חדשים,
7290110561543,שטראוס,מחלבה,פרו טריפל זירו וניל,ברקודים חדשים,
7290110561581,שטראוס,מחלבה,דנונה דיאט טריפל זירו תות,ברקודים חדשים,
7290110561598,שטראוס,מחלבה,דנונה דיאט טריפל זירו אפרסק,ברקודים חדשים,
7290110561604,שטראוס,מחלבה,שמיניית גמדים תות בננה מעורבב,ברקודים חדשים,
7290110562403,שטראוס,ממתקים - נצרת,בונ פינוקי ספלנדיד 162 גרם,ברקודים חדשים,
7290110563455,יטבתה,יטבתה,חלב דל לקטוז 3%,ברקודים חדשים,כן
7290110563486,יטבתה,יטבתה,חלב PRO - חלב מועשר בחלבון,ברקודים חדשים,כן
7290110563493,יטבתה,יטבתה,רוטב שמנת חריף עם פלפלים 9%,ברקודים חדשים,
7290110563905,שטראוס,ממתקים - נצרת,מאגדת פסק זמן ללס,ברקודים חדשים,
7290110564094,שטראוס,מחלבה,"דנונה דיאט טריפל זירו תות לצה""ל",ברקודים חדשים,
7290110564322,שטראוס,אחלה,חומוס הסדרה המובחרת עשיר ב-20% טחינה,ברקודים חדשים,כן
7290110564339,שטראוס,אחלה,חומוס הסדרה המובחרת עשיר ב-30% טחינה,ברקודים חדשים,כן
7290110564360,שטראוס,אחלה,חומוס הסדרה המובחרת עשיר ב-40% טחינה,ברקודים חדשים,כן
7290110564391,שטראוס,אחלה,חומוס הסדרה המובחרת 30% בתוספת טחינה ,ברקודים חדשים,כן
7290110564407,שטראוס,אחלה,חומוס הסדרה המובחרת 30% בתוספת תטבילה,ברקודים חדשים,כן
7290110564414,שטראוס,אחלה,חומוס הסדרה המובחרת 30% טחינה 600 גרם,ברקודים חדשים,כן
7290110564698,יטבתה,יטבתה,רוטב שמנת עם תרד 13.5%,ברקודים חדשים,
7290110564841,יטבתה,יטבתה,משקה יטבתה פרו שוקו,ברקודים חדשים,
7290110565435,שטראוס,מחלבה,לימבו פטל קו חלבי,ברקודים חדשים,
7290110565497,יטבתה,יטבתה,יטבתה פרו קפה ללא סוכר 250 מל,ברקודים חדשים,
7290110565527,שטראוס,מחלבה,דנונה פרו 20 גרם חלבון,ברקודים חדשים,
7290110565589,שטראוס,מחלבה,דנונה דיאט טריפל זירו אפרסק מוסדי,ברקודים חדשים,
7290110567385,שטראוס,אחלה,חומוס משאוושה גרוס גס עם שיפקה 400 גר',ברקודים חדשים,כן
7290111091513,DPL,מפיץ נאופרם,קוויק XL לניקוי אמבטיה ושירותים - ריח לבנדר 40יח,ברקודים חדשים,
7290111560101,אסם,אסם,אסם חטיפי קרקר דגנים עשבי תיבול 8*150גרם,ברקודים חדשים,
7290111560125,אסם,אסם,אסם חטיפי קרקר דגנים בצל 8*150גרם,ברקודים חדשים,
7290111560132,אסם,אסם,אסם קרקר פסטו ועגבניות מיובשות12*150גרם,ברקודים חדשים,
7290111560156,אסם,אסם,אסם קרקר עדשים ודגנים מלאים 12*150גרם,ברקודים חדשים,
7290111560507,אסם,אסם,ביסלי שיפר אימפלס 11.6קג,ברקודים חדשים,
7290111560514,אסם,אסם,סלטי צבר חציל בטחינה 7% 6*250גרם,ברקודים חדשים,
7290111560538,אסם,אסם,אסם קמח שמרים עם 30% חיטה מלאה10*1קג,ברקודים חדשים,
7290111560552,אסם,אסם,מנה חמה שיפר מבצעים 5.15קג,ברקודים חדשים,
7290111560583,אסם,אסם,אסם קמח תופח עם 30% חיטה מלאה 10*1קג,ברקודים חדשים,
7290111560606,אסם,אסם,מנה חמה קוסקוס עגבניות פיקנטי 12*87גרם,ברקודים חדשים,
7290111560736,אסם,אסם,אסם קרקר זהב מאח.קדמ 6 2*150גרם,ברקודים חדשים,
7290111560811,אסם,אסם,ביסלי מאנץ אמריקאי 20*40גרם,ברקודים חדשים,
7290111560859,אסם,אסם,אסם שיפר עלוקה זוג מרקים נמסים 2.68קג,ברקודים חדשים,
7290111560897,אסם,אסם,אסם מארז עוגיות שוקוצ'יפס קדמ.6 2*200גרם,ברקודים חדשים,
7290111560910,אסם,אסם,אסם וופל בטעם שוקולד 24*200גרם 2017,ברקודים חדשים,
7290111561030,אסם,אסם,אסם קרמוגית במילוי שוקולד מארז6 2*200גרם,ברקודים חדשים,
7290111562303,אסם,אסם,נסטלה שלג.שוקו מצפ.פרווה בדצ48*55גרם-חדש,ברקודים חדשים,
7290111562440,אסם,אסם,אסם קר.עסקה מרקי בישול ותבש.ממע.4.20קג,ברקודים חדשים,
7290111562716,אסם,אסם,אסם פתי בר פלוס 12*500גרם,ברקודים חדשים,
7290111562747,אסם,אסם,ערגליות מייפל 6*300גרם,ברקודים חדשים,
7290111562761,אסם,אסם,אסם קרטון עסקה מרקי זוגות ממע.4.43קג,ברקודים חדשים,
7290111562990,אסם,אסם,אסם זוג מרק נמס עדשים בדצ 14*34ג,ברקודים חדשים,
7290111563010,אסם,אסם,אסם זוג מרק נמס עגבניות פיקנטי בדצ12*50ג,ברקודים חדשים,
7290111563072,אסם,אסם,אסם זוגות מרק עוף אטריות וקרוטונים10*46ג,ברקודים חדשים,
7290111563140,אסם,אסם,סלטי צבר חומוס סמיר הגדול מוגדל 6*600גרם,ברקודים חדשים,
7290111563287,אסם,אסם,סלטי צבר פלפלים רפי 6*240גרם,ברקודים חדשים,
7290111563300,אסם,אסם,סלטי צבר טחינה רפי 6*250גרם,ברקודים חדשים,
7290111563379,אסם,אסם,סלטי צבר מטבוחה מרוקאית רפי 6*240גרם,ברקודים חדשים,
7290111563393,אסם,אסם,סלטי צבר חומוס סמיר הגדול חריף 6*400גרם,ברקודים חדשים,
7290111563416,אסם,אסם,סלטי צבר טחינה פיקנטית מלך החומוס 6*400ג,ברקודים חדשים,
7290111563515,אסם,אסם,אסם זוג מרק נמס ירקות כתומים 14*44גרם,ברקודים חדשים,
7290111563546,אסם,אסם,אסם אבקת מרק עדשים רכיבים טבעיים6*220גרם,ברקודים חדשים,
7290111563560,אסם,אסם,אסם א.מרק קטניות פיקנטי ר.טבעי 6*220גרם,ברקודים חדשים,
7290111563683,אסם,אסם,בית השיטה מלפ.מלח פרוסות.א2 12*320גרם,ברקודים חדשים,
7290111563713,אסם,אסם,טבעול שניצל מן הצומח עם חלבון6*664ג,ברקודים חדשים,
7290111563898,אסם,אסם,אסם פודינג לימון 12*83גרם,ברקודים חדשים,
7290111563928,אסם,אסם,אפרופו שוקולד מצונן 36*40גרם,ברקודים חדשים,
7290111564192,אסם,אסם,לה פרוטה משפחתית מנגו 6*470גרם,ברקודים חדשים,
7290111564215,אסם,אסם,לה פרוטה משפחתית קקס.אנס+חתכ.אנס6*490גרם,ברקודים חדשים,
7290111564277,אסם,אסם,פיטנס פריכיות 3 דגנים דקות 12*120גרם,ברקודים חדשים,
7290111564314,אסם,אסם,סלטי צבר כרוב אדום 7% 6*250גרם,ברקודים חדשים,
7290111564338,אסם,אסם,סלטי צבר חציל על האש 7% 6*250גרם,ברקודים חדשים,
7290111564352,אסם,אסם,סלטי צבר חומוס 7% 6*250גרם,ברקודים חדשים,
7290111564383,אסם,אסם,ביסלי גריל ייעודי מאח.4 10*50גרם,ברקודים חדשים,
7290111564406,אסם,אסם,ביסלי ברביקיו ייעודי מאח.4 10*50גרם,ברקודים חדשים,
7290111564543,אסם,אסם,לה פרוטה רימון תפוח 36*70גרם 2018,ברקודים חדשים,
7290111564642,אסם,אסם,טבעול המבורגר מן הצומח 6*630גרם,ברקודים חדשים,
7290111564666,אסם,אסם,טבעול כדורי בשר מן הצומח 6*500גרם,ברקודים חדשים,
7290111564727,אסם,אסם,אסם קרמוגית במילוי קרם אגוזים12*200ג חדש,ברקודים חדשים,
7290111564741,אסם,אסם,ערגליות פטל 6*300גרם,ברקודים חדשים,
7290111564819,אסם,אסם,אח של ביסלי מעושן 30*70גרם,ברקודים חדשים,
7290111564857,אסם,אסם,במבה מארז ייעודי 12 10*30גרם,ברקודים חדשים,
7290111564932,אסם,אסם,אח של ביסלי ספייסי צ'ילי 30*70גרם,ברקודים חדשים,
7290111564956,אסם,אסם,ביסלי במבה מיקס 18*200גרם,ברקודים חדשים,
7290111564987,אסם,אסם,אסם טעם עוף ר.ט. 33% דל נתרן 6*300גרם,ברקודים חדשים,
7290111565007,אסם,אסם,אסם עוף אמיתי ר.ט. 33% דל נתרן 6*300גרם,ברקודים חדשים,
7290111565052,אסם,אסם,לה פרוטה מאגדת יוגורט תות 8 5*60גרם,ברקודים חדשים,
7290111565083,אסם,אסם,במבה מארז 6 15*25גרם,ברקודים חדשים,
7290111565120,אסם,אסם,אקסטרים לוז ליבה ומטבע שוקולד חלב18*115ג,ברקודים חדשים,
7290111565144,אסם,אסם,אקסטרים ונל.פליק שקדים ומטבע לבן18*115ג,ברקודים חדשים,
7290111565311,אסם,אסם,לחמית פולי קקאו 12*160גרם,ברקודים חדשים,
7290111565335,אסם,אסם,לחמית זיתים 12*170גרם,ברקודים חדשים,
7290111565373,אסם,אסם,אסם קטשופ טוסט 9*750גרם,ברקודים חדשים,
7290111565465,אסם,אסם,לחמית עשבי תיבול 12*170גרם,ברקודים חדשים,
7290111565588,אסם,אסם,טבעול שניצל תירס עדה חרדית 5*1.75קג,ברקודים חדשים,
7290111565601,אסם,אסם,טבעול נקנ.מן הצומח עדה חרדית 5*1.75קג,ברקודים חדשים,
7290111565656,אסם,אסם,במבה נוגט 40*150גרם,ברקודים חדשים,
7290111565847,אסם,אסם,במבה לבבות 40*80גרם,ברקודים חדשים,
7290111565892,אסם,אסם,שיפר במבה משפחתי 10.75קג,ברקודים חדשים,
7290111565908,אסם,אסם,שיפר במבה 5.4 קג שוק פרטי,ברקודים חדשים,
7290111565960,אסם,אסם,אסם וופל בטעם לימון שוק פרטי 24*200גרם,ברקודים חדשים,
7290111566035,אסם,אסם,אסם שיפר רגע חם מרקים נמסים 9.89קג,ברקודים חדשים,
7290111566066,אסם,אסם,במבה ביסלי בצל מיקס 36*80גרם,ברקודים חדשים,
7290111566080,אסם,אסם,במבה לבבות מארז 15 8*25גרם,ברקודים חדשים,
7290111566103,אסם,אסם,טבעול פלאפל מרכיבים ביתיים בלבד 6*590גרם,ברקודים חדשים,
7290111566172,אסם,אסם,במבה לבבות 45*60גרם,ברקודים חדשים,
7290111566226,אסם,אסם,טבעול שניצל ברוקולי 6*664גרם,ברקודים חדשים,
7290111566240,אסם,אסם,טבעול שניצל דק בטעם צילי חריף 8*564גרם,ברקודים חדשים,
7290111566271,אסם,אסם,טבעול חטיפי תירס 6*657גרם,ברקודים חדשים,
7290111566295,אסם,אסם,טבעול שווארמה צמחונית 6*500גרם,ברקודים חדשים,
7290111566318,אסם,אסם,טבעול שניצל דק מן הצומח 8*564גרם,ברקודים חדשים,
7290111566332,אסם,אסם,טבעול נקניקיות וינר צמחוניות 6*680גרם,ברקודים חדשים,
7290111566356,אסם,אסם,רולר לבן בדצ 28*83גרם,ברקודים חדשים,
7290111566394,אסם,אסם,אסם פתיתים אפויים אורז מאח6 2*500גרם,ברקודים חדשים,
7290111566417,אסם,אסם,טבעול טחון צמחוני 6*500גרם,ברקודים חדשים,
7290111566547,אסם,אסם,טבעול חזה בגריל צמחוני 6*560גרם,ברקודים חדשים,
7290111566561,אסם,אסם,טבעול שניצל ברוקולי 99 קלוריות 6*560ג,ברקודים חדשים,
7290111566585,אסם,אסם,טבעול שניצל צמחוני 99 קלוריות 6*650גרם,ברקודים חדשים,
7290111566646,אסם,אסם,אח של ביסלי סלסה פיקנטית מאח.6 9*20גרם,ברקודים חדשים,
7290111566691,אסם,אסם,טבעול שניצל תרד 99 קלוריות 6*560גרם,ברקודים חדשים,
7290111566714,אסם,אסם,טבעול המבורגר צמחוני 99 קלוריות 6*600ג,ברקודים חדשים,
7290111566738,אסם,אסם,טבעול מיני המבורגר פטריות 6*585גרם,ברקודים חדשים,
7290111566752,אסם,אסם,טבעול שניצל תירס 99 קלוריות 6*693גרם,ברקודים חדשים,
7290111566776,אסם,אסם,טבעול נקניקיות קוקטייל צמחוניות6*680גרם,ברקודים חדשים,
7290111566790,אסם,אסם,אסם שיפר חדשנות אימפלס 7.1קג,ברקודים חדשים,
7290111567018,אסם,אסם,אסם פירורית זהב כוסמין 12*200גרם,ברקודים חדשים,
7290111567063,אסם,אסם,לחמית צימוקים 12*160גרם,ברקודים חדשים,
7290111567117,אסם,אסם,אסם פתיתים פלוס 50% יותר חלבון 12*400גרם,ברקודים חדשים,
7290111567179,אסם,אסם,נסטלה מאגדת שעת סיפור 6 5*65גרם,ברקודים חדשים,
7290111567537,אסם,אסם,נסטלה מאגד.קרח.דבדבן.אנס.מ.מיחדת7 10*70ג,ברקודים חדשים,
7290111568824,אסם,אסם,אסם קטשופ נוסטלגיה שופרסל 9*750גרם,ברקודים חדשים,
7290111568848,אסם,אסם,אסם שקדי מרק נוסטלגיה שופרסל 12*400גרם,ברקודים חדשים,
7290111568862,אסם,אסם,אסם פודינג וניל במהדורה נוסטלגית 12*80ג,ברקודים חדשים,
7290111568909,אסם,אסם,אסם פתיתים אורז נוסטלגיה 12*500גרם,ברקודים חדשים,
7290111569005,אסם,אסם,ביסלי גריל מארז נוסטלגיה 12 2*200גרם,ברקודים חדשים,
7290111569159,אסם,אסם,במבה קלאסי מארז נוסטלגיה 8 6*50גרם,ברקודים חדשים,
7290111569197,אסם,אסם,אסם פתי בר נוסטלגיה 12*500גרם,ברקודים חדשים,
7290111569210,אסם,אסם,ערגליות תות שדה נוסטלגיה 6*300גרם,ברקודים חדשים,
7290111569234,אסם,אסם,ערגליות שוקולד נוסטלגיה 6*300גרם,ברקודים חדשים,
7290111569258,אסם,אסם,צבר חומוס אבו מרוואן נוסטלגיה 6*400גרם,ברקודים חדשים,
7296058000021,פרח,"פרח תעשיות מזון בע""מ",פריכיות אורז מלא ותירס פרח (100 גרם),ברקודים חדשים,
7296058000038,פרח,"פרח תעשיות מזון בע""מ",פריכיות אורז ושיבולת שועל פרח (100 גרם),ברקודים חדשים,
7296058000045,פרח,"פרח תעשיות מזון בע""מ",פריכיות אורז מלא וכוסמת פרח (100 גרם),ברקודים חדשים,
7296058000052,פרח,"פרח תעשיות מזון בע""מ",פריכיות חמישה דגנים פרח (100 גרם),ברקודים חדשים,
7296058000120,פרח,"פרח תעשיות מזון בע""מ",פריכיות מיני דגנים מלאים פרח (40 גרם),ברקודים חדשים,
7296058000137,פרח,"פרח תעשיות מזון בע""מ",פריכיות ברביקיו פרח (40 גרם),ברקודים חדשים,
7296058000304,פרח,"פרח תעשיות מזון בע""מ",פריכיות בטעם תפוח וקינמון פרח (40 גרם),ברקודים חדשים,
7296058000311,פרח,"פרח תעשיות מזון בע""מ",פריכיות זעתר ושמן זית פרח (40 גרם),ברקודים חדשים,
7296058000373,פרח,"פרח תעשיות מזון בע""מ",פריכיות דקות מאורז מלא פרח  (100 גרם),ברקודים חדשים,
7296058000380,פרח,"פרח תעשיות מזון בע""מ",פריכיות אורז דקות עם תירס פרח (100 גרם),ברקודים חדשים,
7296058000397,פרח,"פרח תעשיות מזון בע""מ",פריכיות דקות אורז וקצח פרח (100 גרם),ברקודים חדשים,
7296058000403,פרח,"פרח תעשיות מזון בע""מ",פריכיות דקות אורז מלא וכוסמת פרח (100 גרם),ברקודים חדשים,
7296058000526,פרח,"פרח תעשיות מזון בע""מ",פריכיות כוסמת פרח (130 גרם),ברקודים חדשים,
7296073006176,סוגת PL,שופרסל,"סוכר שופרסל 1 ק""ג",ברקודים חדשים,
7296073006374,כד בני דרום,שופרסל,560חרוזי זיתים ירוק.שופר,ברקודים חדשים,
7296073006381,כד בני דרום,שופרסל,מנזנילו בינונ.שופרסל560ג,ברקודים חדשים,
7296073006398,כד בני דרום,שופרסל,מנזנילו גדול ירוק 560 גר,ברקודים חדשים,
7296073006404,כד בני דרום,שופרסל,מלפפון במלח7-9 שופר.560ג,ברקודים חדשים,
7296073006411,כד בני דרום,שופרסל,מלפ.במלח 10-12שופרסל560ג,ברקודים חדשים,
7296073006428,כד בני דרום,שופרסל,מלפ.במלח 13-17שופרסל560ג,ברקודים חדשים,
7296073006435,כד בני דרום,שופרסל,מלפ.במלח 18-25שופרסל560ג,ברקודים חדשים,
7296073013082,כד בני דרום,שופרסל,חרוזי זיתים שופרסל1.25קג,ברקודים חדשים,
7296073021568,טחנות ישראליות ,שופרסל,"קמח לבן   1ק""ג",ברקודים חדשים,
7296073021575,טחנות ישראליות ,שופרסל,"קמח תופס 1ק""ג",ברקודים חדשים,
7296073021582,טחנות ישראליות ,שופרסל,"סולת חיטה 1ק""ג",ברקודים חדשים,
7296073049654,כד בני דרום,שופרסל,טבעות זיתים ירוקים 560גר,ברקודים חדשים,
7296073066323,אחדות PL,שופרסל,חלווה וניל עם פיסטוקים 250 גרם שופרסל,ברקודים חדשים,
7296073066330,אחדות PL,שופרסל,חלווה מעודנת 400 גרם שופרסל,ברקודים חדשים,
7296073066347,אחדות PL,שופרסל,חלווה מסולסלת 250 גרם שופרסל,ברקודים חדשים,
7296073066354,אחדות PL,שופרסל,חטיפי חלווה וניל 250 גרם שופרסל,ברקודים חדשים,
7296073074434,.P.L גטניו,שופרסל,פתי בר גדול שופרסל500גרם,ברקודים חדשים,
7296073074441,.P.L גטניו,שופרסל,500פתי בר שוקו גדול שופר,ברקודים חדשים,
7296073074533,P.L זנלכל בעמ,שופרסל,חומץ טבעי 5% שופרסל 1 ל,ברקודים חדשים,
7296073078883,נועם אורים,שופרסל,שופרסל: 9 מטליות מותג,ברקודים חדשים,
7296073078890,נועם אורים,שופרסל,שופרסל: 15 מטליות מותג,ברקודים חדשים,
7296073078975,פרח P.L.,שופרסל,פריכיות אורז מלא 100 גרם שופרסל,ברקודים חדשים,
7296073078982,פרח P.L.,שופרסל,פריכיות אורז מלא 100 גרם - חמישה דגנים שופרסל,ברקודים חדשים,
7296073078999,פרח P.L.,שופרסל,פריכיות אורז מלא ושיבולת שועל 100 גרם שופרסל,ברקודים חדשים,
7296073079019,פרח P.L.,שופרסל,פריכיות דקות אורז מלא וקצח 100 גרם שופרסל,ברקודים חדשים,
7296073080497,ויטה פרי גליל ,שופרסל,שעועית אפויה שופרסל 570ג,ברקודים חדשים,
7296073080503,ויטה פרי גליל ,שופרסל,אפונה גדולה שופרסל550גרם,ברקודים חדשים,
7296073080510,ויטה פרי גליל ,שופרסל,חומוס שלם שופרסל 560 גרם,ברקודים חדשים,
7296073080527,ויטה פרי גליל ,שופרסל,תירס ואקום שופרסל 340 גר,ברקודים חדשים,
7296073080534,ויטה פרי גליל ,שופרסל,תירס מתוק שופרסל 550 גרם,ברקודים חדשים,
7296073080541,ויטה פרי גליל ,שופרסל,אפונה וגזר שופרסל 550 גר,ברקודים חדשים,
7296073080558,ויטה פרי גליל ,שופרסל,תירס לייט שופרסל 550 גרם,ברקודים חדשים,
7296073081241,"מאיר את בייגל תעשיות בע""",שופרסל,בייגלה שמיניות מלוחות 400 גרם שופרסל,ברקודים חדשים,
7296073093169,כד בני דרום,שופרסל,פלפל חריף שיפקה שופר540ג,ברקודים חדשים,
7296073094197,PL ש.שוורץ,שופרסל,שעווה טבעית שופר.פח 500ג,ברקודים חדשים,
7296073094203,PL ש.שוורץ,שופרסל,שעווה טבעית למיקרו 500גר,ברקודים חדשים,
7296073094463,אחדות PL,שופרסל,חלווה שיש וניל ושוקו 400 גרם שופרסל,ברקודים חדשים,
7296073094746,אחדות PL,שופרסל,חלווה וניל 400 גרם שופרסל,ברקודים חדשים,
7296073094753,אחדות PL,שופרסל,בלוק חלווה וניל 500 גרם שופרסל,ברקודים חדשים,
7296073095552,PL ש.שוורץ,שופרסל,מסיר לק כחול שופרסל150מל,ברקודים חדשים,
7296073095569,PL ש.שוורץ,שופרסל,מסיר לק ורוד שופרסל150מל,ברקודים חדשים,
7296073095576,PL ש.שוורץ,שופרסל,מסיר לק סגול שופרסל150מל,ברקודים חדשים,
7296073095583,PL ש.שוורץ,שופרסל,"אצטון שופרסל 100 מ""ל",ברקודים חדשים,
7296073098256,ויטה פרי גליל ,שופרסל,800 אפונה מוקפאת שופרסל,ברקודים חדשים,
7296073098256,ויטה פרי גליל ,שופרסל,אפונה ירוקה קפואה 800 גרם שופרסל,ברקודים חדשים,
7296073098263,ויטה פרי גליל ,שופרסל,800גזר גמדי מוקפא שופרסל,ברקודים חדשים,
7296073098263,ויטה פרי גליל ,שופרסל,גזר גמדי קפוא 800 גרם שופרסל,ברקודים חדשים,
7296073098270,ויטה פרי גליל ,שופרסל,אפונה וגזר מוקפא שופרסל,ברקודים חדשים,
7296073098270,ויטה פרי גליל ,שופרסל,אפונה וגזר קפואים 800 גרם שופרסל,ברקודים חדשים,
7296073098287,ויטה פרי גליל ,שופרסל,800 לקט בורגונדי שופרסל,ברקודים חדשים,
7296073098287,ויטה פרי גליל ,שופרסל,לקט בורגונדי קפוא 800 גרם שופרסל,ברקודים חדשים,
7296073098294,ויטה פרי גליל ,שופרסל,800 ברוקולי מוקפא שופרסל,ברקודים חדשים,
7296073098294,ויטה פרי גליל ,שופרסל,ברוקולי קפוא 800 גרם שופרסל,ברקודים חדשים,
7296073106241,נועם אורים,שופרסל,שופרסל 6 מטליות רצפה,ברקודים חדשים,
7296073106258,נועם אורים,שופרסל,שופרסל: 3 סחבות לרצפה,ברקודים חדשים,
7296073107989,ויטה פרי גליל ,שופרסל,גרעיני תירס שופרסל 800 ג,ברקודים חדשים,
7296073107989,ויטה פרי גליל ,שופרסל,גרעיני תירס קפואים 800 גרם שופרסל,ברקודים חדשים,
7296073107996,ויטה פרי גליל ,שופרסל,פול ירוק שופרסל 800 גרם,ברקודים חדשים,
7296073107996,ויטה פרי גליל ,שופרסל,פול ירוק קפוא 800 גרם שופרסל,ברקודים חדשים,
7296073108023,ויטה פרי גליל ,שופרסל,שעועית ירוקה חתוכה שופרס,ברקודים חדשים,
7296073108023,ויטה פרי גליל ,שופרסל,שעועית ירוקה חתוכה קפואה 800 גרם שופרסל,ברקודים חדשים,
7296073108047,ויטה פרי גליל ,שופרסל,שעועית ירוקה שלמה שופרסל,ברקודים חדשים,
7296073108047,ויטה פרי גליל ,שופרסל,שעועית ירוקה קפואה 800 גרם שופרסל,ברקודים חדשים,
7296073108061,ויטה פרי גליל ,שופרסל,קלחי תירס שופרסל 1 קג,ברקודים חדשים,
7296073108061,ויטה פרי גליל ,שופרסל,"קלחוני תירס 1 ק""ג שופרסל",ברקודים חדשים,
7296073108085,ויטה פרי גליל ,שופרסל,שעועית צהובה חתוכה שופרס,ברקודים חדשים,
7296073108085,ויטה פרי גליל ,שופרסל,שעועית צהובה חתוכה קפואה 800 גרם שופרסל,ברקודים חדשים,
7296073108108,ויטה פרי גליל ,שופרסל,לקט ירקות מעורבים קפואים 800 גרם שופרסל,ברקודים חדשים,
7296073108122,ויטה פרי גליל ,שופרסל,לקט סיני שופרסל 800 גרם,ברקודים חדשים,
7296073108122,ויטה פרי גליל ,שופרסל,לקט סיני קפוא 800 גרם שופרסל,ברקודים חדשים,
7296073108146,ויטה פרי גליל ,שופרסל,400תחתיות ארטישוק שופרסל,ברקודים חדשים,
7296073108443,טחנות ישראליות ,שופרסל,"קמח מלא  1ק""ג",ברקודים חדשים,
7296073109457,.P.L ברמן שוקולד ועוגיות,שופרסל,עוג.ממולאות שוק.שופר300ג,ברקודים חדשים,
7296073109457,ברמן,שופרסל,עוגיות ממולאות בטעם שוקולד 300 גרם שופרסל,ברקודים חדשים,
7296073109464,.P.L ברמן שוקולד ועוגיות,שופרסל,עוג.ממולאות תות שופר300ג,ברקודים חדשים,
7296073109464,ברמן,שופרסל,עוגיות ממולאות בטעם תות 300 גרם שופרסל,ברקודים חדשים,
7296073117094,.P.L מ.סידס ובנו בעמ,שופרסל,300שוק.צ'יפס מריר שופרסל,ברקודים חדשים,
7296073117865,"P.L קבוצת יבנה אגש""ח",שופרסל,טבעות זיתים מושחר 560 גר,ברקודים חדשים,
7296073117872,"P.L קבוצת יבנה אגש""ח",שופרסל,560חרוזי זיתים מושחר שופ,ברקודים חדשים,
7296073121589,"מאיר את בייגל תעשיות בע""",שופרסל,בייגלה אצבעות שומשום 330 גרם שופרסל,ברקודים חדשים,
7296073123712,מיה מוצרי מזון,שופרסל,"תמצית רום שופרסל 50 מ""ל",ברקודים חדשים,
7296073123729,מיה מוצרי מזון,שופרסל,"תמצית וניל שופרסל 50 מ""ל",ברקודים חדשים,
7296073124160,מוצרי שום ותיבול דורות א,שופרסל,80 שום קפוא מגשית שופרסל,ברקודים חדשים,
7296073124177,מוצרי שום ותיבול דורות א,שופרסל,200שום כתוש צנצנת שופרסל,ברקודים חדשים,
7296073125303,"P.L קבוצת יבנה אגש""ח",שופרסל,מלפפונים בחומץ 7-9 540גר,ברקודים חדשים,
7296073125310,"P.L קבוצת יבנה אגש""ח",שופרסל,20%+מלפפונ.בחומץ7-9 560ג,ברקודים חדשים,
7296073125327,"P.L קבוצת יבנה אגש""ח",שופרסל,מלפפונים בחומץ10-12 540ג,ברקודים חדשים,
7296073125334,"P.L קבוצת יבנה אגש""ח",שופרסל,מלפפונים בחומץ13-17 540ג,ברקודים חדשים,
7296073125341,"P.L קבוצת יבנה אגש""ח",שופרסל,מלפפונים בחומץ18-25 540ג,ברקודים חדשים,
7296073125358,כד בני דרום,שופרסל,20%+מלפפ.במלח7-9שופר560ג,ברקודים חדשים,
7296073128175,שניב,שניב,טואלט יש 32,ברקודים חדשים,
7296073128182,שניב,שניב,טואלט יש 48,ברקודים חדשים,
7296073128199,שניב,שניב,מגבות יש 12,ברקודים חדשים,
7296073132189,.P.L ברמן שוקולד ועוגיות,שופרסל,עוג.ממולא תות שופרסל900ג,ברקודים חדשים,
7296073132189,ברמן,שופרסל,עוגיות ממולאות בטעם תות 900 גרם שופרסל,ברקודים חדשים,
7296073132196,.P.L ברמן שוקולד ועוגיות,שופרסל,900עוג.ממולא.שוקו שופרסל,ברקודים חדשים,
7296073132196,ברמן,שופרסל,עוגיות ממולאות בטעם שוקולד 900 גרם שופרסל,ברקודים חדשים,
7296073132806,"P.L קבוצת יבנה אגש""ח",שופרסל,חרוזי זיתים שופרסל560גרם,ברקודים חדשים,
7296073134107,שניב,שניב,ממחטות יש חמישיה,ברקודים חדשים,
7296073134121,שניב,שניב,טואלט חתוך יש עשיריה,ברקודים חדשים,
7296073134152,שניב,שניב,מפיות יש 100,ברקודים חדשים,
7296073140801,אחדות PL,שופרסל,חטיף חלווה וניל 100 גרם שופרסל,ברקודים חדשים,
7296073151548,"P.L-חברת המלח בע""מ",שופרסל,מלח בישול גס שופרסל 1 קג,ברקודים חדשים,
7296073151555,"P.L-חברת המלח בע""מ",שופרסל,מלח שולחן דק שופרסל 1 קג,ברקודים חדשים,
7296073169239,P.L זנלכל בעמ,שופרסל,רוטב עגבניות לשקשוקה260ג,ברקודים חדשים,
7296073169246,P.L זנלכל בעמ,שופרסל,רוטב עגבניות לפסטה260גרם,ברקודים חדשים,
7296073169253,P.L זנלכל בעמ,שופרסל,רוטב עגבניות עם שום260גר,ברקודים חדשים,
7296073169260,P.L זנלכל בעמ,שופרסל,עגבנ.מרוסקות שופרסל260גר,ברקודים חדשים,
7296073170853,"PL תפוגן בע""מ",שופרסל,צ'יפס קלאסי שופרסל 2.5קג,ברקודים חדשים,
7296073170860,"PL תפוגן בע""מ",שופרסל,צ'יפס קלאסי שופרסל 1.5קג,ברקודים חדשים,
7296073170877,"PL תפוגן בע""מ",שופרסל,1.5 צ'יפס אמריקאי שופרסל,ברקודים חדשים,
7296073170884,"PL תפוגן בע""מ",שופרסל,סטייק צ'יפס שופרסל 1.5קג,ברקודים חדשים,
7296073170891,"PL תפוגן בע""מ",שופרסל,צ'יפס זיגזג שופרסל 1.5קג,ברקודים חדשים,
7296073173304,טחנות ישראליות ,שופרסל,"קמח לאפית לחם 1ק""ג",ברקודים חדשים,
7296073173311,טחנות ישראליות ,שופרסל,"קמח מועשר  1ק""ג",ברקודים חדשים,
7296073173335,טחנות ישראליות ,שופרסל,"קמח שיפון מלא 1ק""ג",ברקודים חדשים,
7296073180876,PL ש.שוורץ,שופרסל,טלק ריחני שופרסל 200 גרם,ברקודים חדשים,
7296073190615,פרח P.L.,שופרסל,מארז פריכיות אורז מלא 8*4 264 גרם שופרסל ,ברקודים חדשים,
7296073191445,PL גליל כימיקלים,שופרסל,ג'ל מסיר כתמים שופרסל3ל,ברקודים חדשים,
7296073191452,PL גליל כימיקלים,שופרסל,"מסיר כתמים מרסס 750 מ""ל",ברקודים חדשים,
7296073192596,ויטה פרי גליל ,שופרסל,לקט ירקות קפואים לחמין 800 גרם שופרסל,ברקודים חדשים,
7296073192619,ויטה פרי גליל ,שופרסל,לקט ירקות קפואים לקוסקוס 800 גרם שופרסל,ברקודים חדשים,
7296073192633,ויטה פרי גליל ,שופרסל,שעועית לבנה שופרסל 800גר,ברקודים חדשים,
7296073192633,ויטה פרי גליל ,שופרסל,שעועית לבנה קפואה 800 גרם שופרסל,ברקודים חדשים,
7296073192657,ויטה פרי גליל ,שופרסל,גרגרי חומוס שופרסל 800גר,ברקודים חדשים,
7296073192657,ויטה פרי גליל ,שופרסל,גרגירי חומוס קפואים 800 גרם שופרסל,ברקודים חדשים,
7296073195191,אחדות ביתר ,שופרסל,          500טחינה שומשום מלא גרין,ברקודים חדשים,
7296073195207,אחדות ביתר ,שופרסל,          טחינה אורגנית גרין 500גר,ברקודים חדשים,
7296073195252,פרח P.L.,שופרסל,פריכיות אורז אורגניות 100 גרם,ברקודים חדשים,
7296073195269,פרח P.L.,שופרסל,פריכיות אורז +קינואה אורגניות 100 גרם,ברקודים חדשים,
7296073199274,טחנות ישראליות ,שופרסל,"קמח חיטה מלאה אורגני  1ק""ג",ברקודים חדשים,
7296073201427,חצר כנרת,חצר כנרת,"סילאן 350 גרם שופרסל מק""ט 34393697 קטיף",ברקודים חדשים,מסמן בפועל
7296073201434,חצר כנרת,חצר כנרת,"סילאן 900 גרם שופרסל מק""ט 34392699 קטיף",ברקודים חדשים,מסמן בפועל
7296073204879,"PL תפוגן בע""מ",שופרסל,שניצל תירס שופרסל 750גרם,ברקודים חדשים,
7296073204886,"PL תפוגן בע""מ",שופרסל,חטיפי תירס שופרסל 600גרם,ברקודים חדשים,
7296073205081,מיטב תעשיות רטבים PL,שופרסל,מיונז אמיתי 500 גרם שופרסל,ברקודים חדשים,
7296073205388,ויטה פרי גליל ,שופרסל,רסק עגבניות גרין 4*100גר,ברקודים חדשים,
7296073205388,ויטה פרי גליל ,שופרסל,רסק עגבניות  אורגניות   100*4,ברקודים חדשים,V
7296073205395,ויטה פרי גליל ,שופרסל,עגבנ.מרוסקות גרין2*300גר,ברקודים חדשים,
7296073205395,ויטה פרי גליל ,שופרסל,עגבניות מרוסקות 300*2,ברקודים חדשים,V
7296073205401,ויטה פרי גליל ,שופרסל,קטשופ אורגני גרין 750 גר,ברקודים חדשים,
7296073205401,ויטה פרי גליל ,שופרסל,קשטופ אורגני 750 מל,ברקודים חדשים,
7296073205975,PL ש.שוורץ,שופרסל,מסיר לק ללא אצטון 100 מל,ברקודים חדשים,
7296073208624,חצר כנרת,חצר כנרת,סילאן בקבוק לחיץ 400 גרם שופרסל,ברקודים חדשים,מסמן בפועל
7296073209928,"מאיר את בייגל תעשיות בע""",שופרסל,בייגלה שטוח עם מלח 300 גרם שופרסל,ברקודים חדשים,
7296073209935,"מאיר את בייגל תעשיות בע""",שופרסל,בייגלה שטוח עם שומשום 300 גרם שופרסל,ברקודים חדשים,
7296073212089,ויטה פרי גליל ,שופרסל,מרק פטריות שופרסל 400גרם,ברקודים חדשים,
7296073212096,ויטה פרי גליל ,שופרסל,מרק עוף שופרסל 400 גרם,ברקודים חדשים,
7296073212119,ויטה פרי גליל ,שופרסל,מרק טעם עוף שופרסל400ג,ברקודים חדשים,
7296073212126,ויטה פרי גליל ,שופרסל,מרק בצל שופרסל 400 גרם,ברקודים חדשים,
7296073213949,PL גליל כימיקלים,שופרסל,ג'ל כביסה מרוכז שופרסל3ל,ברקודים חדשים,
7296073215820,א.ל.ייצור ושיווק תבלינים,שופרסל,כורכום טחון בשקית 100גרם,ברקודים חדשים,
7296073215844,א.ל.ייצור ושיווק תבלינים,שופרסל,כורכום טחון שופרסל 40 גר,ברקודים חדשים,
7296073215851,א.ל.ייצור ושיווק תבלינים,שופרסל,כורכום במיכל גדול 100גרם,ברקודים חדשים,
7296073215868,א.ל.ייצור ושיווק תבלינים,שופרסל,כורכום במיכל ענק 400 גרם,ברקודים חדשים,
7296073215875,א.ל.ייצור ושיווק תבלינים,שופרסל,כמון טחון בשקית 100 גרם,ברקודים חדשים,
7296073215882,א.ל.ייצור ושיווק תבלינים,שופרסל,כמון טחון במיכל 40 גרם,ברקודים חדשים,
7296073215899,א.ל.ייצור ושיווק תבלינים,שופרסל,כמון טחון במיכל גדול100ג,ברקודים חדשים,
7296073215905,א.ל.ייצור ושיווק תבלינים,שופרסל,כמון טחון במיכל ענק400ג,ברקודים חדשים,
7296073215912,א.ל.ייצור ושיווק תבלינים,שופרסל,קנמון טחון בשקית 100 גרם,ברקודים חדשים,
7296073215929,א.ל.ייצור ושיווק תבלינים,שופרסל,קנמון טחון במיכל 40 גרם,ברקודים חדשים,
7296073215936,א.ל.ייצור ושיווק תבלינים,שופרסל,קנמון טחון במיכל גדול80ג,ברקודים חדשים,
7296073215943,א.ל.ייצור ושיווק תבלינים,שופרסל,אורגנו בשקית 20 גרם,ברקודים חדשים,
7296073215967,א.ל.ייצור ושיווק תבלינים,שופרסל,שום גבישי בשקית 100 גרם,ברקודים חדשים,
7296073215974,א.ל.ייצור ושיווק תבלינים,שופרסל,שום גבישי במיכל גדול120ג,ברקודים חדשים,
7296073215981,א.ל.ייצור ושיווק תבלינים,שופרסל,אבקת שום במיכל גדול90גרם,ברקודים חדשים,
7296073215998,א.ל.ייצור ושיווק תבלינים,שופרסל,אבקת שום בשקית 50 גרם,ברקודים חדשים,
7296073216001,א.ל.ייצור ושיווק תבלינים,שופרסל,תערובת תבול גריל עוף100ג,ברקודים חדשים,
7296073216018,א.ל.ייצור ושיווק תבלינים,שופרסל,תערובת תיבול לזעתר 100 ג,ברקודים חדשים,
7296073216025,א.ל.ייצור ושיווק תבלינים,שופרסל,תער.תיבול לזעתר מיכל100ג,ברקודים חדשים,
7296073216032,א.ל.ייצור ושיווק תבלינים,שופרסל,תערובת לגריל עוף 150 גרם,ברקודים חדשים,
7296073216049,א.ל.ייצור ושיווק תבלינים,שופרסל,תערובת תיבול על האש100ג,ברקודים חדשים,
7296073216056,א.ל.ייצור ושיווק תבלינים,שופרסל,100תערובת תיבול לשווארמה,ברקודים חדשים,
7296073216063,א.ל.ייצור ושיווק תבלינים,שופרסל,חוואג' למרק בשקית 100גרם,ברקודים חדשים,
7296073216070,א.ל.ייצור ושיווק תבלינים,שופרסל,פטרוזיליה בשקית 20 גרם,ברקודים חדשים,
7296073216087,א.ל.ייצור ושיווק תבלינים,שופרסל,עלי דפנה בשקית 20 גרם,ברקודים חדשים,
7296073216094,א.ל.ייצור ושיווק תבלינים,שופרסל,בהרט בשקית 100 גרם,ברקודים חדשים,
7296073216100,א.ל.ייצור ושיווק תבלינים,שופרסל,צ'ילי כתוש במיכל 25 גרם,ברקודים חדשים,
7296073216117,א.ל.ייצור ושיווק תבלינים,שופרסל,אבקת קרי בשקית 100 גרם,ברקודים חדשים,
7296073216124,א.ל.ייצור ושיווק תבלינים,שופרסל,בזיליקום בשקית 30 גרם,ברקודים חדשים,
7296073216131,א.ל.ייצור ושיווק תבלינים,שופרסל,טימין במיכל 20 גרם,ברקודים חדשים,
7296073216148,א.ל.ייצור ושיווק תבלינים,שופרסל,פלפל שחור טחון בשקית100ג,ברקודים חדשים,
7296073216155,א.ל.ייצור ושיווק תבלינים,שופרסל,פלפל שחור טחון במיכל40ג,ברקודים חדשים,
7296073216162,א.ל.ייצור ושיווק תבלינים,שופרסל,פלפל שחור טחון במיכל100ג,ברקודים חדשים,
7296073216186,א.ל.ייצור ושיווק תבלינים,שופרסל,פלפל שחור גרוס במיכל40ג,ברקודים חדשים,
7296073216193,א.ל.ייצור ושיווק תבלינים,שופרסל,פלפל שחור גרוס במיכל90ג,ברקודים חדשים,
7296073216209,א.ל.ייצור ושיווק תבלינים,שופרסל,פלפל שחור שלם במיכל35גרם,ברקודים חדשים,
7296073216216,א.ל.ייצור ושיווק תבלינים,שופרסל,פלפל לבן טחון במיכל40גרם,ברקודים חדשים,
7296073216223,א.ל.ייצור ושיווק תבלינים,שופרסל,פפריקה מתוקה בשקית80גרם,ברקודים חדשים,
7296073216230,א.ל.ייצור ושיווק תבלינים,שופרסל,פפריקה מתוקה במיכל 40גרם,ברקודים חדשים,
7296073216247,א.ל.ייצור ושיווק תבלינים,שופרסל,פפריקה מתוקה מיכל 100ג,ברקודים חדשים,
7296073216254,א.ל.ייצור ושיווק תבלינים,שופרסל,פפריקה מתוקה מיכל 400גרם,ברקודים חדשים,
7296073216261,א.ל.ייצור ושיווק תבלינים,שופרסל,פפריקה מתוקה מרוקאית80ג,ברקודים חדשים,
7296073216278,א.ל.ייצור ושיווק תבלינים,שופרסל,פפריקה מרוקאית מתוקה90ג,ברקודים חדשים,
7296073216285,א.ל.ייצור ושיווק תבלינים,שופרסל,פפריקה מתוקה מרוקאית400ג,ברקודים חדשים,
7296073216292,א.ל.ייצור ושיווק תבלינים,שופרסל,פפריקה חריפה בשקית80גרם,ברקודים חדשים,
7296073216308,א.ל.ייצור ושיווק תבלינים,שופרסל,פפריקה חריפה מיכל 100 גר,ברקודים חדשים,
7296073216315,א.ל.ייצור ושיווק תבלינים,שופרסל,מלח לימון בשקית 100 גרם,ברקודים חדשים,
7296073216322,א.ל.ייצור ושיווק תבלינים,שופרסל,מלח לימון מיכל גדול170ג,ברקודים חדשים,
7296073216339,א.ל.ייצור ושיווק תבלינים,שופרסל,מלח לימון מיכל ענק 700ג,ברקודים חדשים,
7296073218159,א.ל.ייצור ושיווק תבלינים,שופרסל,תערובת תיבול לקציצות100ג,ברקודים חדשים,
7296073218166,א.ל.ייצור ושיווק תבלינים,שופרסל,פלפל אנגלי שלם במיכל25ג,ברקודים חדשים,
7296073218173,א.ל.ייצור ושיווק תבלינים,שופרסל,תערובת תיבול גריל דג100ג,ברקודים חדשים,
7296073219088,מיטב תעשיות רטבים PL,שופרסל,"מיונז אמיתי 1 ק""ג שופרסל",ברקודים חדשים,
7296073219101,PL גליל כימיקלים,שופרסל,"אבקת כביסה שופרסל 7 ק""ג",ברקודים חדשים,
7296073219118,PL גליל כימיקלים,שופרסל,אבקת כביסה שופרסל 2.5 קג,ברקודים חדשים,
7296073219675,א.ל.ייצור ושיווק תבלינים,שופרסל,פלפל שחור גרוס שקית80ג,ברקודים חדשים,
7296073219880,א.ל.ייצור ושיווק תבלינים,שופרסל,פודינג שוקולד שופרסל95ג,ברקודים חדשים,
7296073219897,א.ל.ייצור ושיווק תבלינים,שופרסל,פודינג וניל שופרסל 80 גר,ברקודים חדשים,
7296073220008,ביסקול,מפיץ שטראוס,שופרסל סוכרלוז 100 שקיות (כחול),ברקודים חדשים,מסמן בפועל
7296073220275,מנעמים ,שופרסל,ופלים בטעם שוקולד 500 גרם שופרסל,ברקודים חדשים,
7296073220282,מנעמים ,שופרסל,ופלים בטעם לימון 500 גרם שופרסל,ברקודים חדשים,
7296073221791,מנעמים ,שופרסל,ופלים בטעם אגוזים 400 גרם שופרסל,ברקודים חדשים,
7296073224365,א.ל.ייצור ושיווק תבלינים,שופרסל,"קמח שמרים שופרסל 1 ק""ג",ברקודים חדשים,
7296073224563,"סלטי שמיר 2006 בע""מ PL",שופרסל,טחינה אמיתית 400 גרם שופרסל,ברקודים חדשים,
7296073224570,"סלטי שמיר 2006 בע""מ PL",שופרסל,חומוס אסלי 400 גרם שופרסל,ברקודים חדשים,
7296073224587,"סלטי שמיר 2006 בע""מ PL",שופרסל,כרוב במיונז 400 גרם שופרסל,ברקודים חדשים,
7296073224594,"סלטי שמיר 2006 בע""מ PL",שופרסל,חציל במיונז 400 גרם שופרסל,ברקודים חדשים,
7296073224600,"סלטי שמיר 2006 בע""מ PL",שופרסל,חומוס 1 קילו שופרסל,ברקודים חדשים,
7296073224662,"""לולי חוות גבעות עולם בע",שופרסל,M 12ביצים חופש אורגניות,ברקודים חדשים,
7296073224679,"""לולי חוות גבעות עולם בע",שופרסל,L 12ביצים חופש אורגני,ברקודים חדשים,
7296073224792,PL גליל כימיקלים,שופרסל,ג'ל כביסה 12 קפסולות,ברקודים חדשים,
7296073224808,PL גליל כימיקלים,שופרסל,ג'ל כביסה 22 קפסולות,ברקודים חדשים,
7296073224815,PL גליל כימיקלים,שופרסל,מרכך מרוכז כחול 1ליטר,ברקודים חדשים,
7296073224822,PL גליל כימיקלים,שופרסל,מרכך מרוכז ורוד 1ליטר,ברקודים חדשים,
7296073224839,PL גליל כימיקלים,שופרסל,מרכך מרוכז לבן 1ליטר,ברקודים חדשים,
7296073224846,PL גליל כימיקלים,שופרסל,מרכך מרוכז סגול 1ליטר,ברקודים חדשים,
7296073225072,מאפיית ש.א אנגל PL,שופרסל,לחמניות,ברקודים חדשים,
7296073225560,מנעמים ,שופרסל,ופלים בטעם שוקולד ללא תוספת סוכר 200 גרם שופרסל,ברקודים חדשים,
7296073225560,מנעמים ,שופרסל,וופל שוקולד ללא תוספת סוכר,ברקודים חדשים,
7296073225744,"סלטי שמיר 2006 בע""מ PL",שופרסל,חציל על האש 400 גרם שופרסל,ברקודים חדשים,
7296073225751,"סלטי שמיר 2006 בע""מ PL",שופרסל,חציל בטחינה 400 גרם שופרסל,ברקודים חדשים,
7296073225768,"סלטי שמיר 2006 בע""מ PL",שופרסל,מטבוחה אמיתית 400 גרם שופרסל,ברקודים חדשים,
7296073225775,"סלטי שמיר 2006 בע""מ PL",שופרסל,רצועות סלק 400 גרם שופרסל,ברקודים חדשים,
7296073226291,PL די.פי.אל,שופרסל,54 חיתולים  שלב3 שופרסל,ברקודים חדשים,V
7296073226307,PL די.פי.אל,שופרסל,46 חיתולים  שלב4 שופרסל,ברקודים חדשים,V
7296073226314,PL די.פי.אל,שופרסל,40 חיתולים שלב4+ שופרסל,ברקודים חדשים,V
7296073226321,PL די.פי.אל,שופרסל,36 חיתולים שלב5 שופרסל,ברקודים חדשים,V
7296073226338,PL די.פי.אל,שופרסל,30 חיתולים שלב6 שופרסל,ברקודים חדשים,V
7296073226543,א.ל.ייצור ושיווק תבלינים,שופרסל,אורגנו שופרסל 40 גרם,ברקודים חדשים,
7296073226963,"סלטי שמיר 2006 בע""מ PL",שופרסל,סלט חומוס עם גרגרים 400 גרם שופרסל,ברקודים חדשים,
7296073226970,"סלטי שמיר 2006 בע""מ PL",שופרסל,סלט חומוס עם טחינה 400 גרם שופרסל,ברקודים חדשים,
7296073226987,"סלטי שמיר 2006 בע""מ PL",שופרסל,סלט חומוס עם מסבחה 400 גרם שופרסל,ברקודים חדשים,
7296073226994,"סלטי שמיר 2006 בע""מ PL",שופרסל,סלט חומוס עם חריף 400 גרם שופרסל,ברקודים חדשים,
7296073229650,מיטב תעשיות רטבים PL,שופרסל,סירופ בטעם שוקולד 600 גרם שופרסל,ברקודים חדשים,
7296073229667,מיטב תעשיות רטבים PL,שופרסל,סירופ בטעם מייפל 600 גרם שופרסל,ברקודים חדשים,
7296073229681,"""לולי חוות גבעות עולם בע",שופרסל,3אומגה+M12ביצים אורגניות,ברקודים חדשים,
7296073229698,"""לולי חוות גבעות עולם בע",שופרסל,3אומגה+L.12ביצים אורגנ,ברקודים חדשים,
7296073230021,"PL קליר כימיקליים בע""מ",שופרסל,מנקה רצפות כחול 2 ליטר,ברקודים חדשים,
7296073230038,"PL קליר כימיקליים בע""מ",שופרסל,מנקה רצפות ורוד 2 ליטר,ברקודים חדשים,
7296073230045,"PL קליר כימיקליים בע""מ",שופרסל,מנקה רצפות סגול 2 ליטר,ברקודים חדשים,
7296073230052,"PL קליר כימיקליים בע""מ",שופרסל,מנקה רצפות דוחה חרקים2ל,ברקודים חדשים,
7296073230069,"PL קליר כימיקליים בע""מ",שופרסל,מנקה רצפות פרקט 2 ליטר,ברקודים חדשים,
7296073230076,"PL קליר כימיקליים בע""מ",שופרסל,מנקה רצפות שיש וקרמיקה2ל,ברקודים חדשים,
7296073230090,"סלטי שמיר 2006 בע""מ PL",שופרסל,חומוס אסלי 9% שומן 400 גרם שופרסל,ברקודים חדשים,
7296073230106,"סלטי שמיר 2006 בע""מ PL",שופרסל,סלט תפוחי אדמה 400 גרם שופרסל,ברקודים חדשים,
7296073230656,שניב,שניב,מגבות שופרסל 6 מהדורת קיץ,ברקודים חדשים,
7296073230656,"PL שניב בע""מ",שופרסל,.מגבות נייר שופרסל 6 גל,ברקודים חדשים,V
7296073230663,שניב,שניב,מגבות שופרסל 8,ברקודים חדשים,
7296073230663,"PL שניב בע""מ",שופרסל,.מגבות נייר שופרסל 8 גל,ברקודים חדשים,V
7296073230700,"PL קליר כימיקליים בע""מ",שופרסל,אקונומיקה מבושמת 4 ליטר,ברקודים חדשים,
7296073230724,"PL קליר כימיקליים בע""מ",שופרסל,אקונומיקה 4 ליטר,ברקודים חדשים,
7296073230731,"PL קליר כימיקליים בע""מ",שופרסל,נוזל כלים 24% תפוח 750מל,ברקודים חדשים,
7296073230816,"PL קליר כימיקליים בע""מ",שופרסל,נוזל לכלים 24% לימון750מ,ברקודים חדשים,
7296073230823,PL ש.שוורץ,שופרסל,"מסיר לק שופרסל 150 מ""ל",ברקודים חדשים,
7296073230885,מנעמים ,שופרסל,גלילי ופל במילוי קרם בטעם אגוזים 100 גרם שופרסל,ברקודים חדשים,
7296073231271,PL גליל כימיקלים,שופרסל,מרכ.כביסה ורוד שופרסל 4ל,ברקודים חדשים,
7296073231288,PL גליל כימיקלים,שופרסל,מרכך כביסה סגול 4 ליטר,ברקודים חדשים,
7296073231295,PL גליל כימיקלים,שופרסל,מרכ.כביסה כחול שופרסל 4ל,ברקודים חדשים,
7296073231455,מנעמים ,שופרסל,גביעי גלידה ללא תוספת סוכר,ברקודים חדשים,
7296073231547,מחלבות רמת הגולן,שופרסל,חלב 1 ליטר 1% שופרסל בקרטון,ברקודים חדשים,
7296073231554,מחלבות רמת הגולן,שופרסל,חלב 1 ליטר 3% שופרסל בקרטון,ברקודים חדשים,
7296073231561,מחלבות רמת הגולן,שופרסל,שמנת שופרסל בקרטון עם פקק 38%,ברקודים חדשים,
7296073231578,מחלבות רמת הגולן,שופרסל,שוקו 1 ליטר 2% שופרסל בקרטון,ברקודים חדשים,
7296073232377,מחלבות רמת הגולן,שופרסל,חלב נטול לקטוז 1% 1 ליטר,ברקודים חדשים,
7296073232384,מחלבות רמת הגולן,שופרסל,שוקו נטול לקטוז  1 ליטר,ברקודים חדשים,
7296073232438,מחלבות רמת הגולן,שופרסל,משקה חלב מועשר 1% שופרסל,ברקודים חדשים,
7296073232445,מחלבות רמת הגולן,שופרסל,משקה חלב מעושר 3% שופרסל,ברקודים חדשים,
7296073235613,חצר כנרת,חצר כנרת,מלית תמרים בגביע 450 גרם שופרסל,ברקודים חדשים,מסמן בפועל
7296073235750,"PL קליר כימיקליים בע""מ",שופרסל,נוזל לניקוי חלונות 750מל,ברקודים חדשים,
7296073235767,"PL קליר כימיקליים בע""מ",שופרסל,ג'ל ניקוי אסלות 750מל,ברקודים חדשים,
7296073235774,"PL קליר כימיקליים בע""מ",שופרסל,נוזל לניקוי אסלות 1ליטר,ברקודים חדשים,
7296073236139,"""לולי חוות גבעות עולם בע",שופרסל,XL ביצים אורגניות שופרסל,ברקודים חדשים,
7296073236306,"PL קליר כימיקליים בע""מ",שופרסל,אקונומיקה סופר מבושמת4ל,ברקודים חדשים,
7296073236313,"PL קליר כימיקליים בע""מ",שופרסל,ג'ל אקונומיקה שופרסל 4ל,ברקודים חדשים,
7296073236603,מחלבות רמת הגולן,שופרסל,"שמנת לבישול 15% 250 מ""ל שופרסל ",ברקודים חדשים,
7296073236894,"סלטי שמיר 2006 בע""מ PL",שופרסל,סלט קולסלאו 400 גרם שופרסל,ברקודים חדשים,
7296073236931,מיטב תעשיות רטבים PL,שופרסל,קליונז שופרסל  500 גרם שופרסל,ברקודים חדשים,
7296073237556,שניב,שניב,ממחטות שופרסל חמישיה צבעוני(ורוד),ברקודים חדשים,
7296073237556,"PL שניב בע""מ",שופרסל,'ממחטות אף 5*100 יח,ברקודים חדשים,V
7296073237563,"PL שניב בע""מ",שופרסל,ממחטות אף שופרסל 7*100יח,ברקודים חדשים,V
7296073237853,רוני רג'און,שופרסל,קפסולות קפה שופרסל סגול 10 יחידות PREMIUM שופרסל,ברקודים חדשים,
7296073237860,רוני רג'און,שופרסל,קפסולות קפה שופרסל חום 10 יחידות PREMIUM שופרסל,ברקודים חדשים,
7296073237877,רוני רג'און,שופרסל,קפסולות קפה שופרסל זהב 10 יחידות PREMIUM שופרסל,ברקודים חדשים,
7296073237884,רוני רג'און,שופרסל,קפסולות קפה שופרסל שחור 10 יחידות PREMIUM שופרסל,ברקודים חדשים,
7296073237891,רוני רג'און,שופרסל,קפסולות קפה שופרסל אדום 10 יחידות PREMIUM שופרסל,ברקודים חדשים,
7296073240211,"PL שניב בע""מ",שופרסל,נייר טואלט דו שכבתי 32 ג,ברקודים חדשים,V
7296073240853,מנעמים ,שופרסל,"ופלים בטעם שוקולד 1 ק""ג שופרסל",ברקודים חדשים,
7296073241386,PL ש.שוורץ,שופרסל,פטרולטום טהור שופרסל100מ,ברקודים חדשים,
7296073241393,PL ש.שוורץ,שופרסל,טלק לכף רגל שופרסל200 מל,ברקודים חדשים,
7296073241522,שניב,שניב,ממחטות שופרסל חמישיה לבן(תכלת),ברקודים חדשים,
7296073241522,"PL שניב בע""מ",שופרסל,ממחטות אף 5*100 יח,ברקודים חדשים,V
7296073241539,שניב,שניב,ממחטות שופרסל 100 בקופסא,ברקודים חדשים,
7296073241539,"PL שניב בע""מ",שופרסל,ממחטות אף בקופסא 100 יח,ברקודים חדשים,V
7296073241553,מחלבות רמת הגולן,שופרסל,"שוקו בשקית 6*225 מ""ל שופרסל",ברקודים חדשים,
7296073241935,שניב,שניב,טואלט שופרסל 48,ברקודים חדשים,
7296073241935,"PL שניב בע""מ",שופרסל,נייר טואלט סופר דיל 48גל,ברקודים חדשים,V
7296073242284,PL ש.שוורץ,שופרסל,"קרם ידיים שופרסל 100 מ""ל",ברקודים חדשים,
7296073242291,PL ש.שוורץ,שופרסל,"קרם רגליים שופרסל 100מ""ל",ברקודים חדשים,
7296073242314,PL ש.שוורץ,שופרסל,קרם חמצן 6% שופרסל60מ,ברקודים חדשים,
7296073242321,PL ש.שוורץ,שופרסל,קרם חמצן 9% שופרסל 60 מל,ברקודים חדשים,
7296073243731,מיה מוצרי מזון,שופרסל,ריבת חלב שופרסל 400 גרם,ברקודים חדשים,
7296073244059,PL ש.שוורץ,שופרסל,ספריי החתלה לתינוק 100מל,ברקודים חדשים,
7296073244066,PL ש.שוורץ,שופרסל,אבקת הבהרה לשיער 10גרם,ברקודים חדשים,
7296073244806,"""לולי חוות גבעות עולם בע",שופרסל,18 גרין Sביצי חופש אורגנ,ברקודים חדשים,
7296073246053,ויטה פרי גליל ,שופרסל,כרובית קפואה 800 גרם,ברקודים חדשים,
7296073246053,ויטה פרי גליל ,שופרסל,כרובית מוקפאת 800 גרם שופרסל,ברקודים חדשים,
7296073247494,PL דורום תעשיות מזון,שופרסל,רביולי גבינה ותרד 300 גר,ברקודים חדשים,
7296073247500,PL דורום תעשיות מזון,שופרסל,רביולי גבינה 300 גרם,ברקודים חדשים,
7296073247517,PL דורום תעשיות מזון,שופרסל,רביולי בטטה 300 גרם,ברקודים חדשים,
7296073247524,PL דורום תעשיות מזון,שופרסל,רביולי גבינה ופטריות300ג,ברקודים חדשים,
7296073254133,שמן זית אליעד,שמן זית אליעד,"ש.זית כתית מעולה - שופרסל פרמיום 750 מ""ל",ברקודים חדשים,
7296073258902,רוני רג'און,שופרסל,קפסולות נטול  קפאין,ברקודים חדשים,
7296073263166,PL גליל כימיקלים,שופרסל,מרכך בייבי מרוכז 1ל,ברקודים חדשים,
7296073263173,PL גליל כימיקלים,שופרסל,אבקת כביסה בייבי 2.5 קג,ברקודים חדשים,
7296073265184,אשפלסט מסחר ותעשיות פלסט,שופרסל,שקיות אשפה ריחניות 40 יח,ברקודים חדשים,V
7296073265283,מחלבות רמת הגולן,שופרסל,משקה סויה וניל 1 ליטר,ברקודים חדשים,
7296073265290,מחלבות רמת הגולן,שופרסל,משקה סויה מועשר 1 ליטר,ברקודים חדשים,
7296073265306,מחלבות רמת הגולן,שופרסל,משקה סויה מתיקות מופחתת 1 ליטר,ברקודים חדשים,
7296073265344,מחלבות רמת הגולן,שופרסל,חלב נטול לקטוז 3% 1 ליטר,ברקודים חדשים,
7296073266228,אחדות PL,שופרסל,טחינה גולמית 500 גרם שופרסל,ברקודים חדשים,
7296073266235,אחדות PL,שופרסל,"טחינה גולמית 1 ק""ג שופרסל",ברקודים חדשים,
7296073266242,אחדות PL,שופרסל,טחינה גולמית משומשום מלא 500 גרם שופרסל,ברקודים חדשים,
7296073266259,אחדות PL,שופרסל,טחינה מתובלת גולמית 500 גרם שופרסל,ברקודים חדשים,
7296073266693,גניר,שופרסל,מיץ תפוזים אורגני אורגני 1 ליטר,ברקודים חדשים,
7296073267065,"PL קומפלקס כימיקלים בע""מ",שופרסל,"מסיר שומנים 750 מ""ל",ברקודים חדשים,
7296073267355,ביסקול,מפיץ שטראוס,שופרסל סטיביה 100 שקיות (כחול),ברקודים חדשים,מסמן בפועל
7296073268918,שניב,שניב,טואלט שופרסל 32 מהדורת אביב 2018,ברקודים חדשים,
7296073268918,"PL שניב בע""מ",שופרסל,נ.מהדורה מיוחדת32גל,ברקודים חדשים,V
7296073268925,שניב,שניב,טואלט שופרסל 16 כפול,ברקודים חדשים,
7296073268925,"PL שניב בע""מ",שופרסל,נייר טואלט 16 גליל כפול,ברקודים חדשים,V
7296073270249,"PL שניב בע""מ",שופרסל,נייר מגבת שופרסל 12 גל,ברקודים חדשים,V
7296073270614,מנעמים ,שופרסל,"ופלים בטעם שוקולד 1.5 ק""ג שופרסל",ברקודים חדשים,
7296073270980,מנעמים ,שופרסל,וופל לימון  ללא תוספת סוכר,ברקודים חדשים,
7296073272236,רוני רג'און,שופרסל,קפסולות קרמל שופרסל ,ברקודים חדשים,
7296073272441,מיטב תעשיות רטבים PL,שופרסל,"רוטב אלף האיים 450 מ""ל שופרסל",ברקודים חדשים,
7296073272458,מיטב תעשיות רטבים PL,שופרסל,"רוטב אלף האיים לייט 450 מ""ל שופרסל",ברקודים חדשים,
7296073272465,מיטב תעשיות רטבים PL,שופרסל,"רוטב שום 450 מ""ל שופרסל",ברקודים חדשים,
7296073272472,מיטב תעשיות רטבים PL,שופרסל,"רוטב שום לייט 450 מ""ל שופרסל",ברקודים חדשים,
7296073272489,מיטב תעשיות רטבים PL,שופרסל,"רוטב ויניגרט 450 מ""ל שופרסל",ברקודים חדשים,
7296073272496,שניב,שניב,טואלט שופרסל 32 (תאית),ברקודים חדשים,
7296073272496,"PL שניב בע""מ",שופרסל,נייר טואלט שופרסל 32 גל,ברקודים חדשים,V
7296073273448,PL ש.שוורץ,שופרסל,"ג'ל אלוורה שופרסל 100מ""ל",ברקודים חדשים,
7296073273455,PL ש.שוורץ,שופרסל,תרסיס אלוורה שופרסל250מל,ברקודים חדשים,
7296073280323,PL דורום תעשיות מזון,שופרסל,300 רביולי גבינה וכמהין,ברקודים חדשים,
7296073280330,PL דורום תעשיות מזון,שופרסל,רביולי גבינה ופסטו 300 ג,ברקודים חדשים,
7296073280354,PL דורום תעשיות מזון,שופרסל,רביולי גב.עיזים ובצל300ג,ברקודים חדשים,
7296073281849,PL א.משי תעשיות בע''מ,שופרסל,שמפו לשיער רגיל 750מל,ברקודים חדשים,
7296073281856,PL א.משי תעשיות בע''מ,שופרסל,שמפו לשיער יבש 750מל,ברקודים חדשים,
7296073281863,PL א.משי תעשיות בע''מ,שופרסל,שמפו לשיער מוחלק שופרסל,ברקודים חדשים,
7296073281870,PL א.משי תעשיות בע''מ,שופרסל,מרכך לשיער רגיל 750מל,ברקודים חדשים,
7296073281887,PL א.משי תעשיות בע''מ,שופרסל,מרכך לשיער יבש 750מל,ברקודים חדשים,
7296073281894,PL א.משי תעשיות בע''מ,שופרסל,מרכך לשיער מוחלק 750מל,ברקודים חדשים,
7296073281900,PL א.משי תעשיות בע''מ,שופרסל,קרם לחות לשיער יבש400מל,ברקודים חדשים,
7296073281917,PL א.משי תעשיות בע''מ,שופרסל,"קרם לחות לשיער 7400מ""ל",ברקודים חדשים,
7296073281924,PL א.משי תעשיות בע''מ,שופרסל,50 מסכה לשיער יבש שופרסל,ברקודים חדשים,
7296073281931,PL א.משי תעשיות בע''מ,שופרסל,"מסכה לשיער מוחלק 500 מ""ל",ברקודים חדשים,
7296073284963,גניר,שופרסל,"משק""ל בטעם תפוזים 1.5 ליטר שופרסל",ברקודים חדשים,
7296073284970,גניר,שופרסל,"משק""ל בטעם אשכוליות 1.5 ליטר שופרסל",ברקודים חדשים,
7296073284994,גניר,שופרסל,"משק""ל בטעם תפוח 1.5 ליטר שופרסל",ברקודים חדשים,
7296073285007,גניר,שופרסל,"משק""ל בטעם ענבים 1.5 ליטר שופרסל",ברקודים חדשים,
7296073285021,גניר,שופרסל,"משק""ל בטעם אשכוליות דייאט 1.5 ליטר שופרסל",ברקודים חדשים,
7296073285427,אשפלסט מסחר ותעשיות פלסט,שופרסל,50/45 50שקיות,ברקודים חדשים,V
7296073286349,אשפלסט מסחר ותעשיות פלסט,שופרסל,65/5255שקיות אשפה,ברקודים חדשים,V
7296073286356,אשפלסט מסחר ותעשיות פלסט,שופרסל,92/7610שקיות אשפה,ברקודים חדשים,V
7296073286363,אשפלסט מסחר ותעשיות פלסט,שופרסל,75/9050שקיות אשפה בגליל,ברקודים חדשים,V
7296073286370,אשפלסט מסחר ותעשיות פלסט,שופרסל,שקיות רב שימושיות 100 יח,ברקודים חדשים,V
7296073286387,אשפלסט מסחר ותעשיות פלסט,שופרסל,שקיות רב שימושיות 200 יח,ברקודים חדשים,V
7296073286394,אשפלסט מסחר ותעשיות פלסט,שופרסל,52/65 100 שקיות אשפה,ברקודים חדשים,V
7296073286417,אשפלסט מסחר ותעשיות פלסט,שופרסל,52/65 60שקיות אשפה,ברקודים חדשים,V
7296073286912,PL-המברשת רוחמה,שופרסל,מטאטא צפע+מקל מתכת,ברקודים חדשים,
7296073286936,PL-המברשת רוחמה,שופרסל,מטאטא עץ סינטטי+מקל מתכת,ברקודים חדשים,
7296073286943,PL-המברשת רוחמה,שופרסל,מטאטא טופ +מקל מתכת,ברקודים חדשים,
7296073286950,PL-המברשת רוחמה,שופרסל,מטאטא זנב סוס+ מקל עץ,ברקודים חדשים,
7296073286981,PL-המברשת רוחמה,שופרסל,מטאטא באמפר+ מקל מתכת,ברקודים חדשים,
7296073287018,PL-המברשת רוחמה,שופרסל,דלי שטיפה 12 ליטר +פיה,ברקודים חדשים,
7296073287025,PL-המברשת רוחמה,שופרסל,"מגב יותם 40 ס""מ+ מקל",ברקודים חדשים,
7296073287056,PL-המברשת רוחמה,שופרסל,"מגב דיסקברי 40 ס""מ + מקל",ברקודים חדשים,
7296073287070,PL-המברשת רוחמה,שופרסל,"מגב קסם 40 ס""מ+ מקל",ברקודים חדשים,
7296073287087,PL-המברשת רוחמה,שופרסל,"מגב קסם 50 ס""מ + מקל ",ברקודים חדשים,
7296073287155,PL-המברשת רוחמה,שופרסל,יעה פס גומי,ברקודים חדשים,
7296073287162,PL-המברשת רוחמה,שופרסל,יעה מתקפל,ברקודים חדשים,
7296073287179,PL-המברשת רוחמה,שופרסל,יעה+מברשת ,ברקודים חדשים,
7296073287193,PL-המברשת רוחמה,שופרסל,סט שירותים מברשת+ בסיס,ברקודים חדשים,
7296073289586,שניב,שניב,שופרסל נייר סנדוויץ',ברקודים חדשים,
7296073290766,PL-המברשת רוחמה,שופרסל,מטאטא ניל+מקל מתכת,ברקודים חדשים,
7296073291244,מיטב תעשיות רטבים PL,שופרסל,חומץ 5% - 1 ליטר שופרסל,ברקודים חדשים,
7296073291909,מיטב תעשיות רטבים PL,שופרסל,מיונז אמיתי משמן קנולה 500 גרם שופרסל,ברקודים חדשים,
7296073291961,PL-המברשת רוחמה,שופרסל,מטאטא קרצוף שרובר צהוב+מקל מתכת 1.30,ברקודים חדשים,
7296073291978,PL-המברשת רוחמה,שופרסל,מברשת טואלט 333,ברקודים חדשים,
7296073292210,ויטה פרי גליל ,שופרסל,במיה שופרסל 600 גרם,ברקודים חדשים,
7296073295181,שניב,שניב,מפיות שופרסל 150,ברקודים חדשים,
7296073295198,שניב,שניב,מפיות שופרסל 100,ברקודים חדשים,
7296073295211,שניב,שניב,מפיות שופרסל 50,ברקודים חדשים,
7296073295235,שניב,שניב,שופרסל מפיון,ברקודים חדשים,
7296073296911,שניב,שניב,ממחטות מרובעות שופרסל 100 בקופסא,ברקודים חדשים,
7296073296911,"PL שניב בע""מ",שופרסל,ממחטות אף מהדורה מיוחדת,ברקודים חדשים,V
7296073320012,שניב,שניב,מפיות שופרסל 100 צבעים כהים,ברקודים חדשים,
7296073321446,"PL קומפלקס כימיקלים בע""מ",שופרסל,סבון כחול לאסלה 3*50 גרם,ברקודים חדשים,
7296073321637,מנעמים ,שופרסל,"מיץ ענבים 750 מ""ל ",ברקודים חדשים,
7296073322450,PL דורום תעשיות מזון,שופרסל,לזניה 4גבינות ברוטב300ג,ברקודים חדשים,
7296073322467,PL דורום תעשיות מזון,שופרסל,קנלוני גבינות ברוטב300ג,ברקודים חדשים,
7296073322580,יקבי ירושלים,שופרסל,תירוש 1 ליטר ,ברקודים חדשים,
7296073322580,מנעמים ,שופרסל,מיץ ענבים 1 ליטר ,ברקודים חדשים,
7296073322597,א.ל.ייצור ושיווק תבלינים,שופרסל,"300פרורי תירס+אורז כשל""פ",ברקודים חדשים,
7296073322801,שניב,שניב,מפיות שופרסל מפה כחול,ברקודים חדשים,
7296073324690,גניר,שופרסל,מיץ אכוליות אדומות אורגני 1 ליטר,ברקודים חדשים,
7296073324706,גניר,שופרסל,מיץ אכוליות  אורגני 1 ליטר,ברקודים חדשים,
7392754131134,המברשת רוחמה,המברשת רוחמה,דלי 10 ליטר צבעוני,ברקודים חדשים,
7870681012516,המברשת רוחמה,המברשת רוחמה,דלי 10 ליטר צבעוני,ברקודים חדשים,
8000392303347,המברשת רוחמה,המברשת רוחמה,יעה+מקל מתקפל נועם,ברקודים חדשים,
8000392741132,המברשת רוחמה,המברשת רוחמה,מברשת אבק סיב ארוך 201,ברקודים חדשים,
8007385045130,המברשת רוחמה,המברשת רוחמה,סט שירותים מעוצב,ברקודים חדשים,
8007898002002,המברשת רוחמה,המברשת רוחמה,מטאטא אירופה גוף פלסטיק,ברקודים חדשים,
8010225000107,המברשת רוחמה,המברשת רוחמה,"מגב פלסטיק יותם 50 ס""מ",ברקודים חדשים,
8017128042517,המברשת רוחמה,המברשת רוחמה,מטאטא פז צבעוני גוף פלסטיק,ברקודים חדשים,
8017128193264,המברשת רוחמה,המברשת רוחמה,מטאטא לכה גוף פלסטיק,ברקודים חדשים,
8017128193264,המברשת רוחמה,המברשת רוחמה,מטאטא לכה גוף פלסטיק,ברקודים חדשים,
8017128193264,המברשת רוחמה,המברשת רוחמה,מטאטא לכה גוף פלסטיק,ברקודים חדשים,
8017128280414,המברשת רוחמה,המברשת רוחמה,מטאטא צבעוני סופר גוף פלסטיק,ברקודים חדשים,
8017128280414,המברשת רוחמה,המברשת רוחמה,מטאטא צבעוני סופר גוף פלסטיק,ברקודים חדשים,
8017128280414,המברשת רוחמה,המברשת רוחמה,מטאטא צבעוני סופר גוף פלסטיק,ברקודים חדשים,
8017128702053,המברשת רוחמה,המברשת רוחמה,מברשת טואלט 333,ברקודים חדשים,מסמן בפועל
9720000245324,עיסא ערטול,עיסא ערטול,אמה 0.5 קג תפוח 24 יח,ברקודים חדשים,
9720000245331,עיסא ערטול,עיסא ערטול,אמה 1 קג תפוח 12 יח,ברקודים חדשים,
9999036214110,הום סט פתרונות חכמים לבית,Tefal,כיסוי לקרש גיהוץ - Tefal,ברקודים חדשים,מסמן בפועל
72901049663223,סנו,סנו,סופטקר אל סבון/שמפו לתינוק 1 ליטר,ברקודים חדשים,
7296073211488,אחדות ביתר ,שופרסל,"         טחינה אורגנית גרין 1 ק""ג",ברקודים חדשים,
7290002331018,נביעות,נביעות,נביעות חצי ליטר,ברקודים חדשים,
7290015493284,נביעות,נביעות,נביעות 500 פ.שטוח שישיות,ברקודים חדשים,
7290002331025,נביעות,נביעות,נביעות TO GO ,ברקודים חדשים,
7290002331360,נביעות,נביעות,נביעות   TOGO שישייה,ברקודים חדשים,
7290002331056,נביעות,נביעות,נביעות חצי ליטר זכוכית,ברקודים חדשים,
7290002331094,נביעות,נביעות,"נביעות 755 מ""ל",ברקודים חדשים,
7290002331421,נביעות,נביעות," נביעות  755 מ""ל שישייה",ברקודים חדשים,
7290002331650,נביעות,נביעות,"נביעות זכוכית 750 מ""ל",ברקודים חדשים,
7290002331483,נביעות,נביעות,"נביעות בייבי 320 מ""ל שישייה",ברקודים חדשים,
7290002331490,נביעות,נביעות,נביעות 1 ליטר,ברקודים חדשים,
7290015493277,נביעות,נביעות,נביעות 1 ליטר רביעייה,ברקודים חדשים,
7290002331322,נביעות,נביעות,נביעות 1.5 ליטר  שישייה ,ברקודים חדשים,
7290002331315,נביעות,נביעות,נביעות 1.5 ליטר שמינייה,ברקודים חדשים,
7290002331643,נביעות,נביעות,נביעות מים מינרלים מוגזים 1.5 ליטר,ברקודים חדשים,
7290002331124,נביעות,נביעות,נביעות +  0.5  תפוח,ברקודים חדשים,
7290002331155,נביעות,נביעות,נביעות + 0.5  אפרסק,ברקודים חדשים,
7290002331711,נביעות,נביעות,נביעות + 0.5 ענבים,ברקודים חדשים,
7290002331148,נביעות,נביעות,נביעות +  1.5  תפוח,ברקודים חדשים,
7290002331179,נביעות,נביעות,נביעות + 1.5 אפרסק,ברקודים חדשים,
7290002331117,נביעות,נביעות,נביעות + 1.5 ענבים,ברקודים חדשים,
7290002332022,נביעות,נביעות,נביעות + 1.5  משמש אננס,ברקודים חדשים,
7290015493130,נביעות,נביעות,נביעות+ רכיבי פרי מנגו 1.5 ליטר,ברקודים חדשים,
7290015493154,נביעות,נביעות,נביעות+ רכיבי פרי אבטיח 1.5 ליטר,ברקודים חדשים,
7290015493161,נביעות,נביעות,נביעות+ רכיבי פרי אננס 1.5 ליטר,ברקודים חדשים,
8006290803514,נביעות,נביעות,Ferrarelle 330 ml,ברקודים חדשים,
8006290803521,נביעות,נביעות,Ferrarelle 750 ml,ברקודים חדשים,
8006290800292,נביעות,נביעות,Natia 750 ml,ברקודים חדשים,
,,,,,
7290013464323,סולגר,סולגר,"ויטמין D-1000 ללעיסה 60 טב' בד""ץ",ברקודים חדשים,
7290017243023,סולגר,סולגר,"מולטי ויטמין נוזלי בד""ץ",ברקודים חדשים,
7290014546295,סולגר,סולגר,"טיפות שמן אורגנו 30 מ""ל בד""ץ",ברקודים חדשים,
7290017243139,סולגר,סולגר,"פולאט 400 מק""ג   טב' כשר בד""ץ",ברקודים חדשים,
7290014546721,סולגר,סולגר,טאב אין גאם מולטיויטמין בליסטר,ברקודים חדשים,
7290014546691,סולגר,סולגר,טאב אין גאם ג'ינג'ר בליסטר,ברקודים חדשים,
7290014546738,סולגר,סולגר,טאב אין גאם ברזל בליסטר,ברקודים חדשים,
7290014546486,סולגר,סולגר,"טבליות חיזוק לחורף בד""ץ",ברקודים חדשים,
7290014546707,סולגר,סולגר,טאב אין גאם חמוציות+ויט C בליסטר,ברקודים חדשים,
7290013464453,סולגר,סולגר,"ויטמיןD1000 יבש 30טב' כללית בד""ץ",ברקודים חדשים,
7290012760983,סולגר,סולגר,"טבליות 1000- יבש 90 ב כשר בד""ץ",ברקודים חדשים,
7290013465092,סולגר,סולגר,"MSM רליף 1000 מ""ג בודד כשר בד""ץ",ברקודים חדשים,
7290014546585,סולגר,סולגר,"קריאטין 1000 כשר בד""ץ 90 טב'",ברקודים חדשים,
7290012760815,סולגר,סולגר,"חמוציות + ויטמין C בד""ץ 60 כמ'",ברקודים חדשים,
7290001697351,סולגר,סולגר,סופהרב אם.אס.אם רליף שלישייה,ברקודים חדשים,
7290012760938,סולגר,סולגר,אומגה מקס,ברקודים חדשים,
7290012760747,סולגר,סולגר,SUPHERB ZINCI-ZINCV. BDZ,ברקודים חדשים,
7290010030170,סולגר,סולגר,SUPHERB ZINC PICOL.90 BDZ,ברקודים חדשים,
7290014546479,סולגר,סולגר,SUPHERB VIT.C LO.BADAZ(60,ברקודים חדשים,
7290014546554,סולגר,סולגר,SUPHERB SICKRID CAP BADAZ,ברקודים חדשים,
7290013464873,סולגר,סולגר,SUPHERB SAMBUKID 125M BDZ,ברקודים חדשים,
7290013465665,סולגר,סולגר,SUPHERB SAMBUK-GU.125 BDZ,ברקודים חדשים,
7290014545458,סולגר,סולגר,SUPHERB SALTS CAPS,ברקודים חדשים,
7290014546578,סולגר,סולגר,SUPHERB SALTS CAP BADAZ60,ברקודים חדשים,
7290013464255,סולגר,סולגר,SUPHERB Q-10 60 DRY   BDZ,ברקודים חדשים,
7290014546233,סולגר,סולגר,SUPHERB Q10 50SOFTGEL BDZ,ברקודים חדשים,
7290014546141,סולגר,סולגר,SUPHERB Q10 30M S.GEL BDZ,ברקודים חדשים,
7290012760754,סולגר,סולגר,SUPHERB NAC 600 CAP(60),ברקודים חדשים,
7290013465108,סולגר,סולגר,SUPHERB MSM RELIEF180 BDZ,ברקודים חדשים,
7290014546110,סולגר,סולגר,SUPHERB LACTIUM CAP (6),ברקודים חדשים,
7290014545908,סולגר,סולגר,SUPHERB GREEN COFFE60 BDZ,ברקודים חדשים,
7290013464729,סולגר,סולגר,SUPHERB GAR.OIL S.GEL BDZ,ברקודים חדשים,
7290013464422,סולגר,סולגר,SUPHERB FOLIC ACID 30 BDZ,ברקודים חדשים,
7290006488213,סולגר,סולגר,SUPHERB FLUTONE SHIULONE,ברקודים חדשים,
7290001697207,סולגר,סולגר,SUPHERB FLUTONE 150ML,ברקודים חדשים,
7290001697214,סולגר,סולגר,SUPHERB E.N FORMULA SYRUP,ברקודים חדשים,
7290013464309,סולגר,סולגר,SUPHERB D400 KID 20   BDZ,ברקודים חדשים,
7290013464156,סולגר,סולגר,SUPHERB D400 120 TAB  BDZ,ברקודים חדשים,
7290012760174,סולגר,סולגר,SUPHERB D3 400 S.GEL  BDZ,ברקודים חדשים,
7290012760785,סולגר,סולגר,SUPHERB CRANB.V.C    BDZ,ברקודים חדשים,
7290001697276,סולגר,סולגר,SUPHERB COUGH-CARE SYRUP,ברקודים חדשים,
7290014546134,סולגר,סולגר,SUPHERB CITRUS BIOFL. BDZ,ברקודים חדשים,
7290013464217,סולגר,סולגר,SUPHERB CALCIUM D400 BDZ,ברקודים חדשים,
7290012760891,סולגר,סולגר,SUPHERB CALCIUM 600   BDZ,ברקודים חדשים,
7290013465535,סולגר,סולגר,SUPHERB CAFFIEN 200MG BDZ,ברקודים חדשים,
7290014545977,סולגר,סולגר,SUPHERB CAFF.200MG    BDZ,ברקודים חדשים,
7290013464644,סולגר,סולגר,SUPHERB C500 NON ACID BDZ,ברקודים חדשים,
7290013464477,סולגר,סולגר,SUPHERB C500 COMPLEX  BDZ,ברקודים חדשים,
7290012760235,סולגר,סולגר,SUPHERB C500 30 TAB   BDZ,ברקודים חדשים,
7290013464804,סולגר,סולגר,SUPHERB ASTRAGA.VIT C BDZ,ברקודים חדשים,
7290014545694,סולגר,סולגר,SUPHERB ALOEVERA      BDZ,ברקודים חדשים,
7290014546547,סולגר,סולגר,SUPHERB AGNUS CAST 60 BDZ,ברקודים חדשים,
7290015634113,עמק האלה,יורוסטנדרט משווק,אוורד רוזה - עמק האלה,ברקודים חדשים,
7290015634182,עמק האלה,יורוסטנדרט משווק,אוורד קברנה מרלו- עמק האלה,ברקודים חדשים,
7290015634120,עמק האלה,יורוסטנדרט משווק,בלנד לבן- עמק האלה,ברקודים חדשים,
7290015634137,עמק האלה,יורוסטנדרט משווק,אסטייט סוביניון בלאן - עמק האלה,ברקודים חדשים,
7290015634076,עמק האלה,יורוסטנדרט משווק,אסטייט שרדונה - עמק האלה,ברקודים חדשים,
7290015634151,עמק האלה,יורוסטנדרט משווק,אסטייט קברנה סוביניון - עמק האלה,ברקודים חדשים,
7290015634168,עמק האלה,יורוסטנדרט משווק,אסטייט מרלו - עמק האלה,ברקודים חדשים,
7290015634083,עמק האלה,יורוסטנדרט משווק,אסטייט קברנה פרנק - עמק האלה,ברקודים חדשים,
7290015634281,עמק האלה,יורוסטנדרט משווק,עץ האלה,ברקודים חדשים,
7290015634113,עמק האלה,יורוסטנדרט משווק,אוורד רוזה - עמק האלה,ברקודים חדשים,
7290103680046,תבור,הר,תבור הר קברנה סובניון,ברקודים חדשים,
7290103680039,תבור,הר,תבור הר מרלו,ברקודים חדשים,
7290103680022,תבור,הר,תבור הר שיראז,ברקודים חדשים,
7290103680701,תבור,הר,הר גוורצטרמינר - יין לבן חצי יבש,ברקודים חדשים,
7290103680961,תבור,הר,הר רוזה,ברקודים חדשים,
7290006267542,תבור,הר,תבור פנינים אדום,ברקודים חדשים,
7290006267191,תבור,אדמה,תבור פרמיום קברנה סוביניון טרה רוסה,ברקודים חדשים,
7290006267238,תבור,אדמה,תבור פרמיום מרלו בזלת,ברקודים חדשים,
7290006267405,תבור,אדמה,תבור- שרדונה 750 מל,ברקודים חדשים,
7290003009640,גת גבעת חיים,פריגת,סחוט 1 ליטר תז - 1ל,ברקודים חדשים,
7290013153395,גת גבעת חיים,פריגת,מיץ סחוט רימונים 1ל,ברקודים חדשים,
7290013153418,גת גבעת חיים,פריגת,סחוט לימוננע 1ל,ברקודים חדשים,
7290006241085,גת גבעת חיים,פריגת,סחוט 2 ליטר קלמ- 2ל,ברקודים חדשים,
7290000148298,גת גבעת חיים,פריגת,סחוט 2ליטר תפוז- 2ל,ברקודים חדשים,
7290011015381,גת גבעת חיים,פריגת,סחוט 2 ליטר תפוח- 2ל,ברקודים חדשים,
7290013153425,גת גבעת חיים,פריגת,לימונענע סחוט 2ל,ברקודים חדשים,
7290013153548,גת גבעת חיים,פריגת,מיץ מתקתק סחוט 2 ליט,ברקודים חדשים,
7290013153555,גת גבעת חיים,פריגת,מיץ חמצמץ סחוט 2 ליט,ברקודים חדשים,
7290013153593,גת גבעת חיים,פריגת,מיץ מתקתק 1 ליטר,ברקודים חדשים,
7290003009619,גת גבעת חיים,פריגת,סירופ ענבים 5.1ליטר,ברקודים חדשים,
7290003009626,גת גבעת חיים,פריגת,סירופ פטל 5.1ליטר,ברקודים חדשים,
7290003009633,גת גבעת חיים,פריגת,סירופ לימון 5.1ליטר,ברקודים חדשים,
7290003009572,גת גבעת חיים,פריגת,סירופ תפוזים5.1ליטר,ברקודים חדשים,
7290003009138,גת גבעת חיים,פריגת,סירופ לימון 750מל,ברקודים חדשים,
7290003009152,גת גבעת חיים,פריגת,סירופ פטל 750מל,ברקודים חדשים,
7290003009183,גת גבעת חיים,פריגת,סירופ תפוח דיא 750מל,ברקודים חדשים,
7290003009596,גת גבעת חיים,פריגת,סירופ אשכל דיא 750מל,ברקודים חדשים,
7290011015862,גת גבעת חיים,פריגת,סירופ לימונדיאט750מל,ברקודים חדשים,
7290006241504,גת גבעת חיים,פריגת,משקה תפוז קפוא,ברקודים חדשים,
7290006241689,גת גבעת חיים,פריגת,משקה לימונים קפוא,ברקודים חדשים,
7290006241511,גת גבעת חיים,פריגת,לימון נענע קפוא,ברקודים חדשים,
7290006241535,גת גבעת חיים,פריגת,משקה מנגו קפוא,ברקודים חדשים,
7290013153579,גת גבעת חיים,פריגת,קפוא אפרסק 340מל,ברקודים חדשים,
7290013153586,גת גבעת חיים,פריגת,קפוא פירות יער 340מל,ברקודים חדשים,
7290010429554,מכוורת יד מרדכי,מכוורת יד מרדכי,"שמן זית 2 קלאסי 750 מ""ל",ברקודים חדשים,
7290105360762,מכוורת יד מרדכי,מכוורת יד מרדכי,"שמן זית 1 עדין 750 מ""ל",ברקודים חדשים,
7290105360755,מכוורת יד מרדכי,מכוורת יד מרדכי,"שמן זית 3 חזק 750 מ""ל",ברקודים חדשים,
7290104729003,מכוורת יד מרדכי,מכוורת יד מרדכי,שמן זית כתית מעולה 750 מוצר מדבקה,ברקודים חדשים,
7290006374660,מכוורת יד מרדכי,מכוורת יד מרדכי,שמן זית 2 קלאסי 1 ליטר,ברקודים חדשים,
7290006374684,מכוורת יד מרדכי,מכוורת יד מרדכי,"שמן זית 2 קלאסי 500 מ""ל",ברקודים חדשים,
7290105368713,מכוורת יד מרדכי,מכוורת יד מרדכי,שמן זית 3 חזק 1 ליטר,ברקודים חדשים,
7290002130581,מכוורת יד מרדכי,מכוורת יד מרדכי,"דבש טהור 1 ק""ג",ברקודים חדשים,
7290005591761,מכוורת יד מרדכי,מכוורת יד מרדכי,דבש טהור לחיץ 400 גרם,ברקודים חדשים,
7290002130567,מכוורת יד מרדכי,מכוורת יד מרדכי,דבש טהור 350 גרם,ברקודים חדשים,
7290011435226,מכוורת יד מרדכי,מכוורת יד מרדכי,דבש לחיץ 650 גרם,ברקודים חדשים,
7290002130574,מכוורת יד מרדכי,מכוורת יד מרדכי,דבש טהור 500 גרם,ברקודים חדשים,
7290106527270,מכוורת יד מרדכי,מכוורת יד מרדכי,דבש טהור 700 גרם,ברקודים חדשים,
7290006374653,מכוורת יד מרדכי,מכוורת יד מרדכי,דש-לייט 350 גרם,ברקודים חדשים,
7290006374615,מכוורת יד מרדכי,מכוורת יד מרדכי,"מ""מ בדבש 340 (5.8%)",ברקודים חדשים,
7290110566579,מכוורת יד מרדכי,מכוורת יד מרדכי,דבש לחיץ 200 גרם,ברקודים חדשים,
7290006374608,מכוורת יד מרדכי,מכוורת יד מרדכי,"מ""מ בדבש 340 גרם (3%)",ברקודים חדשים,
7290107958042,מכוורת יד מרדכי,מכוורת יד מרדכי,דבש עם תמצית צילי חריף 230 גרם,ברקודים חדשים,
7290006374936,מכוורת יד מרדכי,מכוורת יד מרדכי,דבש מרובעת 200 גרם שולחן חג,ברקודים חדשים,
7290106659957,מכוורת יד מרדכי,מכוורת יד מרדכי,דבש טהור מפרחי בר 320 גרם,ברקודים חדשים,
7296073020356,פאלאס תעשיות,שופרסל,150כוס שתייה קרה בייסיק,,
7296073020370,פאלאס תעשיות,שופרסל,100 צלחות גדולות שופרסל,,
7296073020394,פאלאס תעשיות,שופרסל,"'קעריות ח""פ שופרסל 50 יח",,
7296073020400,פאלאס תעשיות,שופרסל,"קעריות ח""פ אובלית שופרסל",,
7296073059691,פאלאס תעשיות,שופרסל,"50 צלחות גדול ח""פ שופרסל",,
7296073059707,פאלאס תעשיות,שופרסל,"5 צלחות קטנות ח""פ שופרסל",,
7296073059745,פאלאס תעשיות,שופרסל,"לפתניות ח""פ שופרסל 50 יח",,
7296073059790,פאלאס תעשיות,שופרסל,"צלחות מרכזיות ח""פ שופרסל",,
7296073060024,פאלאס תעשיות,שופרסל,"1 צלחות קטנות ח""פ שופרסל",,
7296073120018,פאלאס תעשיות,שופרסל,100 נרות חימום בלוק,,
7296073132974,פאלאס תעשיות,שופרסל,צלחות לבן אלגנט ענק 25 י,,
7296073132981,פאלאס תעשיות,שופרסל,25צלחות גדולה לבן שופרסל,,
7296073132998,פאלאס תעשיות,שופרסל,25צלחות קטנות לבן שופרסל,,
7296073133001,פאלאס תעשיות,שופרסל,25 קעריות מרק לבן שופרסל,,
7296073133018,פאלאס תעשיות,שופרסל,מגשים אובליים לבן שופרסל,,
7296073133025,פאלאס תעשיות,שופרסל,לפתניות לבן שופרסל 25 יח,,
7296073133032,פאלאס תעשיות,שופרסל,מגשים אובלים לבן אלגנט,,
7296073133056,פאלאס תעשיות,שופרסל,צלחות קרם אלגנט ענק 25 י,,
7296073133063,פאלאס תעשיות,שופרסל,25צלחות קרם אלגנט בינוני,,
7296073133070,פאלאס תעשיות,שופרסל,2 צלחות קטנות קרם שופרסל,,
7296073133087,פאלאס תעשיות,שופרסל,25 קעריות מרק קרם שופרסל,,
7296073133094,פאלאס תעשיות,שופרסל,מגשים אובליים קרם שופרסל,,
7296073133100,פאלאס תעשיות,שופרסל,לפתניות קרם שופרסל 25 יח,,
7296073161721,פאלאס תעשיות,שופרסל,נייר אפיה שופרסל 50 דפים,,
7296073236122,פאלאס תעשיות,שופרסל,"66צלחת ח""פ""9 עבה במיוחד",,
7296073270287,פאלאס תעשיות,שופרסל,תבנית אלומיניום אינגליש,,
7296073270294,פאלאס תעשיות,שופרסל,תבניות אלומיניום מלבן 9י,,
7296073270300,פאלאס תעשיות,שופרסל,15תבניות אלומיניום קטנות,,
7296073270317,פאלאס תעשיות,שופרסל,תבניות אלומיניום עגולות,,
7296073270324,פאלאס תעשיות,שופרסל,תבניות אלומיניום גדולות,,
7296073270331,פאלאס תעשיות,שופרסל,תבניות אלומיניום ענקיות,,
7296073270348,פאלאס תעשיות,שופרסל,'תבנית קטנה עמוקה 10יח,,
7296073270355,פאלאס תעשיות,שופרסל,מכסה לתבנית גדולה מוארכת,,
7296073270379,פאלאס תעשיות,שופרסל,מכסה לתבנית קטנה 20 יחיד,,
7296073270386,פאלאס תעשיות,שופרסל,1 מכסה לתבנית קטנה עמוקה,,
7296073270409,פאלאס תעשיות,שופרסל,"גביע 500 מ""ל 15יחידות",,
7296073270416,פאלאס תעשיות,שופרסל,"גביע 1000 מ""ל 10 יחידות",,
7296073270423,פאלאס תעשיות,שופרסל,מיכל 1 ליטר 5 יחידות,,
7296073270430,פאלאס תעשיות,שופרסל,מיכל 2 ליטר 4יחידות,,
7296073273899,פאלאס תעשיות,שופרסל,צלחת זהב אלגנט ענק 25 יח,,
7296073273905,פאלאס תעשיות,שופרסל,25 צלחת זהב אלגנט בינוני,,
7296073273912,פאלאס תעשיות,שופרסל,צלחת זהב אלגנט קטן 25 יח,,
7296073273929,פאלאס תעשיות,שופרסל,צלחת מרק זהב 25 יחידות,,
7296073273936,פאלאס תעשיות,שופרסל,מגש אובלי זהב 25 יחידות,,
7296073282846,פאלאס תעשיות,שופרסל,"מיכל 500 מ""ל+מכסה 5יחידו",,
7296073282853,פאלאס תעשיות,שופרסל,מיכל 2.5ליטר+מכסה 2יחידו,,
7296073282860,פאלאס תעשיות,שופרסל,מיכל 3ליטר+מכסה 2יחידות,,
7296073293040,פאלאס תעשיות,שופרסל,תבניות אפיה מוארכות+מכסה,,
7296073326045,פאלאס תעשיות,שופרסל,10 180OZ כוס מרובע מהודר,,
7296073329961,פאלאס תעשיות,שופרסל,25צלחת גדול לבן מונדיאל,,
7296073329978,פאלאס תעשיות,שופרסל,25קערית מרק לבן מונדיאל,,
7296073290933,פאלאס תעשיות,שופרסל,כוס פשוטה 100 יח,,יש
7296073328902,מהדרין,שופרסל,400 גר',,
7290005500923,ש. שוורץ,פנינה רוזנבלום,שעווה למיקרוגל קמומיל,ברקודים חדשים,
7290005500930,ש. שוורץ,פנינה רוזנבלום,שעווה למיקרוגל  ויטמין E,ברקודים חדשים,
7290005500978,ש. שוורץ,פנינה רוזנבלום,מסיר לק ריחני,ברקודים חדשים,
7290002741077,יוניליוור,תלמה,כריות צוקולדה              ,ברקודים חדשים,
7290107648714,יוניליוור,תלמה,כריות שוקולד לבן     ,ברקודים חדשים,
16255966,סאסאטק,סאסאטק,מרכך מרוכז מג`יק סלקט 1 ל`לבן,ברקודים חדשים,
13224620,סאסאטק,סאסאטק,נוזל רצפות מג'יק 4 ל' יסמין,ברקודים חדשים,
1246498,סאסאטק,סאסאטק,חומר ניקוי רצפות מבושם 4 ליטר,ברקודים חדשים,
13224873,סאסאטק,סאסאטק,נוזל כלים 1.5 ל מגיק,ברקודים חדשים,
10613090,סאסאטק,סאסאטק,נוזל רצפות מג'יק 4 ל' אורנים,ברקודים חדשים,
16255959,סאסאטק,סאסאטק,מרכך מרוכז מג`יק סלקט ורוד 1 ל,ברקודים חדשים,
7290016601855,סאסאטק,סאסאטק,נוזל רצפות בריח מרכך ורוד 2 ליטר,ברקודים חדשים,
12881787,סאסאטק,סאסאטק,מרכך כביסה מג'יק כחול 4 ליטר,ברקודים חדשים,
16255973,סאסאטק,סאסאטק,מרכך מרוכז מג`יק סלקט 1 ל`כחול,ברקודים חדשים,
16255980,סאסאטק,סאסאטק,מרכך מרוכז מג`יק סלקט 1 ל`צהוב,ברקודים חדשים,
16601848,סאסאטק,סאסאטק,נוזל רצפות בריח מרכך צהוב 2 לי,ברקודים חדשים,
16601862,סאסאטק,סאסאטק,נוזל רצפות בריח מרכך כחול 2 ליטר,ברקודים חדשים,
17062082,סאסאטק,סאסאטק,"ג'ל רחצה קוקוס 700 מ""ל ב.קאלצ'ר",ברקודים חדשים,
14555174,סאסאטק,סאסאטק,מטפית לכיבוי אש 600 סמ`ק,ברקודים חדשים,
1246931,סאסאטק,סאסאטק,אקונומיקה 4 ליטר סאסא,ברקודים חדשים,
15251181,סאסאטק,סאסאטק,"סבון ידיים כחול שלישייה 3*500מ""ל",ברקודים חדשים,
12881794,סאסאטק,סאסאטק,מרכך כביסה מג'יק ורוד 4 ליטר,ברקודים חדשים,
15251198,סאסאטק,סאסאטק,נובו סבון נוזלי סגול 500 שלישי,ברקודים חדשים,
15251204,סאסאטק,סאסאטק,"סבון ידיים ורודשלישייה 3*500 מ""ל",ברקודים חדשים,
13224927,סאסאטק,סאסאטק,4 אקונומיקה מבושמת סמיכה מג'יק,ברקודים חדשים,
12881800,סאסאטק,סאסאטק,מרכך כביסה לבן מלטף 4 ליטר,ברקודים חדשים,
13946850,סאסאטק,סאסאטק,מגיק נוזל כלים לימון 1.5 ליטר,ברקודים חדשים,
1246504,סאסאטק,סאסאטק,אקונומיקה מבושמת 4 ליטר,ברקודים חדשים,
16255683,סאסאטק,סאסאטק,דלי מטליות לניקוי רצפות מג'יק,ברקודים חדשים,
13946089,סאסאטק,סאסאטק,מגיק נוזל חלונות 1 ליטר,ברקודים חדשים,
16601503,סאסאטק,סאסאטק,נוזל כלים 18% מג`יק לימון 1.6 ליטר,ברקודים חדשים,
16601510,סאסאטק,סאסאטק,נוזל כלים תפוח 18% 1.6 ליטר,ברקודים חדשים,
7290103703233,סאסאטק,סאסאטק,טאצ' מטליות לחות לניקוי כללי דלי תפוח,ברקודים חדשים,
7290103703219,סאסאטק,סאסאטק,טאצ' מטליות לחות לניקוי כללי דלי לימון,ברקודים חדשים,
15640510,סאסאטק,סאסאטק,חיטוי פירות וירקות 1 ל` מגיק,ברקודים חדשים,
7290014204713,סאסאקוסמטיקס,פנינה רוזנבלום,"תרסיס גוף מס' 2 250מ""ל",ברקודים חדשים,
7290014204768,סאסאקוסמטיקס,פנינה רוזנבלום,"תרסיס גוף מס' 3 250מ""ל",ברקודים חדשים,
7290010718627,סאסאקוסמטיקס,פנינה רוזנבלום,סבון נוזלי 1ליטר ירוק,ברקודים חדשים,
7290006185501,סאסאקוסמטיקס,פנינה רוזנבלום,סבון נוזלי 1ליטר ורוד,ברקודים חדשים,
7290006185518,סאסאקוסמטיקס,פנינה רוזנבלום,סבון נוזלי 1ליטר כחול,ברקודים חדשים,
7290010718634,סאסאקוסמטיקס,פנינה רוזנבלום,סבון נוזלי 1ליטר לבן,ברקודים חדשים,
7290014204805,סאסאקוסמטיקס,פנינה רוזנבלום,"מבשם אוירה ורוד לבדים 250 מ""ל",ברקודים חדשים,
7290014204782,סאסאקוסמטיקס,פנינה רוזנבלום,"מבשם אוירה ירוק לבית 250 מ""ל",ברקודים חדשים,
7290014204775,סאסאקוסמטיקס,פנינה רוזנבלום,"מבשם אוירה סגול לחדרי רחצה 250 מ""ל",ברקודים חדשים,
7290014204799,סאסאקוסמטיקס,פנינה רוזנבלום,"מבשם אוירה כחול לרכב 250 מ""ל",ברקודים חדשים,
7290014204904,סאסאקוסמטיקס,פנינה רוזנבלום,"שמפו לגבר לשיער בריא 700 מ""ל",ברקודים חדשים,
7290014204898,סאסאקוסמטיקס,פנינה רוזנבלום,"ג'ל רחצה לגבר 700 מ""ל",ברקודים חדשים,
7290014204911,סאסאקוסמטיקס,פנינה רוזנבלום,"ג'ל רחצה / שמפו  2 ב - 1 לגבר 700 מ""ל",ברקודים חדשים,
7290014204928,סאסאקוסמטיקס,פנינה רוזנבלום,"קרם לחות לגבר 290 מ""ל",ברקודים חדשים,
7290014204935,סאסאקוסמטיקס,פנינה רוזנבלום,"מבשם גוף לגבר טוסקן 290 מ""ל",ברקודים חדשים,
7290002782131,סאסאקוסמטיקס,פנינה רוזנבלום,דאודורנט מס 1לאישה,ברקודים חדשים,
7290002782742,סאסאקוסמטיקס,פנינה רוזנבלום,דאודורנט מס 2לאישה,ברקודים חדשים,
7290002782735,סאסאקוסמטיקס,פנינה רוזנבלום,1דאודורנט לגבר מספר,ברקודים חדשים,
7290003258291,סאסאקוסמטיקס,פנינה רוזנבלום,דאודורנט מס 3לאישה,ברקודים חדשים,
7290005987649,סאסאקוסמטיקס,פנינה רוזנבלום,דאודורנט מס 2לגבר,ברקודים חדשים,
7290010234769,סאסאקוסמטיקס,פנינה רוזנבלום,דאודורנט ורוד איזבלה,ברקודים חדשים,
6058841579425,סאסאקוסמטיקס,פנינה רוזנבלום,ערכת נסיעות לגבר,ברקודים חדשים,
724353783822,מהדרין,מהדרין,"1 ק""ג ",ברקודים חדשים,
7290003514007,"מנה יא בע""מ",מנה,קרטון שקדי מרק מנה 400 mana גר' 12 יח',ברקודים חדשים,
7290013358035,"מנה יא בע""מ",מנה,קרטון שקדי מרק זהב 800  גר' 10 יח',ברקודים חדשים,
7290107976008,"מנה יא בע""מ",מנה,"קרטון שקדי מרק מאסטר שף 500 גרם, 12 יח'",ברקודים חדשים,
7290111930904,"מנה יא בע""מ",מנה,"קרטון חטיף פופ POOF כוכבים בצל 40 גרם, 24 יח'",ברקודים חדשים,
7290107978453,"מנה יא בע""מ",מנה,"קרטון קראנצוס גריל 70 גרם מופחת נתרן, 30 יח'",ברקודים חדשים,
7290111930805,"מנה יא בע""מ",מנה,"קרטון קראנצוס ברביקיו 70 גרם מופחת נתרן, 30 יח'",ברקודים חדשים,
7290111930799,"מנה יא בע""מ",מנה,"קרטון קראנצוס בצל 70 גרם מופחת נתרן, 30 יח'",ברקודים חדשים,
7290107978460,"מנה יא בע""מ",מנה,"קרטון קראנצוס פלאפל 70 גרם מופחת נתרן, 30 יח'",ברקודים חדשים,
7290111930850,"מנה יא בע""מ",מנה,"קרטון קראנצוס פיצה 70 גרם מופחת נתרן, 30 יח'",ברקודים חדשים,
7290111930812,"מנה יא בע""מ",מנה,"קרטון קראנצוס גריל 200 מופחת מלח, 20 יח'",ברקודים חדשים,
7290111930829,"מנה יא בע""מ",מנה,"קרטון קראנצוס ברביקיו מופחת נתרן 200 גרם, 20 יח'",ברקודים חדשים,
7290111930843,"מנה יא בע""מ",מנה,"קרטון קראנצוס בצל מופחת תרן, 200 גרם,20 יח'",ברקודים חדשים,
72900111930836,"מנה יא בע""מ",מנה,"קרטון קראנצוס מופחת נתרן פלאפל 200 גרם, 20 יח'",ברקודים חדשים,
7290111930997,"מנה יא בע""מ",מנה,"קרטון פירורי לחם מוזהבים 800 גרם, 8 יח'",ברקודים חדשים,
7290111930867,"מנה יא בע""מ",מנה,"קרטון קראנצוס מיקס מופחת מלח, 40 גרם, 30 יח'",ברקודים חדשים,
7290111932168,"מנה יא בע""מ",מנה,"קרטון קראנצוס גריל מופחת נתרן, 35 גרם , 60 יח'",ברקודים חדשים,
7290111932175,"מנה יא בע""מ",מנה,"קרטון קראנצוס ברביקיו מופחת נתרן, 35 גרם, 60 יח'",ברקודים חדשים,
7290013358356,"מנה יא בע""מ",מנה,קרטון פירורי לחם מוזהבים 350 גר' 12 יח',ברקודים חדשים,
7290013358363,"מנה יא בע""מ",מנה,קרטון פירורי לחם פנקו 300 גר' 12 יח',ברקודים חדשים,
7290013358370,"מנה יא בע""מ",מנה,קרטון פירורי לחם פנקו בטעם שום 300 גר' 12 יח',ברקודים חדשים,
7290013358486,"מנה יא בע""מ",מנה,"קרטון פירורי לחם מאסטר ללא ביצה 300 גרם, 12 יח'",ברקודים חדשים,
7290013358967,"מנה יא בע""מ",מנה,"קרטון קראנצוס מיקס 40 גרם, 30 יחידות",ברקודים חדשים,
7290003514571,"מנה יא בע""מ",מנה,קרטון פריכיות אורז עם מלח 100 גר' 24 יח',ברקודים חדשים,
7290003514588,"מנה יא בע""מ",מנה,קרטון פריכיות אורז ללא מלח 100 גר' 24 יח',ברקודים חדשים,
7290003514571,"מנה יא בע""מ",מנה,"קרטון פריכיות אורז עם מלח 100 גר' 24 יח' כשל""פ",ברקודים חדשים,
7290003514588,"מנה יא בע""מ",מנה,"קרטון פריכיות אורז ללא מלח 100 גר' 24 יח' כשל""פ",ברקודים חדשים,
7290013358806,"מנה יא בע""מ",מנה,"קרטון מאגדת פריכיות אורז עם מלח, 264 גרם, 8 יח'",ברקודים חדשים,
7290013358806,"מנה יא בע""מ",מנה,"קרטון מאגדת פריכיות עם מלח, 264 גרם, 8 יח' כשל""פ",ברקודים חדשים,
7290013358837,"מנה יא בע""מ",מנה,"קרטון מאגדת פריכיות אורז ללא מלח 264 גרם,8 יח'",ברקודים חדשים,
7290013358844,"מנה יא בע""מ",מנה,"קרטון פריכיות אורז עם מלח 2 ש""ח. 33 גרם,32 יח'",ברקודים חדשים,
7290107974844,"מנה יא בע""מ",מנה,"קרטון פריכיות כוסמת 90 גרם, 24 יח'",ברקודים חדשים,
729010792932,"מנה יא בע""מ",מנה,"קרטון מטבעות שוקולד חלב מאסטר שף 300 גרם, 10 יח'",ברקודים חדשים,
7290107972918,"מנה יא בע""מ",מנה,"קר מטבעות שוקולד מריר %60 מאסטר שף 300 גר,10 יח'",ברקודים חדשים,
7290107972949,"מנה יא בע""מ",מנה,"קרטון מטבעות שוקולד לבן מאסטר שף 300 גרם, 10 יח'",ברקודים חדשים,
7290107972925,"מנה יא בע""מ",מנה,"קרטון מטבעות שוקולד מריר %70 מ. שף 300 גר,10 יח'",ברקודים חדשים,
7290000078212,עינת מוצרי מזון,אסם,אסם קרוטונים מתובלים 12*250גרם,ברקודים חדשים,
7290000062952,עינת מוצרי מזון,אסם,אסם מיני קרוטונים למרק וסלט 12*250גרם,ברקודים חדשים,
7290006983152,עינת מוצרי מזון,אסם,אסם קרוטונים מתובלים 12*400גרם,ברקודים חדשים,
7290107875820,עינת מוצרי מזון,אסם,אסם קרוטונים אפויים לסלט בתיבול ביתי 180 גרם,ברקודים חדשים,
29424000298,מנעמים,מנעמים,ופל שוקו ללא סוכר 180 גרם,ברקודים חדשים,
29424000564,מנעמים,מנעמים,ופל לימון ללא סוכר 180 גרם,ברקודים חדשים,
7290003318100,מנעמים,מנעמים, מנעמים שוקו 200 גרם,ברקודים חדשים,
7290003318155,מנעמים,מנעמים,מנעמים לימון 200 גרם,ברקודים חדשים,
7290003318599,מנעמים,מנעמים, מנעמים ווניל 200 גרם,ברקודים חדשים,
7290003318131,מנעמים,מנעמים, מנעמים אגוז 200 גרם,ברקודים חדשים,
7290000212975,מנעמים,מנעמים,"ופל שוקו 1ק""ג-מנעמים",ברקודים חדשים,
7290000212579,מנעמים,מנעמים,ופל מצופה ק.שוקו 20גר40Xיח,ברקודים חדשים,
29424000687,מנעמים,מנעמים,"גלילי מנ' אגוז 100 ג""ר בד""צ",ברקודים חדשים,
29424000854,מנעמים,מנעמים,"גלילי מנ' שוקו 100 ג""ר בד""צ",ברקודים חדשים,
7290000212593,מנעמים,מנעמים,גביעי גלידה  מנעמים 30 יח 120 גר,ברקודים חדשים,